material_id,y_true,gnn_pred,hybrid_pred,abs_diff_gnn_vs_hybrid,gnn_error,hybrid_error,which_is_better
mp-10014,1.4400585889816284,1.2158851623535156,1.3626991949163725,0.14681403256285686,0.2241734266281128,0.07735939406525594,hybrid_better
mp-1002081,1.1622058153152466,1.1470691204071044,1.1912683791580498,0.044199258750945436,0.015136694908142179,0.029062563842803257,gnn_better
mp-10039,1.7902992963790894,1.7832817554473877,1.6966865027744056,0.08659525267298207,0.0070175409317017046,0.09361279360468377,gnn_better
mp-10041,1.55808424949646,1.6337214708328247,1.5566582766922479,0.07706319414057683,0.07563722133636475,0.0014259728042120834,hybrid_better
mp-10055,2.4943480491638184,2.4509997367858887,2.4743949151540083,0.023395178368119662,0.04334831237792969,0.019953134009810025,hybrid_better
mp-10060,2.1570727825164795,2.157273292541504,2.13934476945226,0.017928523089243864,0.00020051002502441406,0.01772801306421945,gnn_better
mp-1006146,1.5136170387268066,1.5588612794876098,1.5838899784688922,0.02502869898128246,0.045244240760803134,0.0702729397420856,gnn_better
mp-1006880,1.8637688159942627,1.7567766189575196,1.8050664079745573,0.04828978901703773,0.10699219703674312,0.05870240801970539,hybrid_better
mp-1007821,2.298245906829834,2.2194682121276856,2.276347236276862,0.05687902414917634,0.07877769470214835,0.02189867055297201,hybrid_better
mp-1007908,1.4736183881759644,1.6092490434646607,1.428778025484867,0.1804710179797937,0.13563065528869633,0.04484036269109737,hybrid_better
mp-1008223,1.5125643014907837,1.6596630096435547,1.6408166463622553,0.018846363281299405,0.14709870815277104,0.12825234487147164,hybrid_better
mp-1008282,2.35687255859375,2.347941017150879,2.341765939064258,0.006175078086620989,0.008931541442871005,0.015106619529491994,gnn_better
mp-1008285,2.378652334213257,2.382945156097412,2.3865701945813145,0.0036250384839022765,0.004292821884155362,0.007917860368057639,gnn_better
mp-1008349,2.4118518829345703,2.2971126556396486,2.3112252825104376,0.014112626870788958,0.1147392272949217,0.10062660042413274,hybrid_better
mp-1008554,1.9957009553909302,2.0512574672698975,2.078134401460981,0.02687693419108328,0.055556511878967374,0.08243344607005065,gnn_better
mp-1008557,2.4114716053009033,2.3721694946289062,2.3930075071653074,0.020838012536401163,0.03930211067199707,0.018464098135595908,hybrid_better
mp-10086,2.01842999458313,2.036339855194092,2.014737368116069,0.021602487078022925,0.017909860610962003,0.003692626467060922,hybrid_better
mp-1008653,2.1239562034606934,2.1927151679992676,2.0521683448179426,0.14054682318132494,0.06875896453857422,0.07178785864275072,gnn_better
mp-1008682,1.7784478664398193,2.019510793685913,1.9848052252468253,0.034705568439087564,0.24106292724609357,0.206357358807006,hybrid_better
mp-1008798,2.521923542022705,2.4874271392822265,2.4509722377735237,0.036454901508702786,0.034496402740478604,0.07095130424918139,gnn_better
mp-1008805,2.5421741008758545,2.4734707355499266,2.4964636177706305,0.022992882220703947,0.06870336532592791,0.045710483105223965,hybrid_better
mp-1008925,1.8010879755020142,2.071615743637085,2.085949523045599,0.014333779408514324,0.2705277681350706,0.28486154754358495,gnn_better
mp-1009078,2.4733774662017822,2.4147780895233155,2.4071775969272293,0.007600492596086195,0.05859937667846671,0.0661998692745529,gnn_better
mp-1009083,1.7466731071472168,1.7299146890640258,1.7630818835298174,0.03316719446579164,0.016758418083191007,0.01640877638260063,hybrid_better
mp-1009088,1.8387987613677979,1.810867977142334,1.8029416607663122,0.007926316376021703,0.02793078422546391,0.035857100601485614,gnn_better
mp-10092,1.6139580011367798,1.6356588363647462,1.6416786091441946,0.006019772779448429,0.021700835227966397,0.027720608007414826,gnn_better
mp-1009458,2.314779043197632,2.3174323558807375,2.351367497736912,0.03393514185617441,0.0026533126831056464,0.03658845453928006,gnn_better
mp-1009592,1.9727210998535156,2.094174861907959,2.054266933761578,0.039907928146381,0.12145376205444336,0.08154583390806236,hybrid_better
mp-1009695,2.0843582153320312,2.1260451316833495,2.0818533525394427,0.04419177914390682,0.04168691635131827,0.002504862792588547,hybrid_better
mp-1009731,2.5976481437683105,2.6127763748168946,2.5460513856117584,0.06672498920513625,0.015128231048584073,0.05159675815655218,gnn_better
mp-1009735,2.6138598918914795,2.589639139175415,2.5656353018121503,0.024003837363264946,0.024220752716064275,0.04822459007932922,gnn_better
mp-1009746,1.8045482635498047,1.8462441682815551,1.7559557985111016,0.09028836977045351,0.041695904731750444,0.04859246503870307,gnn_better
mp-1009894,2.1639034748077393,2.2024399280548095,2.2010336357603633,0.0014062922944462208,0.038536453247070224,0.037130160952624,hybrid_better
mp-10102,1.4641019105911255,1.274150538444519,1.2813416860844415,0.007191147639922457,0.1899513721466064,0.18276022450668394,hybrid_better
mp-10115,2.4072105884552,2.4107134342193604,2.408956228272249,0.0017572059471113732,0.0035028457641601562,0.001745639817048783,hybrid_better
mp-10132,2.4704737663269043,2.4276110172271728,2.4662434031341736,0.0386323859070008,0.042862749099731534,0.004230363192730735,hybrid_better
mp-1013528,1.5626853704452515,1.5132803916931152,1.3500165257647883,0.16326386592832698,0.04940497875213623,0.2126688446804632,gnn_better
mp-1013529,1.670236587524414,1.6402196645736695,1.6142706846194954,0.025948979954174112,0.03001692295074454,0.05596590290491865,gnn_better
mp-1013540,1.5565557479858398,1.4276181221008302,1.4057115768236614,0.021906545277168732,0.12893762588500968,0.1508441711621784,gnn_better
mp-1013548,1.7608369588851929,1.7524770498275757,1.7249351955991394,0.027541854228436247,0.008359909057617188,0.035901763286053434,gnn_better
mp-1013554,1.6927059888839722,1.7308156967163086,1.6783143466008403,0.052501350115468304,0.03810970783233647,0.014391642283131834,hybrid_better
mp-1013555,1.677862286567688,1.7155293226242065,1.6422601143685653,0.0732692082556412,0.037667036056518555,0.03560217219912265,hybrid_better
mp-1013588,1.5014153718948364,1.5064629793167115,1.517161516509172,0.010698537192460611,0.005047607421875044,0.015746144614335655,gnn_better
mp-1013712,1.2948628664016724,1.2034132957458497,1.293520463807931,0.0901071680620813,0.09144957065582271,0.0013424025937414097,hybrid_better
mp-1014168,1.2476541996002197,1.300431728363037,1.1650703576975583,0.13536137066547882,0.05277752876281738,0.08258384190266144,gnn_better
mp-1014307,2.3372695446014404,2.3181319713592528,2.3463046941765233,0.028172722817270568,0.019137573242187678,0.00903514957508289,hybrid_better
mp-10162,1.7643107175827026,1.7624505043029786,1.773672259593225,0.011221755290246493,0.0018602132797240767,0.009361542010522417,gnn_better
mp-1016296,1.5944256782531738,1.623467469215393,1.6618273107574317,0.03835984154203875,0.02904179096221915,0.0674016325042579,gnn_better
mp-1016329,1.5902955532073975,1.5958706617355347,1.6056541794417611,0.00978351770622643,0.0055751085281372514,0.015358626234363681,gnn_better
mp-1016821,2.2451398372650146,2.215052843093872,2.165793609613128,0.049259233480744236,0.030086994171142578,0.07934622765188681,gnn_better
mp-1016827,2.269162654876709,2.2290370941162108,2.203642549185208,0.025394544931002905,0.040125560760498225,0.06552010569150113,gnn_better
mp-1016903,2.261824131011963,2.2841936111450196,2.278184458982838,0.006009152162181675,0.02236948013305673,0.016360327970875055,hybrid_better
mp-1016928,2.362489938735962,2.2760154724121096,2.279669003084014,0.003653530671904548,0.08647446632385236,0.08282093565194781,hybrid_better
mp-1016930,2.280334711074829,2.27791543006897,2.238340225376566,0.039575204692404053,0.0024192810058591974,0.04199448569826325,gnn_better
mp-1017511,2.453608751296997,2.365426254272461,2.3447990432895645,0.02062721098289666,0.08818249702453596,0.10880970800743262,gnn_better
mp-1017514,2.3482892513275146,2.32196159362793,2.2722966350170912,0.04966495861083864,0.026327657699584783,0.07599261631042342,gnn_better
mp-1017626,1.900569200515747,1.884400987625122,1.902579293534696,0.018178305909573922,0.01616821289062509,0.002010093018948833,hybrid_better
mp-10180,1.8352909088134766,1.7281127214431762,1.7758722926437358,0.047759571200559625,0.10717818737030038,0.05941861616974076,hybrid_better
mp-1018009,1.652575135231018,1.588038730621338,1.553719227222116,0.03431950339922185,0.06453640460968013,0.09885590800890198,gnn_better
mp-1018024,2.3126089572906494,2.2475348472595216,2.2630154084135885,0.01548056115406693,0.06507411003112784,0.04959354887706091,hybrid_better
mp-1018028,2.145174741744995,2.1786382675170897,2.1152984323750226,0.06333983514206709,0.03346352577209455,0.029876309369972542,hybrid_better
mp-1018053,1.8364760875701904,1.899143362045288,1.8678364546071566,0.03130690743813136,0.06266727447509757,0.03136036703696621,hybrid_better
mp-1018054,2.364222526550293,2.435384750366211,2.353210255762228,0.08217449460398285,0.07116222381591797,0.011012270788064882,hybrid_better
mp-1018057,2.067636251449585,2.1160379886627196,2.159033178271094,0.04299518960837423,0.04840173721313468,0.0913969268215089,gnn_better
mp-1018060,2.2480714321136475,2.2397406578063963,2.2815042177475133,0.04176355994111702,0.008330774307251154,0.03343278563386587,gnn_better
mp-1018066,2.224822998046875,2.205992412567139,2.258969763174671,0.05297735060753217,0.01883058547973615,0.03414676512779602,gnn_better
mp-1018082,2.239992380142212,2.1810958862304686,2.213406885583238,0.032310999352769265,0.05889649391174334,0.026585494558974077,hybrid_better
mp-1018083,1.5862946510314941,1.580992007255554,1.6747348829982993,0.0937428757427452,0.00530264377594003,0.08844023196680517,gnn_better
mp-1018089,1.6161707639694214,1.6248600244522096,1.6539519600445096,0.029091935592300056,0.008689260482788175,0.03778119607508823,gnn_better
mp-1018133,1.9151675701141357,2.004120135307312,1.8830502669460452,0.12106986836126676,0.08895256519317618,0.03211730316809058,hybrid_better
mp-1018138,0.9620850682258606,0.9815482020378112,1.0721397621334645,0.09059156009565328,0.01946313381195064,0.11005469390760392,gnn_better
mp-1018148,2.0702927112579346,2.072273015975952,2.0655996315366076,0.00667338443934451,0.001980304718017578,0.0046930797213269315,gnn_better
mp-1018179,2.1059086322784424,2.1746004104614256,2.124294281911538,0.050306128549887585,0.06869177818298322,0.018385649633095635,hybrid_better
mp-1018629,2.1858367919921875,2.1510744094848633,2.189845736452594,0.03877132696773078,0.03476238250732422,0.0040089444604065605,hybrid_better
mp-1018647,1.9993089437484741,2.1583844661712646,2.075157992412621,0.08322647375864367,0.15907552242279044,0.07584904866414677,hybrid_better
mp-1018718,2.4342830181121826,2.465312433242798,2.401304564210827,0.06400786903197098,0.031029415130615412,0.032978453901355564,gnn_better
mp-1018814,1.7662789821624756,1.7446054458618163,1.7584556162087612,0.013850170346944912,0.02167353630065927,0.007823365953714356,hybrid_better
mp-10189,1.5478854179382324,1.599057149887085,1.590690220652291,0.008366929234793874,0.051171731948852495,0.04280480271405862,hybrid_better
mp-1018902,1.9385998249053955,1.8613640785217285,1.961787745854042,0.10042366733231356,0.07723574638366704,0.023187920948646523,hybrid_better
mp-1018949,1.1931246519088745,1.2373993158340455,1.130946278234735,0.10645303759931046,0.04427466392517099,0.062178373674139475,gnn_better
mp-1019054,2.542536735534668,2.4711045742034914,2.493008207270177,0.021903633066685746,0.07143216133117658,0.049528528264490834,hybrid_better
mp-1019055,2.5843911170959473,2.5564341068267824,2.5086725981379274,0.04776150868885498,0.02795701026916486,0.07571851895801984,gnn_better
mp-1019358,1.9905431270599365,1.9104876279830934,2.000882158196348,0.0903945302132545,0.08005549907684317,0.010339031136411325,hybrid_better
mp-1019541,1.958061933517456,1.8781523942947387,1.8624011356849253,0.015751258609813412,0.07990953922271737,0.09566079783253079,gnn_better
mp-1019564,1.6169164180755615,1.6932469129562377,1.6793139510384194,0.013932961917818343,0.07633049488067623,0.06239753296285788,hybrid_better
mp-10196,2.4321272373199463,2.4515448093414305,2.4017440986034124,0.04980071073801806,0.019417572021484197,0.030383138716533864,gnn_better
mp-10197,2.295626401901245,2.338059902191162,2.306213049773884,0.031846852417277915,0.04243350028991699,0.010586647872639077,hybrid_better
mp-1019743,2.3146424293518066,2.268724536895752,2.2757662395240343,0.007041702628282298,0.0459178924560546,0.0388761898277723,hybrid_better
mp-1020622,2.153430700302124,2.1740181922912596,2.1797256045042492,0.005707412212989649,0.020587491989135565,0.026294904202125213,gnn_better
mp-1021323,2.147005081176758,2.144435739517212,2.139866364134204,0.004569375383007834,0.0025693416595458096,0.007138717042553644,gnn_better
mp-1021499,1.8799670934677124,1.8520288705825805,1.8689542009201294,0.01692533033754895,0.027938222885131925,0.011012892547582975,hybrid_better
mp-1022723,2.163069009780884,2.1809521675109864,2.151850718493372,0.029101449017614467,0.017883157730102628,0.011218291287511839,hybrid_better
mp-1022725,1.663766860961914,1.6234548807144165,1.6333462753114698,0.009891394597053349,0.0403119802474976,0.030420585650444254,hybrid_better
mp-1022728,2.051032781600952,1.8657722473144531,1.8957302620972487,0.029958014782795583,0.18526053428649902,0.15530251950370344,hybrid_better
mp-1023129,1.5854156017303467,1.435695481300354,1.4952359834485995,0.05954050214824558,0.14972012042999272,0.09017961828174714,hybrid_better
mp-1023161,1.6206356287002563,1.6426035642623902,1.6694802199808643,0.026876655718474085,0.021967935562133833,0.04884459128060792,gnn_better
mp-1023319,1.5413296222686768,1.5375314474105835,1.5603858258748837,0.022854378464300273,0.003798174858093306,0.019056203606206967,gnn_better
mp-1023366,1.5294431447982788,1.5272158622741698,1.5615141954321938,0.034298333158024,0.0022272825241089755,0.03207105063391502,gnn_better
mp-1023934,0.966704785823822,1.2922467231750487,1.4277963239065645,0.13554960073151578,0.3255419373512267,0.4610915380827425,gnn_better
mp-1024071,2.31182599067688,2.336691379547119,2.3247858135925843,0.011905565954534847,0.024865388870239258,0.012959822915704411,hybrid_better
mp-10244,2.1703555583953857,2.1368954181671143,2.120476068293533,0.01641934987358118,0.033460140228271484,0.049879490101852664,gnn_better
mp-10247,2.352790117263794,2.2988605976104735,2.378315130130154,0.07945453251968049,0.05392951965332049,0.025525012866359997,hybrid_better
mp-1025010,2.1667792797088623,2.156375789642334,2.100650146969484,0.05572564267284985,0.010403490066528409,0.06612913273937826,gnn_better
mp-1025071,2.3667049407958984,2.442622995376587,2.322842850694051,0.11978014468253617,0.07591805458068857,0.043862090101847606,hybrid_better
mp-1025077,1.8830307722091675,1.8666886329650878,1.8396045943463428,0.027084038618744977,0.01634213924407968,0.043426177862824655,gnn_better
mp-1025116,2.03839373588562,2.0308646678924562,2.029260979984209,0.0016036879082470534,0.007529067993163885,0.009132755901410938,gnn_better
mp-1025126,1.8590362071990967,1.8104631185531617,1.852362650289298,0.041899531736136364,0.048573088645935014,0.00667355690979865,hybrid_better
mp-1025150,1.4857498407363892,1.3209102153778076,1.3406701979017934,0.01975998252398581,0.16483962535858154,0.14507964283459573,hybrid_better
mp-1025172,1.9853590726852417,1.9752057790756226,1.9935961060369691,0.01839032696134657,0.01015329360961914,0.00823703335172743,hybrid_better
mp-1025190,2.0033011436462402,1.8430601119995118,1.9029216845740813,0.05986157257456948,0.16024103164672843,0.10037945907215895,hybrid_better
mp-1025208,1.5642635822296143,1.6083244562149048,1.5606429537477793,0.04768150246712555,0.04406087398529057,0.0036206284818349754,hybrid_better
mp-1025212,2.276932716369629,2.2747674942016602,2.2916946787832373,0.01692718458157705,0.002165222167968661,0.014761962413608387,gnn_better
mp-1025219,1.6631447076797485,1.690890908241272,1.6918302741050717,0.0009393658637997238,0.027746200561523438,0.02868556642532316,gnn_better
mp-1025223,2.0657365322113037,2.0572941303253174,2.0349416392512256,0.022352491074091763,0.008442401885986328,0.03079489296007809,gnn_better
mp-1025237,1.984405755996704,2.0552291870117188,2.0095826711586087,0.04564651585311008,0.07082343101501465,0.025176915161904567,hybrid_better
mp-1025242,1.968604326248169,1.9561544418334962,1.9556523529084724,0.0005020889250237914,0.012449884414672763,0.012951973339696554,gnn_better
mp-1025246,2.2236855030059814,2.2611353397369385,2.2403903812358044,0.020744958501134114,0.03744983673095703,0.016704878229822917,hybrid_better
mp-1025280,1.9536824226379395,1.9578318834304809,1.8840680457554462,0.0737638376750347,0.004149460792541415,0.06961437688249328,gnn_better
mp-1025288,1.9642407894134521,1.9271845817565918,1.9541077482478513,0.026923166491259476,0.03705620765686035,0.010133041165600876,hybrid_better
mp-1025293,2.1607415676116943,2.1402103900909424,2.1422719015258656,0.002061511434923169,0.020531177520751953,0.018469666085828784,hybrid_better
mp-1025296,2.1887850761413574,2.1563744068145754,2.1735016458840395,0.017127239069464117,0.03241066932678205,0.015283430257317931,hybrid_better
mp-1025321,1.28046452999115,1.2714118480682373,1.2190594057571578,0.052352442311079495,0.009052681922912642,0.06140512423399214,gnn_better
mp-1025322,1.8830307722091675,1.8911652326583863,1.8610069235586042,0.03015830909978212,0.008134460449218839,0.022023848650563282,gnn_better
mp-1025335,1.9922529458999634,1.9894172191619872,2.0027308642586137,0.01331364509662647,0.002835726737976163,0.010477918358650307,gnn_better
mp-1025356,2.2882492542266846,2.3066384315490724,2.2794866513484067,0.027151780200665776,0.018389177322387873,0.008762602878277903,hybrid_better
mp-1025360,1.777521014213562,1.5981322050094604,1.5723916314951674,0.02574057351429304,0.1793888092041016,0.20512938271839465,gnn_better
mp-1025372,2.192918539047241,2.1955446720123293,2.213860250635268,0.018315578622938755,0.0026261329650880683,0.020941711588026823,gnn_better
mp-1025478,2.005913734436035,2.1220029830932616,2.048279455351862,0.07372352774139967,0.11608924865722647,0.0423657209158268,hybrid_better
mp-1025497,2.2424123287200928,2.2934765815734863,2.3375795235658647,0.04410294199237841,0.051064252853393555,0.09516719484577196,gnn_better
mp-1025799,1.1431397199630737,1.3195023775100707,1.3484812714175614,0.028978893907490644,0.17636265754699698,0.20534155145448763,gnn_better
mp-1027,2.3327796459198,2.37316780090332,2.327992959780823,0.045174841122497256,0.04038815498352033,0.0047866861389769255,hybrid_better
mp-1029258,2.088486909866333,2.0408903121948243,2.0440966890170453,0.0032063768222210243,0.0475965976715087,0.044390220849287676,hybrid_better
mp-1029313,1.9765517711639404,1.7711986780166626,1.7570944428061845,0.0141042352104781,0.2053530931472778,0.2194573283577559,gnn_better
mp-1029338,2.1686065196990967,2.1995831966400146,2.2226261616408642,0.02304296500084968,0.03097667694091788,0.05401964194176756,gnn_better
mp-1029368,2.109497547149658,2.0865268230438234,2.0441521701735903,0.04237465287023312,0.022970724105834783,0.0653453769760679,gnn_better
mp-1029424,2.1282215118408203,2.159277057647705,2.1756322866454694,0.016355228997764204,0.031055545806884854,0.04741077480464906,gnn_better
mp-1029562,1.932021975517273,1.9262905597686768,1.8801202221542184,0.046170337614458434,0.005731415748596147,0.05190175336305458,gnn_better
mp-1029633,1.9796075820922852,1.9088375329971314,1.8776441995115067,0.031193333485624697,0.07077004909515372,0.10196338258077842,gnn_better
mp-1029699,1.2506638765335083,1.2263086080551147,1.2970481222820318,0.07073951422691716,0.024355268478393644,0.04638424574852351,gnn_better
mp-1029779,2.172830581665039,2.2052662849426268,2.182136661812708,0.02312962312991873,0.03243570327758771,0.009306080147668983,hybrid_better
mp-1029868,1.9103468656539917,1.9901695013046266,1.9939738824402629,0.0038043811356363033,0.07982263565063485,0.08362701678627116,gnn_better
mp-103,2.034576416015625,1.9783482551574707,2.0690856153761397,0.09073736021866896,0.0562281608581543,0.034509199360514664,hybrid_better
mp-10300,2.29528546333313,2.2974003314971925,2.249436735008961,0.04796359648823145,0.002114868164062589,0.045848728324168864,gnn_better
mp-1031,1.7250372171401978,1.7179162979125977,1.753372331889032,0.035456033976434265,0.007120919227600053,0.02833511474883421,gnn_better
mp-10314,1.7770133018493652,1.8667068004608154,1.7841298158939174,0.08257698456689799,0.08969349861145015,0.007116514044552158,hybrid_better
mp-1038,1.9613356590270996,1.9194884300231934,1.9244595685826744,0.004971138559481059,0.04184722900390625,0.03687609044442519,hybrid_better
mp-1041194,1.9115890264511108,1.9316177845001221,1.922226329792703,0.0093914547074192,0.020028758049011275,0.010637303341592075,hybrid_better
mp-1041411,1.9322048425674438,1.8984687089920045,1.9123494069398803,0.01388069794787583,0.033736133575439364,0.019855435627563534,hybrid_better
mp-1042098,0.8422346711158752,0.8381550908088684,0.948668226993979,0.1105131361851106,0.004079580307006836,0.10643355587810377,gnn_better
mp-10422,1.6806527376174927,1.452020287513733,1.5533444912062904,0.10132420369255746,0.22863245010375977,0.1273082464112023,hybrid_better
mp-10437,1.8291622400283813,1.7008807182312011,1.639716262006259,0.06116445622494204,0.12828152179718022,0.18944597802212226,gnn_better
mp-10440,2.310006856918335,2.2636873722076416,2.226361711804356,0.03732566040328544,0.04631948471069336,0.0836451451139788,gnn_better
mp-10446,1.8540691137313843,1.8544589042663575,1.8395146293461422,0.014944274920215328,0.00038979053497323335,0.014554484385242095,gnn_better
mp-10457,2.2286107540130615,2.213914918899536,2.1869279608396948,0.026986958059841193,0.014695835113525568,0.04168279317336676,gnn_better
mp-1052,1.8513256311416626,1.941326665878296,1.883499610212932,0.05782705566536395,0.09000103473663335,0.0321739790712694,hybrid_better
mp-10550,1.9722260236740112,1.9354226112365722,1.9564694860193874,0.021046874782815195,0.03680341243743901,0.015756537654623815,hybrid_better
mp-10616,1.532537817955017,1.5585278272628784,1.5446738700951148,0.013853957167763609,0.025990009307861328,0.01213605214009772,hybrid_better
mp-10627,1.7142627239227295,1.722758150100708,1.6274773786841443,0.09528077141656377,0.008495426177978604,0.08678534523858517,gnn_better
mp-1064554,2.0492103099823,1.9899850606918335,2.0776810937800585,0.08769603308822504,0.05922524929046635,0.028470783797758692,hybrid_better
mp-1064719,1.8280408382415771,1.821027970314026,1.820797932906648,0.00023003740737803646,0.007012867927551181,0.007242905334929217,gnn_better
mp-10651,1.7467820644378662,1.9741636276245118,1.8287522039072335,0.14541142371727833,0.2273815631866456,0.08197013946936726,hybrid_better
mp-10669,1.5200116634368896,1.5545232057571412,1.5360138607865277,0.018509344970613517,0.034511542320251554,0.016002197349638037,hybrid_better
mp-10677,1.8424968719482422,1.8473658561706543,1.8816829397785093,0.034317083607855015,0.004868984222412109,0.039186067830267124,gnn_better
mp-1069604,2.016690731048584,2.0124650478363035,1.933437594726173,0.07902745311013049,0.004225683212280451,0.08325313632241094,gnn_better
mp-10708,2.264688014984131,2.2530035972595215,2.2603903327642327,0.00738673550471125,0.011684417724609375,0.004297682219898125,hybrid_better
mp-10711,2.2441089153289795,2.24485239982605,2.2434658026881897,0.0013865971378601571,0.0007434844970704013,0.0006431126407897558,hybrid_better
mp-10721,2.0838751792907715,2.2843533039093016,2.273856830011695,0.010496473897606773,0.2004781246185301,0.18998165072092332,hybrid_better
mp-10732,2.383449077606201,2.278498649597168,2.289467475989691,0.010968826392522946,0.1049504280090332,0.09398160161651026,hybrid_better
mp-10738,2.089827537536621,2.0564642906188966,2.0401627571484093,0.01630153347048724,0.03336324691772452,0.04966478038821176,gnn_better
mp-10740,1.976680040359497,1.709598684310913,1.8641342745938652,0.15453559028295216,0.2670813560485841,0.11254576576563191,hybrid_better
mp-10746,1.9832743406295776,1.9484486341476441,1.9758675816155553,0.02741894746791118,0.034825706481933505,0.007406759014022324,hybrid_better
mp-1077929,2.09441876411438,2.1136662483215334,2.1296958654695834,0.016029617148050068,0.019247484207153498,0.035277101355203566,gnn_better
mp-10782,1.533390760421753,1.5744966506958007,1.4873145976037594,0.0871820530920413,0.04110589027404776,0.04607616281799354,gnn_better
mp-1078600,1.6287668943405151,1.7848981380462647,1.720080223054388,0.06481791499187683,0.1561312437057496,0.09131332871387277,hybrid_better
mp-10849,1.9813427925109863,2.0226091623306273,2.0317931982649724,0.009184035934345136,0.041266369819640936,0.05045040575398607,gnn_better
mp-10850,1.8997493982315063,1.9287869453430175,1.902100708105089,0.026686237237928623,0.029037547111511186,0.0023513098735825633,hybrid_better
mp-10853,2.223482847213745,2.2053564548492433,2.187746733344354,0.017609721504889375,0.018126392364501864,0.03573611386939124,gnn_better
mp-10854,2.249826669692993,2.2571942806243896,2.238547655158409,0.018646625465980726,0.007367610931396484,0.011279014534584242,gnn_better
mp-1087,1.685455083847046,1.7363298654556274,1.634157650886113,0.10217221456951431,0.0508747816085815,0.05129743296093281,gnn_better
mp-10872,2.1524627208709717,2.076993227005005,2.094027404865926,0.017034177860921318,0.0754694938659668,0.05843531600504548,hybrid_better
mp-10883,2.299513816833496,2.2782545566558836,2.2720543607529127,0.00620019590297094,0.021259260177612482,0.027459456080583422,gnn_better
mp-10884,2.2734782695770264,2.2702462673187256,2.284458130766126,0.01421186344740022,0.0032320022583007812,0.010979861189099438,gnn_better
mp-10886,1.9907959699630737,2.028615951538086,1.9932354710900335,0.03538048044805242,0.03781998157501221,0.0024395011269597866,hybrid_better
mp-10924,2.3090081214904785,2.2518546104431154,2.228372241520831,0.02348236892228428,0.057153511047363104,0.08063587996964738,gnn_better
mp-1093,1.9362925291061401,1.8649002075195313,1.9521739856857425,0.08727377816621118,0.0713923215866088,0.015881456579602382,hybrid_better
mp-10930,2.0238735675811768,2.0758766174316405,2.000875328951515,0.07500128848012544,0.05200304985046378,0.02299823862966166,hybrid_better
mp-10952,1.8100980520248413,1.8680783748626708,1.8096007166580477,0.05847765820462314,0.0579803228378295,0.0004973353667936387,hybrid_better
mp-10965,1.8304026126861572,1.775585126876831,1.8056217069051477,0.030036580028316662,0.054817485809326216,0.024780905781009555,hybrid_better
mp-10985,1.624869704246521,1.5703535556793213,1.5735057978045386,0.0031522421252172528,0.05451614856719966,0.05136390644198241,hybrid_better
mp-1101156,2.3465583324432373,2.3380939960479736,2.312737302501738,0.025356693546235487,0.008464336395263672,0.03382102994149916,gnn_better
mp-1102585,2.442272663116455,2.3789469242095946,2.4148822393951788,0.03593531518558413,0.06332573890686044,0.027390423721276314,hybrid_better
mp-11029,2.0192575454711914,1.9956088542938233,2.001075709659271,0.005466855365447776,0.02364869117736812,0.018181835811920344,hybrid_better
mp-11073,2.0909242630004883,2.1270235538482667,2.11826688080719,0.008756673041076635,0.03609929084777841,0.027342617806701774,hybrid_better
mp-1113,2.5179240703582764,2.509705114364624,2.535645552349062,0.025940437984438347,0.008218955993652521,0.017721481990785826,gnn_better
mp-1114,2.2287211418151855,2.2464554786682127,2.142380236763153,0.1040752419050599,0.017734336853027166,0.08634090505203273,gnn_better
mp-11157,1.7573657035827637,1.7400349617004394,1.7381942487345365,0.0018407129659028243,0.017330741882324308,0.019171454848227132,gnn_better
mp-1118,2.2819418907165527,2.279128408432007,2.2929943714450376,0.013865963013030669,0.0028134822845458096,0.01105248072848486,gnn_better
mp-11190,2.2421810626983643,2.2449971199035645,2.243383227195015,0.0016138927085496135,0.002816057205200284,0.0012021644966506706,hybrid_better
mp-11192,2.2664175033569336,2.243534803390503,2.2593317209985093,0.01579691760800639,0.022882699966430664,0.007085782358424275,hybrid_better
mp-11209,1.9138191938400269,1.7900532245635987,1.8799835744525097,0.08993034988891102,0.12376596927642813,0.03383561938751711,hybrid_better
mp-1121,2.240119695663452,2.200612735748291,2.247604159145623,0.046991423397331644,0.039506959915160955,0.007484463482170689,hybrid_better
mp-11230,1.7390657663345337,1.741341805458069,1.76690481040919,0.02556300495112107,0.002276039123535245,0.027839044074656316,gnn_better
mp-11233,2.0370798110961914,2.028494453430176,2.031056956296413,0.0025625028662372706,0.008585357666015536,0.0060228547997782655,hybrid_better
mp-11235,1.6748428344726562,1.6540279388427734,1.6583754903451549,0.004347551502381419,0.020814895629882812,0.016467344127501393,hybrid_better
mp-11243,1.9306994676589966,1.9460549354553223,1.8940739471120183,0.051980988343304,0.015355467796325684,0.03662552054697832,gnn_better
mp-11277,2.03593373298645,2.0321613550186157,2.065110279887308,0.0329489248686925,0.0037723779678344727,0.029176546900858025,gnn_better
mp-11278,2.269207000732422,2.2834914684295655,2.3132274398455634,0.02973597141599793,0.014284467697143644,0.044020439113141574,gnn_better
mp-11300,1.8628764152526855,1.8303436279296874,1.8670888888002708,0.036745260870583385,0.032532787322998136,0.004212473547585249,hybrid_better
mp-11328,2.2746312618255615,2.2325014591217043,2.219701986033674,0.012799473088030311,0.042129802703857244,0.054929275791887555,gnn_better
mp-11329,2.277324914932251,2.285023498535156,2.3167965578093535,0.03177305927419738,0.007698583602905096,0.039471642877102475,gnn_better
mp-11351,1.9407604932785034,1.9430768013000488,1.924810640532506,0.018266160767542727,0.0023163080215453657,0.01594985274599736,gnn_better
mp-1136,1.3470957279205322,1.3431455373764039,1.3845356158073003,0.04139007843089648,0.0039501905441283736,0.03743988788676811,gnn_better
mp-11363,2.039957046508789,2.0490995407104493,1.9987250315001988,0.05037450921025055,0.009142494201660245,0.041232015008590306,gnn_better
mp-11382,2.010354995727539,2.0820030689239504,2.059063983240067,0.022939085683883587,0.07164807319641131,0.048708987512527724,hybrid_better
mp-1140,2.0080931186676025,2.000676083564758,1.9862896960752177,0.014386387489540464,0.007417035102844416,0.02180342259238488,gnn_better
mp-11411,1.884512186050415,1.9191374778747559,1.9047112034264937,0.014426274448262166,0.03462529182434082,0.020199017376078654,hybrid_better
mp-11430,1.793503999710083,1.783246111869812,1.7843420016064535,0.001095889736641542,0.01025788784027104,0.009161998103629498,hybrid_better
mp-1145,2.40520977973938,2.4149813652038574,2.4015830459461514,0.01339831925770607,0.009771585464477539,0.0036267337932285315,hybrid_better
mp-11456,2.3617618083953857,2.4333449363708497,2.353009953341295,0.08033498302955477,0.07158312797546396,0.008751855054090818,hybrid_better
mp-11488,1.6704870462417603,1.6522916555404663,1.6352295221640525,0.017062133376413824,0.018195390701293945,0.03525752407770777,gnn_better
mp-11496,1.8318634033203125,1.8678093671798706,1.8370557640235332,0.03075360315633735,0.03594596385955806,0.005192360703220711,hybrid_better
mp-1150,2.3309695720672607,2.2854828357696535,2.360280180288391,0.07479734451873732,0.045486736297607244,0.029310608221130074,hybrid_better
mp-11508,2.131753444671631,2.083037567138672,2.053017036125566,0.030020531013105867,0.04871587753295881,0.07873640854606467,gnn_better
mp-11533,2.211181879043579,2.2040736198425295,2.1685467601469144,0.03552685969561509,0.007108259201049627,0.042635118896664714,gnn_better
mp-11537,2.3626255989074707,2.353474807739258,2.348334644703999,0.005140163035258993,0.009150791168212713,0.014290954203471706,gnn_better
mp-11564,2.074714183807373,2.077859401702881,2.037677274312422,0.04018212739045879,0.0031452178955078125,0.037036909494950976,gnn_better
mp-11565,2.2522435188293457,2.2410937786102294,2.2462808162916845,0.00518703768145512,0.0111497402191163,0.00596270253766118,hybrid_better
mp-1157,2.328742265701294,2.3219367980957033,2.3492099987493233,0.027273200653620044,0.006805467605590643,0.020467733048029402,gnn_better
mp-1158,2.128735303878784,2.163124513626099,2.1339215749407456,0.029202938685353175,0.03438920974731463,0.005186271061961456,hybrid_better
mp-11584,1.6979089975357056,1.665273404121399,1.714632628716484,0.049359224595084905,0.03263559341430655,0.016723631180778353,hybrid_better
mp-11593,2.3869998455047607,2.3801708698272703,2.3535969684029663,0.026573901424304047,0.006828975677490412,0.03340287710179446,gnn_better
mp-11652,1.7666507959365845,2.0360554695129394,1.7498558301307625,0.28619963938217685,0.2694046735763549,0.01679496580582196,hybrid_better
mp-11687,1.4003134965896606,1.3196959018707275,1.3499247134045032,0.030228811533775657,0.08061759471893315,0.05038878318515749,hybrid_better
mp-117,1.5545860528945923,1.5515938997268677,1.5172328870533422,0.034361012673525426,0.0029921531677246094,0.037353165841250036,gnn_better
mp-1172,2.0620365142822266,2.0881630897521974,2.0711341039168465,0.01702898583535095,0.02612657546997088,0.00909758963461993,hybrid_better
mp-1176,1.8017466068267822,1.8069769859313964,1.790993790946762,0.01598319498463452,0.005230379104614213,0.010752815880020306,gnn_better
mp-11808,2.147475242614746,2.12284893989563,2.130566461381052,0.00771752148542193,0.024626302719116033,0.016908781233694103,hybrid_better
mp-11816,1.5396655797958374,1.5652884721755982,1.5414455799506626,0.02384289222493563,0.025622892379760787,0.0017800001548251565,hybrid_better
mp-11819,1.4910253286361694,1.4155660152435303,1.461985163826757,0.0464191485832266,0.07545931339263912,0.029040164809412516,hybrid_better
mp-11824,1.8007926940917969,1.8032376050949097,1.7785483648220832,0.024689240272826485,0.0024449110031128374,0.022244329269713647,gnn_better
mp-1186923,2.5171918869018555,2.531654214859009,2.53570242657955,0.0040482117205411505,0.014462327957153409,0.01851053967769456,gnn_better
mp-11879,1.6674156188964844,1.7513264894485474,1.7488894704837759,0.0024370189647715534,0.08391087055206303,0.08147385158729148,hybrid_better
mp-1189451,2.4916934967041016,2.4344847202301025,2.4161212673646846,0.018363452865417962,0.05720877647399902,0.07557222933941699,gnn_better
mp-1191630,2.350003719329834,2.3425236701965333,2.320510299365256,0.02201337083127708,0.007480049133300692,0.02949341996457777,gnn_better
mp-11977,1.7705206871032715,1.7244044303894044,1.7140198738455283,0.010384556543876045,0.0461162567138671,0.05650081325774314,gnn_better
mp-12006,2.0852584838867188,2.0453258514404298,2.0849791758448717,0.039653324404441914,0.039932632446288974,0.0002793080418470595,hybrid_better
mp-12055,1.6557433605194092,1.66908700466156,1.6790937680789515,0.010006763417391484,0.013343644142150834,0.02335040755954232,gnn_better
mp-12065,2.0828068256378174,2.0977288246154786,2.0875984010590005,0.010130423556478085,0.014921998977661222,0.004791575421183136,hybrid_better
mp-12070,2.0254452228546143,1.9345268726348877,1.935347865236879,0.0008209926019913105,0.0909183502197266,0.0900973576177353,hybrid_better
mp-12075,2.108142137527466,2.239796829223633,2.261170130227392,0.021373301003758893,0.13165469169616717,0.15302799269992606,gnn_better
mp-1210846,2.3387532234191895,2.3669606685638427,2.3335953307042816,0.033365337859561084,0.02820744514465323,0.005157892714907852,hybrid_better
mp-1215178,2.384951591491699,2.393281936645508,2.3538545650274942,0.039427371618013574,0.008330345153808594,0.03109702646420498,gnn_better
mp-1215209,2.4296698570251465,2.4211369514465333,2.389744155323748,0.03139279612278534,0.008532905578613192,0.03992570170139853,gnn_better
mp-1217898,2.4421958923339844,2.442093849182129,2.4329182903330464,0.009175558849082499,0.00010204315185546875,0.009277602000937968,gnn_better
mp-1217964,2.49849796295166,2.496803331375122,2.470107860639021,0.0266954707361009,0.0016946315765382636,0.028390102312639165,gnn_better
mp-1217975,2.4254298210144043,2.462164306640625,2.439372947062378,0.02279135957824696,0.036734485626220614,0.013943126047973653,hybrid_better
mp-12266,1.8732799291610718,1.8677683830261231,1.8275441359304385,0.04022424709568462,0.005511546134948642,0.04573579323063326,gnn_better
mp-1228634,2.4646997451782227,2.5041085720062255,2.4863857574369526,0.017722814569272938,0.03940882682800284,0.021686012258729903,hybrid_better
mp-1231,2.3371856212615967,2.333030080795288,2.302042516566603,0.030987564228685205,0.004155540466308505,0.03514310469499371,gnn_better
mp-1232339,2.1078813076019287,2.142665719985962,2.140149224955194,0.0025164950307678957,0.03478441238403329,0.032267917353265396,hybrid_better
mp-1236,1.7471009492874146,1.7232618570327758,1.7414687399267792,0.018206882894003407,0.02383909225463876,0.005632209360635354,hybrid_better
mp-12444,1.816658854484558,1.8881701946258544,1.8203909229133057,0.06777927171254872,0.07151134014129634,0.003732068428747626,hybrid_better
mp-12480,2.174745798110962,2.2271822929382323,2.2344665143667077,0.0072842214284754014,0.05243649482727042,0.05972071625574582,gnn_better
mp-1251,2.3665406703948975,2.383980083465576,2.3699329374619653,0.014047146003610678,0.017439413070678533,0.0033922670670678556,hybrid_better
mp-12516,1.7950801849365234,1.7895440340042115,1.7795919892969807,0.009952044707230767,0.005536150932311967,0.015488195639542734,gnn_better
mp-12546,2.149840831756592,2.198621892929077,2.1638719583401107,0.03474993458896636,0.04878106117248526,0.014031126583518905,hybrid_better
mp-1256,1.87057363986969,1.8698062419891357,1.8494323088465516,0.020373933142584066,0.0007673978805542436,0.02114133102313831,gnn_better
mp-12571,2.1679224967956543,2.18410120010376,2.1498617406566534,0.03423945944710649,0.016178703308105558,0.018060756139000933,gnn_better
mp-12585,2.363156795501709,2.378467559814453,2.3760236693834997,0.002443890430953388,0.01531076431274414,0.012866873881790752,hybrid_better
mp-12631,2.2591803073883057,2.2408199310302734,2.242021422612114,0.0012014915818405747,0.018360376358032227,0.017158884776191652,hybrid_better
mp-12657,2.0774152278900146,1.9768749952316285,2.0531968210803333,0.07632182584870484,0.10054023265838619,0.024218406809681348,hybrid_better
mp-12674,2.0554165840148926,2.0425310134887695,2.022303272659679,0.020227740829090735,0.012885570526123047,0.03311331135521378,gnn_better
mp-1272,2.424123525619507,2.392772102355957,2.416151922015242,0.02337981965928515,0.031351423263549894,0.007971603604264743,hybrid_better
mp-12723,1.6736382246017456,1.6726555347442627,1.671482826198453,0.001172708545809753,0.0009826898574829546,0.0021553984032927076,gnn_better
mp-12742,2.1108386516571045,2.1080756187438965,2.1311592253304763,0.02308360658657982,0.002763032913208008,0.02032057367337181,gnn_better
mp-12798,2.3057146072387695,2.3270739555358886,2.3175080782033275,0.00956587733256109,0.021359348297119052,0.011793470964557962,hybrid_better
mp-12854,1.6764740943908691,1.6764853239059447,1.6676002034876347,0.008885120418310022,1.1229515075594776e-05,0.008873890903234427,gnn_better
mp-12899,1.9676790237426758,1.9439819574356079,1.9249355659368867,0.019046391498721116,0.023697066307067916,0.04274345780578903,gnn_better
mp-129,2.419177293777466,2.4024981021881104,2.4129444274995917,0.010446325311481264,0.01667919158935538,0.006232866277874116,hybrid_better
mp-12900,1.9697140455245972,1.9420276641845704,1.92310657347197,0.018921090712600508,0.027686381340026767,0.046607472052627275,gnn_better
mp-12908,1.7863324880599976,1.8815434217453002,1.874531315442693,0.0070121063026071795,0.09521093368530265,0.08819882738269547,hybrid_better
mp-12953,1.6752374172210693,1.7718515157699586,1.653965709790261,0.11788580597969767,0.09661409854888925,0.021271707430808418,hybrid_better
mp-12961,1.971085548400879,1.9801091432571412,2.006670418133911,0.026561274876769625,0.009023594856262251,0.035584869733031876,gnn_better
mp-1299,2.3140947818756104,2.3420440196990966,2.319965813858503,0.0220782058405935,0.02794923782348624,0.005871031982892738,hybrid_better
mp-13097,1.5606000423431396,1.5008223533630372,1.5657856429932042,0.06496328963016706,0.059777688980102495,0.00518560065006457,hybrid_better
mp-13100,2.4019620418548584,2.4098976612091065,2.4389997468708335,0.029102085661727006,0.007935619354248136,0.03703770501597514,gnn_better
mp-13160,1.8854178190231323,1.8903947591781616,1.8924834563487096,0.0020886971705480484,0.0049769401550292525,0.007065637325577301,gnn_better
mp-13190,1.5520961284637451,1.498861265182495,1.5293698325585534,0.030508567376058338,0.053234863281250044,0.022726295905191707,hybrid_better
mp-13200,1.8976216316223145,1.9243725299835206,1.9284688202003586,0.0040962902168379944,0.026750898361206144,0.030847188578044138,gnn_better
mp-13270,1.6865648031234741,1.7017084121704102,1.7278135226989728,0.02610511052856257,0.015143609046936124,0.041248719575498694,gnn_better
mp-13272,1.634557843208313,1.620849871635437,1.5763454793841238,0.044504392251313085,0.013707971572876065,0.05821236382418915,gnn_better
mp-13313,1.6208125352859497,1.5383899688720704,1.4749687489015428,0.06342121997052752,0.08242256641387935,0.14584378638440687,gnn_better
mp-1340,1.44512140750885,1.1315631151199341,1.1739141908633277,0.042351075743393585,0.31355829238891597,0.2712072166455224,hybrid_better
mp-13472,2.2781245708465576,2.2655335903167724,2.245184057656224,0.02034953266054851,0.012590980529785245,0.03294051319033375,gnn_better
mp-13495,2.137676954269409,2.134552335739136,2.117920825203216,0.016631510535920047,0.0031246185302733487,0.019756129066193395,gnn_better
mp-13503,1.9091707468032837,1.835765814781189,1.885982320944009,0.05021650616281992,0.07340493202209464,0.02318842585927472,hybrid_better
mp-13535,1.849173665046692,1.9614099264144897,1.9173953649669304,0.04401456144755933,0.11223626136779785,0.06822169992023852,hybrid_better
mp-13583,2.085047960281372,2.1174126625061036,2.1049062285434927,0.012506433962610863,0.032364702224731534,0.01985826826212067,hybrid_better
mp-1361,2.0247318744659424,1.8968775987625122,1.737945239898007,0.15893235886450507,0.12785427570343022,0.2867866345679353,gnn_better
mp-13649,1.4875484704971313,1.4892457008361817,1.4666721703304273,0.02257353050575439,0.0016972303390503374,0.020876300166704054,gnn_better
mp-13725,1.851148247718811,1.7392704963684082,1.7411525899514544,0.0018820935830461405,0.11187775135040279,0.10999565776735665,hybrid_better
mp-13799,1.5673322677612305,1.588257908821106,1.5444361004631273,0.043821808357978664,0.02092564105987549,0.022896167298103176,gnn_better
mp-13801,2.2315359115600586,2.2218234062194826,2.153337727252199,0.06848567896728364,0.009712505340575994,0.07819818430785963,gnn_better
mp-13815,1.540992259979248,1.59045512676239,1.5536347835793922,0.03682034318299787,0.049462866783142045,0.012642523600144173,hybrid_better
mp-13829,1.6202714443206787,1.5174431085586548,1.536535497486285,0.01909238892763021,0.10282833576202388,0.08373594683439367,hybrid_better
mp-13852,2.2424817085266113,2.172524929046631,2.163346503552095,0.009178425494535958,0.06995677947998047,0.07913520497451643,gnn_better
mp-1390196,1.481542944908142,1.4627660036087036,1.4690569657067434,0.0062909620980398095,0.01877694129943852,0.012485979201398711,hybrid_better
mp-13910,1.7478388547897339,1.7105122089385987,1.7337989486688055,0.023286739730206785,0.03732664585113521,0.014039906120928425,hybrid_better
mp-13920,1.638638973236084,1.6425185680389405,1.6229959464700427,0.019522621568897724,0.0038795948028564897,0.015643026766041235,gnn_better
mp-13949,1.4041321277618408,1.386565923690796,1.3725496555160146,0.014016268174781299,0.017566204071044922,0.03158247224582622,gnn_better
mp-13963,1.5248762369155884,1.8202793836593627,1.8913344885028138,0.07105510484345112,0.2954031467437743,0.36645825158722545,gnn_better
mp-13983,1.605337381362915,1.4112666368484497,1.424598035346062,0.013331398497612446,0.19407074451446538,0.18073934601685293,hybrid_better
mp-13993,1.8667007684707642,1.698227858543396,1.62110078383964,0.07712707470375602,0.16847290992736808,0.2455999846311241,gnn_better
mp-1402707,2.040364980697632,2.1033537864685057,2.139302674873646,0.03594888840514043,0.06298880577087385,0.09893769417601428,gnn_better
mp-1406000,2.0787575244903564,1.979031491279602,1.8997167712920948,0.07931471998750728,0.09972603321075435,0.17904075319826163,gnn_better
mp-14099,1.9109177589416504,1.9608871459960937,1.9206840796074065,0.0402030663886872,0.049969387054443315,0.009766320665756112,hybrid_better
mp-1412249,2.164165496826172,2.185942029953003,2.2053792469957267,0.01943721704272372,0.021776533126831144,0.041213750169554864,gnn_better
mp-1413511,2.023289442062378,2.045416569709778,1.9258725906570304,0.1195439790527475,0.02212712764739999,0.0974168514053475,gnn_better
mp-1415,1.679073452949524,1.694962453842163,1.637485494179738,0.05747695966242494,0.015889000892639116,0.04158795876978583,gnn_better
mp-1418929,2.183281183242798,2.2083178520202638,2.202065629641726,0.006252222378537731,0.02503666877746591,0.01878444639892818,hybrid_better
mp-1424898,2.0532782077789307,2.055085277557373,2.0267177861403702,0.0283674914170029,0.0018070697784424716,0.026560421638560427,gnn_better
mp-1430957,2.1348843574523926,1.9460352897644042,2.101944845220524,0.15590955545611962,0.18884906768798837,0.03293951223186875,hybrid_better
mp-1432,2.160954475402832,2.2073787689208983,1.9839803481099305,0.22339842081096783,0.04642429351806632,0.17697412729290152,gnn_better
mp-1437,1.54607355594635,1.56623215675354,1.5507058048893498,0.015526351864190158,0.020158600807189897,0.004632248942999739,hybrid_better
mp-1453,1.8662282228469849,1.876605248451233,1.8557736281113157,0.020831620339917256,0.010377025604248136,0.01045459473566912,gnn_better
mp-14625,1.9682914018630981,1.9826528787612916,1.9806223515117183,0.0020305272495733107,0.014361476898193448,0.012330949648620138,hybrid_better
mp-14796,1.3910233974456787,1.4535680055618285,1.5317394992431232,0.07817149368129472,0.06254460811614981,0.14071610179744454,gnn_better
mp-1491,2.4530107975006104,2.429801273345947,2.4148417345018345,0.014959538844112608,0.023209524154663264,0.03816906299877587,gnn_better
mp-15113,2.006401777267456,2.0239328145980835,2.059505792776407,0.03557297817832339,0.01753103733062744,0.05310401550895083,gnn_better
mp-1514,2.323967456817627,2.2679651737213136,2.231998750135005,0.035966423586308416,0.05600228309631339,0.0919687066826218,gnn_better
mp-15179,1.862095594406128,1.8734773397445679,1.847542934439915,0.025934405304652852,0.011381745338439941,0.01455265996621291,gnn_better
mp-1533,1.619156002998352,1.6352415561676026,1.6222522371260202,0.012989319041582403,0.016085553169250533,0.0030962341276681293,hybrid_better
mp-15397,2.293194532394409,2.2610159873962403,2.2760398103596557,0.015023822963415423,0.032178544998168856,0.017154722034753433,hybrid_better
mp-1542,2.2123847007751465,2.2365902423858643,2.232121262973787,0.004468979412077356,0.024205541610717862,0.019736562198640506,hybrid_better
mp-1542940,0.9915804862976074,1.0111645817756654,1.1114634005049215,0.10029881872925617,0.01958409547805795,0.11988291420731412,gnn_better
mp-1552,2.47013258934021,2.455971527099609,2.4499166414203293,0.00605488567927992,0.014161062240600764,0.020215947919880684,gnn_better
mp-15617,2.463782548904419,2.4662068843841554,2.4619301818331083,0.004276702551047062,0.002424335479736417,0.0018523670713106455,hybrid_better
mp-15622,1.1580607891082764,1.272349762916565,1.209817640093461,0.06253212282310394,0.11428897380828862,0.05175685098518468,hybrid_better
mp-1563,1.7289378643035889,1.6870697259902954,1.5980839421900126,0.08898578380028277,0.0418681383132935,0.13085392211357627,gnn_better
mp-15649,2.1819748878479004,2.133442831039429,2.151619894640634,0.0181770636012053,0.0485320568084715,0.0303549932072662,hybrid_better
mp-15651,2.0395607948303223,2.000113272666931,2.0137624695063145,0.013649196839383482,0.0394475221633912,0.02579832532400772,hybrid_better
mp-15660,2.4304394721984863,2.396645450592041,2.390045958300407,0.006599492291634146,0.0337940216064454,0.04039351389807955,gnn_better
mp-15669,1.717437505722046,1.7044124364852906,1.671843607390071,0.03256882909521952,0.013025069236755282,0.0455938983319748,gnn_better
mp-15701,2.2418973445892334,2.248006582260132,2.2212389192516406,0.026767663008491205,0.0061092376708984375,0.020658425337592767,gnn_better
mp-15703,2.4982733726501465,2.4535995006561278,2.368845925860205,0.08475357479592294,0.04467387199401873,0.12942744678994167,gnn_better
mp-15722,2.509101629257202,2.4455105781555178,2.4734217093313893,0.027911131175871517,0.06359105110168439,0.035679919925812875,hybrid_better
mp-15724,1.2759560346603394,1.201635217666626,1.1881212818764524,0.013513935790173681,0.07432081699371329,0.08783475278388697,gnn_better
mp-15776,1.5640383958816528,1.3416686296463012,1.3306267509572653,0.011041878689035833,0.22236976623535165,0.23341164492438748,gnn_better
mp-15783,1.6073369979858398,1.6339796543121339,1.613281401135128,0.02069825317700591,0.026642656326294034,0.005944403149288124,hybrid_better
mp-15791,1.6991523504257202,1.7788414716720582,1.738289427064536,0.040552044607522264,0.07968912124633798,0.039137076638815715,hybrid_better
mp-15796,1.6070365905761719,1.6923932790756226,1.7011734022867866,0.008780123211163948,0.08535668849945077,0.09413681171061472,gnn_better
mp-15803,1.712960958480835,1.7503414154052734,1.7526402205048939,0.002298805099620438,0.03738045692443848,0.039679262024058914,gnn_better
mp-15895,1.8941442966461182,1.8982603073120117,1.9171885721329622,0.018928264820950558,0.00411601066589351,0.023044275486844068,gnn_better
mp-1602,0.7846173048019409,0.9802383184432983,0.9601807166155283,0.020057601827770055,0.19562101364135742,0.17556341181358737,hybrid_better
mp-16043,2.2375311851501465,2.1826202869415283,2.1559418863444852,0.026678400597043073,0.054910898208618164,0.08158929880566124,gnn_better
mp-1608,1.9153153896331787,1.905966591835022,1.9161108038816592,0.010144212046637291,0.009348797798156783,0.0007954142484805082,hybrid_better
mp-1609,2.4396121501922607,2.441601848602295,2.4144749767650433,0.02712687183725171,0.0019896984100342685,0.02513717342721744,gnn_better
mp-16238,1.6679290533065796,1.610972237586975,1.6565425868840316,0.0455703492970565,0.05695681571960454,0.011386466422548036,hybrid_better
mp-16254,1.7537821531295776,1.7667014598846436,1.7122643172488843,0.05443714263575927,0.012919306755065918,0.041517835880693355,gnn_better
mp-16260,1.9323723316192627,1.888093066215515,1.9365639354237505,0.0484708692082354,0.0442792654037476,0.004191603804487798,hybrid_better
mp-1627,1.9926109313964844,1.7704280138015747,1.6524973987936267,0.11793061500794799,0.2221829175949097,0.3401135326028577,gnn_better
mp-16290,2.2884771823883057,2.2639185905456545,2.2230180141240554,0.040900576421599055,0.02455859184265119,0.06545916826425024,gnn_better
mp-16329,2.0072824954986572,2.03677077293396,2.0021321236819136,0.034638649252046516,0.029488277435302912,0.005150371816743604,hybrid_better
mp-16358,2.178067207336426,2.1041103839874267,2.1440127563407847,0.03990237235335803,0.07395682334899911,0.03405445099564108,hybrid_better
mp-16363,2.0911848545074463,2.1267448902130126,2.0503181447374605,0.07642674547555206,0.03556003570556632,0.04086670976998574,gnn_better
mp-16366,1.9252450466156006,1.8554050922393799,1.8619496553265384,0.006544563087158561,0.0698399543762207,0.06329539128906214,hybrid_better
mp-16483,1.8996399641036987,1.8807719469070434,1.9338295844992381,0.05305763759219473,0.018868017196655318,0.03418962039553941,gnn_better
mp-16495,2.348581314086914,2.3304891109466555,2.309273118797235,0.021215992149420604,0.01809220314025861,0.039308195289679215,gnn_better
mp-16497,2.0281522274017334,2.041251611709595,2.007766963935187,0.03348464777440796,0.013099384307861506,0.020385263466546455,gnn_better
mp-16506,1.5901728868484497,1.5922698497772216,1.5472216076595378,0.04504824211768388,0.0020969629287719282,0.04295127918891195,gnn_better
mp-16514,2.237588882446289,2.232516384124756,2.2431963501999763,0.01067996607522037,0.005072498321533114,0.005607467753687256,gnn_better
mp-16528,2.051835298538208,2.0554412364959718,2.0628402952368,0.007399058740828135,0.0036059379577637607,0.011004996698591896,gnn_better
mp-1667,2.319478750228882,2.2060640811920167,2.259923747713936,0.05385966652191909,0.11341466903686515,0.059555002514946054,hybrid_better
mp-16724,2.007692337036133,2.0028435945510865,2.0285922464715673,0.025748651920480814,0.004848742485046298,0.020899909435434516,gnn_better
mp-16751,1.8557250499725342,1.8993900060653686,1.8731342000920062,0.02625580597336241,0.043664956092834384,0.017409150119471972,hybrid_better
mp-1677,2.2957825660705566,2.2483450412750243,2.2992944706886744,0.050949429413650105,0.047437524795532315,0.0035119046181177893,hybrid_better
mp-1690,1.336519718170166,1.1601887941360474,1.321666654156131,0.16147786002008369,0.17633092403411865,0.014853064014034967,hybrid_better
mp-1708,1.7904540300369263,1.7935228109359742,1.7858927341858066,0.00763007675016758,0.0030687808990479404,0.00456129585111964,gnn_better
mp-1714,2.260202646255493,2.2505329608917237,2.2543233333633896,0.003790372471665915,0.009669685363769442,0.005879312892103528,hybrid_better
mp-1727,1.720382571220398,1.7826529026031495,1.7302324391342772,0.0524204634688723,0.06227033138275151,0.009849867913879207,hybrid_better
mp-1730,1.48151433467865,1.5437743425369264,1.5136504965325712,0.030123846004355137,0.062260007858276456,0.03213616185392132,hybrid_better
mp-17481,2.1726903915405273,2.204409456253052,2.2084059810915515,0.00399652483849966,0.0317190647125245,0.03571558955102416,gnn_better
mp-17612,1.852248191833496,1.8661747932434083,1.8797284928844813,0.013553699641073003,0.013926601409912198,0.0274803010509852,gnn_better
mp-1778,2.3178482055664062,2.2079858779907227,2.2816406373493683,0.07365475935864563,0.1098623275756836,0.036207568217037966,hybrid_better
mp-1793,2.023054838180542,1.9778539180755614,1.98327456224755,0.00542064417198862,0.04520092010498056,0.03978027593299194,hybrid_better
mp-1794,2.386093854904175,2.333459186553955,2.3230283602279025,0.010430826326052411,0.052634668350219904,0.06306549467627232,gnn_better
mp-1818,0.8608169555664062,0.9059602975845337,0.919185021460239,0.01322472387570528,0.04514334201812742,0.0583680658938327,gnn_better
mp-182,1.6152870655059814,1.6669788837432862,1.6091610618116505,0.05781782193163565,0.05169181823730473,0.006126003694330917,hybrid_better
mp-1831,1.9567253589630127,2.017985987663269,1.8837935926507139,0.13419239501255498,0.06126062870025617,0.0729317663122988,gnn_better
mp-18513,1.5511205196380615,1.596848154067993,1.5828838417208844,0.01396431234710871,0.04572763442993155,0.03176332208282284,hybrid_better
mp-1873,1.9769549369812012,1.8490615367889405,1.7528727543790357,0.0961887824099048,0.1278934001922607,0.2240821826021655,gnn_better
mp-1882,1.9555867910385132,1.9616739749908447,1.9471184639165482,0.014555511074296534,0.006087183952331543,0.008468327121964991,gnn_better
mp-1909,1.5198148488998413,1.5305958271026612,1.514264380538123,0.01633144656453811,0.010780978202819869,0.0055504683617182415,hybrid_better
mp-19727,1.348246455192566,1.4733169078826904,1.5702180836943471,0.09690117581165669,0.1250704526901245,0.2219716285017812,gnn_better
mp-19735,2.154021978378296,2.0996939182281493,2.1121168142407933,0.012422896012644014,0.05432806015014657,0.04190516413750256,hybrid_better
mp-19764,1.6155818700790405,1.6231137037277221,1.591695490774946,0.031418212952776026,0.007531833648681596,0.02388637930409443,gnn_better
mp-1977,1.7524940967559814,1.7187490224838258,1.7462380801346842,0.027489057650858406,0.03374507427215567,0.006256016621297267,hybrid_better
mp-19814,2.009875535964966,1.9898133277893066,1.9935014970191236,0.003688169229816962,0.02006220817565918,0.016374038945842218,hybrid_better
mp-19817,1.8924508094787598,1.8710886716842652,1.8834598318633078,0.012371160179042606,0.021362137794494584,0.008990977615451978,hybrid_better
mp-19824,1.9045153856277466,1.7599553346633912,1.8138072453215734,0.05385191065818229,0.14456005096435542,0.09070814030617314,hybrid_better
mp-19830,2.2286980152130127,2.2779813766479493,2.208972472957349,0.06900890369060031,0.04928336143493661,0.019725542255663697,hybrid_better
mp-19833,1.709040880203247,1.7540334701538085,1.7470196859314207,0.007013784222387853,0.044992589950561435,0.03797880572817358,hybrid_better
mp-1984,1.496071219444275,1.22192440032959,1.3612447620073302,0.1393203616777403,0.27414681911468497,0.13482645743694466,hybrid_better
mp-19876,2.011418104171753,1.99594886302948,2.052424731463381,0.056475868433900844,0.015469241142272994,0.04100662729162785,gnn_better
mp-19896,1.617953896522522,1.4918368101119994,1.5378412612433074,0.04600445113130802,0.12611708641052255,0.08011263527921453,hybrid_better
mp-19904,2.157949209213257,2.09163293838501,2.115487494771693,0.02385455638668299,0.06631627082824698,0.04246171444156399,hybrid_better
mp-19928,2.006282091140747,1.9170971155166625,1.9650615142598997,0.04796439874323721,0.08918497562408456,0.04122057688084735,hybrid_better
mp-19970,1.9127851724624634,1.8945331573486328,1.9142610291366258,0.019727871787992957,0.018252015113830566,0.0014758566741623902,hybrid_better
mp-19983,2.0145246982574463,2.0045865058898924,1.999489522016851,0.005096983873041472,0.009938192367553889,0.01503517624059536,gnn_better
mp-1999,1.1082266569137573,1.5787957668304444,1.7318544640062115,0.15305869717576703,0.4705691099166871,0.6236278070924541,gnn_better
mp-2,2.2226696014404297,2.233263111114502,2.2463652452214333,0.013102134106931285,0.010593509674072354,0.02369564378100364,gnn_better
mp-20001,1.8437745571136475,1.820324420928955,1.8279718459877619,0.007647425058806778,0.023450136184692383,0.015802711125885605,hybrid_better
mp-20025,1.5798178911209106,1.4564590930938721,1.5013504208609725,0.044891327767100364,0.12335879802703853,0.07846747025993817,hybrid_better
mp-20043,2.089385747909546,2.0293392181396483,2.0379080383187764,0.008568820179128078,0.06004652976989755,0.05147770959076947,hybrid_better
mp-20049,1.8547674417495728,1.8944541454315185,2.008321225881706,0.11386708045018734,0.03968670368194571,0.15355378413213305,gnn_better
mp-20050,1.6809515953063965,1.671523380279541,1.7019308362621957,0.030407455982654596,0.009428215026855424,0.020979240955799172,gnn_better
mp-20122,1.911184310913086,1.8711090564727784,1.8839359080452653,0.012826851572486975,0.04007525444030757,0.027248402867820598,hybrid_better
mp-20136,1.3855884075164795,1.2720759153366088,1.338755739588733,0.06667982425212426,0.1135124921798707,0.04683266792774643,hybrid_better
mp-20145,2.2617812156677246,2.250771331787109,2.2816595004408313,0.030888168653722126,0.011009883880615412,0.019878284773106714,gnn_better
mp-20146,2.128690004348755,2.097816228866577,2.094775503834459,0.0030407250321182744,0.030873775482177734,0.03391450051429601,gnn_better
mp-20147,2.2412750720977783,2.2443511486053467,2.2292049232289473,0.015146225376399425,0.0030760765075683594,0.012070148868831065,gnn_better
mp-20174,1.9860234260559082,1.9741189002990722,1.9898049397352846,0.015686039436212385,0.011904525756835982,0.0037815136793764026,hybrid_better
mp-20193,2.313339948654175,2.2950535297393797,2.3081053272382706,0.01305179749889085,0.0182864189147951,0.00523462141590425,hybrid_better
mp-20197,2.26434326171875,2.313417148590088,2.35224742236643,0.03883027377634196,0.04907388687133807,0.08790416064768003,gnn_better
mp-20202,1.8658853769302368,1.826192307472229,1.8144098410425067,0.01178246642972236,0.03969306945800777,0.05147553588773013,gnn_better
mp-20206,1.8184897899627686,1.7569119691848756,1.8286258532023774,0.07171388401750178,0.06157782077789298,0.010136063239608806,hybrid_better
mp-20214,1.9195226430892944,1.9115603923797608,1.9024833934060368,0.009076998973724049,0.007962250709533603,0.01703924968325765,gnn_better
mp-20238,2.161505699157715,2.024371385574341,2.069307374825528,0.04493598925118736,0.13713431358337402,0.09219832433218667,hybrid_better
mp-20255,2.1694629192352295,2.1776003360748293,2.1499562996962838,0.02764403637854551,0.008137416839599787,0.019506619538945724,gnn_better
mp-20257,1.9402574300765991,1.8985636234283447,1.8890491307597288,0.009514492668615926,0.041693806648254395,0.05120829931687032,gnn_better
mp-20269,2.0930397510528564,2.1471637725830077,2.129983123613718,0.017180648969289614,0.05412402153015128,0.036943372560861665,hybrid_better
mp-20329,2.035097360610962,2.0826836585998536,2.068099682930206,0.014583975669647753,0.04758629798889169,0.03300232231924394,hybrid_better
mp-20373,2.3821845054626465,2.3635655879974364,2.3899460411962337,0.026380453198797227,0.01861891746521005,0.007761535733587177,hybrid_better
mp-2039,2.238525390625,1.9138076543807983,2.0066120374579928,0.09280438307719452,0.32471773624420175,0.23191335316700723,hybrid_better
mp-20438,1.287062406539917,1.755823516845703,1.7414743938089106,0.014349123036792477,0.46876111030578604,0.45441198726899357,hybrid_better
mp-20440,2.1497762203216553,2.1315704822540282,2.1657481914918115,0.034177709237783294,0.018205738067627042,0.01597197117015625,hybrid_better
mp-20469,1.5841275453567505,1.7487046241760253,1.6201646511643695,0.12853997301165587,0.16457707881927486,0.036037105807618985,hybrid_better
mp-20481,2.113495349884033,2.0783858776092528,2.091479014116053,0.013093136506800107,0.03510947227478045,0.022016335767980344,hybrid_better
mp-20483,1.5967730283737183,1.2384070873260498,1.261099744907715,0.022692657581665276,0.3583659410476685,0.3356732834660032,hybrid_better
mp-20485,1.0123310089111328,1.299781370162964,1.3926784546126236,0.09289708444965972,0.2874503612518311,0.3803474457014908,gnn_better
mp-20492,2.1694157123565674,2.1943439483642577,2.2043318807407286,0.009987932376470887,0.02492823600769034,0.03491616838416123,gnn_better
mp-20549,1.581016182899475,1.442848801612854,1.5200649847236192,0.07721618311076517,0.1381673812866211,0.060951198175855925,hybrid_better
mp-20557,2.0174965858459473,2.028080606460571,2.0227385792712966,0.005342027189274567,0.010584020614623935,0.005241993425349367,hybrid_better
mp-20566,1.5721278190612793,1.6209606647491455,1.6193320811721048,0.0016285835770406543,0.048832845687866167,0.04720426211082551,hybrid_better
mp-20595,1.7923356294631958,1.868990683555603,1.8334766150921513,0.03551406846345162,0.07665505409240714,0.04114098562895552,hybrid_better
mp-20622,2.204138994216919,2.224237012863159,2.2001098239750907,0.024127188888068307,0.020098018646240057,0.0040291702418282505,hybrid_better
mp-20662,1.7814322710037231,1.844028615951538,1.7602733680287208,0.08375524792281719,0.06259634494781485,0.021158902975002336,hybrid_better
mp-20679,2.2981278896331787,2.281246566772461,2.3251223347834244,0.0438757680109636,0.016881322860717862,0.02699444515024574,gnn_better
mp-20684,1.50200355052948,1.4894064664840698,1.496999675164373,0.007593208680303221,0.012597084045410156,0.005003875365106936,hybrid_better
mp-20697,2.124976634979248,2.034521150588989,2.050043437289511,0.015522286700521803,0.09045548439025897,0.07493319768973716,hybrid_better
mp-2070,2.1049206256866455,2.132815456390381,2.1049938834974102,0.027821572892970714,0.02789483070373544,7.325781076472637e-05,hybrid_better
mp-20730,2.2088470458984375,2.1547632694244383,2.2112335763050943,0.05647030688065602,0.0540837764739992,0.002386530406656817,hybrid_better
mp-20738,2.26745343208313,2.245548057556152,2.233661405206146,0.011886652350006077,0.021905374526977717,0.033792026876983794,gnn_better
mp-20753,2.2344236373901367,2.194649600982666,2.2086137658392064,0.013964164856540506,0.03977403640747079,0.025809871550930286,hybrid_better
mp-20782,1.367300033569336,1.3599045991897583,1.4172175157057691,0.05731291651601089,0.007395434379577681,0.04991748213643321,gnn_better
mp-20814,2.243915557861328,2.2538100719451903,2.25395816706991,0.00014809512471947173,0.009894514083862216,0.010042609208581688,gnn_better
mp-20817,2.0795321464538574,2.109737730026245,2.087824792972681,0.021912937053564008,0.030205583572387784,0.008292646518823776,hybrid_better
mp-20849,2.110825300216675,2.0933279037475585,2.114698289955366,0.021370386207807623,0.0174973964691163,0.0038729897386913237,hybrid_better
mp-20857,2.4898390769958496,2.452672338485718,2.441879899863941,0.010792438621777034,0.03716673851013175,0.04795917713190878,gnn_better
mp-20862,2.0390610694885254,1.95767240524292,1.9632536897075696,0.005581284464649672,0.08138866424560542,0.07580737978095575,hybrid_better
mp-2090,2.278378486633301,2.2574344158172606,2.2723716501753835,0.014937234358122886,0.020944070816040217,0.0060068364579173306,hybrid_better
mp-20922,1.645471453666687,1.6805930137634277,1.6449019388577302,0.03569107490569756,0.03512156009674072,0.0005695148089568391,hybrid_better
mp-2093,1.630071759223938,1.6042231798171998,1.6143683165933247,0.010145136776124941,0.025848579406738237,0.015703442630613296,hybrid_better
mp-20939,1.6733803749084473,1.6075963735580445,1.6810206750903707,0.07342430153232615,0.06578400135040274,0.0076403001819234095,hybrid_better
mp-20978,1.6188949346542358,1.6345109224319458,1.6400319480665917,0.005521025634645849,0.015615987777710005,0.021137013412355854,gnn_better
mp-2098,2.284184694290161,2.30902214050293,2.326025672164323,0.017003531661393012,0.024837446212768732,0.041840977874161744,gnn_better
mp-20997,2.064836025238037,1.9796292543411256,2.0581199948804185,0.07849074053929295,0.08520677089691153,0.006716030357618585,hybrid_better
mp-21008,2.281019687652588,2.2409249782562255,2.270164030944967,0.029239052688741385,0.040094709396362394,0.010855656707621009,hybrid_better
mp-21020,1.9841220378875732,1.907381272315979,1.8866804523445695,0.0207008199714096,0.07674076557159415,0.09744158554300375,gnn_better
mp-21087,1.990130066871643,1.8404860973358155,1.9460997131855748,0.10561361584975937,0.1496439695358276,0.044030353686068224,hybrid_better
mp-21092,2.229210615158081,2.063136863708496,2.117651629502471,0.05451476579397507,0.16607375144958514,0.11155898565561007,hybrid_better
mp-21098,1.7653928995132446,1.7034677267074585,1.8868232052118699,0.18335547850441136,0.06192517280578613,0.12143030569862523,gnn_better
mp-21115,1.8415220975875854,1.8506790161132813,1.8223396188089733,0.02833939730430801,0.00915691852569589,0.019182478778612122,gnn_better
mp-21124,1.7197952270507812,1.7557444810867309,1.7785704657239605,0.022825984637229624,0.03594925403594962,0.05877523867317924,gnn_better
mp-21164,1.8324322700500488,1.7744650840759277,1.8120384769389417,0.03757339286301398,0.057967185974121094,0.020393793111107117,hybrid_better
mp-21168,1.6635972261428833,1.7989820480346679,1.6982877756474342,0.10069427238723372,0.13538482189178458,0.03469054950455086,hybrid_better
mp-21185,1.7262625694274902,1.6399500846862793,1.612055940150102,0.027894144536177334,0.0863124847412109,0.11420662927738823,gnn_better
mp-21194,1.9148294925689697,2.025446367263794,2.036126729737493,0.010680362473698857,0.1106168746948244,0.12129723716852325,gnn_better
mp-21200,1.87557053565979,1.8876205444335938,1.7856699329522865,0.10195061148130735,0.0120500087738038,0.08990060270750355,gnn_better
mp-21201,2.0017552375793457,1.9568751335144043,1.9720368988815395,0.015161765367135205,0.04488010406494136,0.029718338697806157,hybrid_better
mp-21215,2.0445005893707275,2.0156504631042482,2.0354068351282293,0.01975637202398106,0.028850126266479315,0.009093754242498253,hybrid_better
mp-21236,1.8993552923202515,1.800955629348755,1.7194947193463197,0.08146091000243527,0.0983996629714965,0.17986057297393176,gnn_better
mp-21237,2.195188045501709,2.1429683208465575,2.1528560559929053,0.009887735146347776,0.052219724655151456,0.04233198950880368,hybrid_better
mp-21248,2.38761043548584,2.3815865993499754,2.3940726015377134,0.012486002187737988,0.0060238361358644354,0.006462166051873552,gnn_better
mp-21255,2.1950912475585938,2.1133352279663087,2.169314844888303,0.05597961692199416,0.08175601959228507,0.02577640267029091,hybrid_better
mp-2126,2.4451229572296143,2.5068809032440185,2.4280434973256533,0.07883740591836519,0.06175794601440421,0.01707945990396098,hybrid_better
mp-21301,2.1078813076019287,2.079271984100342,2.0909361039033594,0.011664119803017403,0.028609323501586736,0.016945203698569333,hybrid_better
mp-21316,2.4119293689727783,2.389809560775757,2.376637295865705,0.013172264910052078,0.022119808197021307,0.035292073107073385,gnn_better
mp-21321,1.8218998908996582,1.9130067348480224,1.8974279009507071,0.015578833897315292,0.09110684394836421,0.07552801005104892,hybrid_better
mp-2134,1.8848803043365479,1.9113693475723266,1.9132924506290987,0.0019231030567721241,0.02648904323577872,0.028412146292550844,gnn_better
mp-21372,2.078054189682007,2.1328938484191893,2.094610421466715,0.03828342695247411,0.05483965873718244,0.01655623178470833,hybrid_better
mp-21425,2.0656394958496094,1.9546096324920654,1.9928398912838603,0.03823025879179487,0.11102986335754395,0.07279960456574908,hybrid_better
mp-21471,1.8266772031784058,1.7355148077011109,1.7543470555400038,0.018832247838892924,0.09116239547729488,0.07233014763840195,hybrid_better
mp-21477,1.343782663345337,1.3603284358978271,1.3029333038248452,0.05739513207298197,0.016545772552490234,0.040849359520491735,gnn_better
mp-21495,2.3768889904022217,2.331419658660889,2.3332170880352328,0.0017974293743439063,0.04546933174133283,0.043671902366988924,hybrid_better
mp-21508,1.9093152284622192,1.9481860637664794,1.9552549501937513,0.007068886427271881,0.038870835304260165,0.045939721731532046,gnn_better
mp-2156,1.2553448677062988,1.2342721700668335,1.297925312705352,0.06365314263851851,0.021072697639465288,0.042580444999053224,gnn_better
mp-2168,1.4330494403839111,1.512999415397644,1.4299953626493416,0.08300405274830247,0.07994997501373291,0.0030540777345695602,hybrid_better
mp-217,1.7580333948135376,1.7224796056747436,1.7149914392633967,0.007488166411346864,0.035553789138794034,0.0430419555501409,gnn_better
mp-2170,1.8258672952651978,1.8457949876785278,1.7809800232026778,0.06481496447585,0.019927692413330034,0.04488727206251997,gnn_better
mp-2172,1.827957034111023,1.8062050104141236,1.7219157345901515,0.08428927582397217,0.021752023696899325,0.10604129952087149,gnn_better
mp-21851,2.214653253555298,2.3079748153686523,2.3211779394908523,0.013203124122199927,0.09332156181335449,0.10652468593555442,gnn_better
mp-21855,1.5480575561523438,1.5508809804916381,1.5936622369922409,0.042781256500602716,0.002823424339294389,0.045604680839897105,gnn_better
mp-21863,1.7671558856964111,1.6362048625946044,1.6361299400428393,7.492255176511087e-05,0.13095102310180673,0.13102594565357184,gnn_better
mp-21873,2.0239064693450928,2.0634069442749023,2.0381105946852993,0.02529634958960303,0.03950047492980957,0.014204125340206541,hybrid_better
mp-21875,1.9858932495117188,1.965364646911621,1.9263146872510049,0.039049959660616196,0.0205286026000977,0.059578562260713896,gnn_better
mp-2189,1.6776798963546753,1.8798883199691772,1.8109004932065225,0.06898782676265469,0.20220842361450186,0.13322059685184717,hybrid_better
mp-2204,1.7322248220443726,1.7562137365341186,1.763226460316241,0.007012723782122476,0.02398891448974605,0.031001638271868526,gnn_better
mp-22095,2.0081655979156494,2.0460612058639525,2.037094025502828,0.008967180361124427,0.037895607948303045,0.028928427587178618,hybrid_better
mp-22120,2.294055938720703,2.3135704517364504,2.270141719442586,0.043428732293864236,0.019514513015747248,0.023914219278116988,gnn_better
mp-22167,2.0392117500305176,2.0336992263793947,2.0176008627112636,0.01609836366813111,0.005512523651122869,0.02161088731925398,gnn_better
mp-2224869,1.8282537460327148,1.9086040258407593,1.8603327021963154,0.048271323644443864,0.08035027980804443,0.03207895616360057,hybrid_better
mp-2228,1.62650465965271,1.6165847063064576,1.6258139688425188,0.009229262536061267,0.009919953346252397,0.0006906908101911302,hybrid_better
mp-22284,1.794745922088623,1.819803285598755,1.8144006693059722,0.005402616292782714,0.02505736351013188,0.019654747217349167,hybrid_better
mp-22287,2.3486435413360596,2.314953565597534,2.3209935073087413,0.006039941711207142,0.03368997573852539,0.02765003402731825,hybrid_better
mp-22302,2.24929141998291,2.2638835430145265,2.2490486039196993,0.014834939094827249,0.014592123031616389,0.00024281606321086002,hybrid_better
mp-22309,1.9999653100967407,2.031195878982544,2.0444502476438773,0.013254368661333338,0.031230568885803223,0.04448493754713656,gnn_better
mp-22319,2.385890245437622,2.286415672302246,2.3176824243049174,0.03126675200267126,0.09947457313537589,0.06820782113270463,hybrid_better
mp-22386,1.5587565898895264,1.585982894897461,1.574250175556175,0.011732719341285947,0.02722630500793466,0.015493585666648713,hybrid_better
mp-22394,2.350468873977661,2.296587371826172,2.3159332656188223,0.019345893792650504,0.05388150215148935,0.03453560835883884,hybrid_better
mp-22400,1.7062909603118896,1.7390838146209717,1.7479780627010506,0.008894248080078881,0.032792854309082076,0.04168710238916096,gnn_better
mp-22478,2.1829934120178223,2.074220132827759,2.0715201984158753,0.0026999344118836532,0.1087732791900633,0.11147321360194695,gnn_better
mp-22510,2.1366095542907715,2.13403582572937,2.1002666249929858,0.03376920073638434,0.002573728561401367,0.03634292929778571,gnn_better
mp-22546,2.2902772426605225,2.223852348327637,2.261066437949398,0.037214089621761204,0.06642489433288556,0.02921080471112436,hybrid_better
mp-22592,2.3074939250946045,2.2352087020874025,2.198454781332805,0.03675392075459749,0.07228522300720197,0.10903914376179946,gnn_better
mp-22595,1.8876510858535767,1.8846247911453247,1.9203924802108379,0.0357676890655132,0.0030262947082519975,0.0327413943572612,gnn_better
mp-22626,0.794697105884552,0.81809903383255,0.9642160928231801,0.1461170589906301,0.023401927947998002,0.1695189869386281,gnn_better
mp-22631,2.391693592071533,2.3924458980560304,2.4170235733559133,0.024577675299882973,0.0007523059844971591,0.025329981284380132,gnn_better
mp-22660,2.0321109294891357,2.0819623947143553,2.068099682930206,0.01386271178414944,0.04985146522521955,0.03598875344107011,hybrid_better
mp-2267,2.2263240814208984,2.2524271488189695,2.210545856785507,0.04188129203346236,0.02610306739807111,0.015778224635391247,hybrid_better
mp-22670,2.0815489292144775,2.0497821807861327,2.0347687197200117,0.015013461066121003,0.031766748428344815,0.04678020949446582,gnn_better
mp-22683,1.5120303630828857,1.8072699069976808,1.8092175571211677,0.0019476501234869659,0.295239543914795,0.297187194038282,gnn_better
mp-22691,1.0416295528411865,1.3060011625289918,1.3865444344429876,0.0805432719139958,0.26437160968780526,0.34491488160180106,gnn_better
mp-22787,2.3750762939453125,2.336686849594116,2.3237503821550787,0.012936467439037536,0.03838944435119629,0.051325911790233825,gnn_better
mp-22790,2.299450635910034,2.2743556022644045,2.3073922439779233,0.03303664171351883,0.025095033645629705,0.007941608067889128,hybrid_better
mp-22801,2.1370785236358643,2.1429296016693113,2.108779079536626,0.034150522132685435,0.005851078033447088,0.028299444099238347,gnn_better
mp-22817,1.507828950881958,1.3131109714508056,1.2859108311348746,0.027200140315930987,0.19471797943115243,0.22191811974708342,gnn_better
mp-2283,2.10835862159729,2.1476431369781492,2.179178699826914,0.0315355628487648,0.0392845153808592,0.070820078229624,gnn_better
mp-22849,0.42618581652641296,0.26945931911468507,0.36548596065982775,0.09602664154514268,0.1567264974117279,0.06069985586658522,hybrid_better
mp-22868,2.00860857963562,1.9426699161529541,1.9742043440510078,0.03153442789805361,0.06593866348266597,0.034404235584612364,hybrid_better
mp-22870,1.1309446096420288,1.2903280973434448,1.2980976764886445,0.007769579145199712,0.15938348770141597,0.16715306684661568,gnn_better
mp-22877,1.0206927061080933,1.1171380281448364,1.1434063224981013,0.02626829435326483,0.09644532203674316,0.122713616390008,gnn_better
mp-22888,1.2997686862945557,1.3653687715530396,1.4442646888270176,0.07889591727397804,0.06560008525848393,0.14449600253246198,gnn_better
mp-229,2.321821928024292,2.3528643608093263,2.321487484880361,0.03137687592896521,0.03104243278503427,0.0003344431439309403,hybrid_better
mp-2291,2.1513452529907227,2.1535717487335204,2.1621626408155,0.008590892081979717,0.0022264957427977627,0.01081738782477748,gnn_better
mp-22916,1.2898341417312622,1.3370696306228638,1.2506670295297695,0.08640260109309428,0.04723548889160156,0.039167112201492715,hybrid_better
mp-22924,1.4695863723754883,1.242345380783081,1.3371564388733974,0.09481105809031631,0.22724099159240718,0.13242993350209087,hybrid_better
mp-22930,1.1542413234710693,1.2500531196594238,1.1909289744271763,0.059124145232247516,0.09581179618835445,0.03668765095610693,hybrid_better
mp-22936,1.7625885009765625,1.7634734869003297,1.7270434348508819,0.036430052049447825,0.0008849859237671787,0.03554506612568065,gnn_better
mp-2294,2.177946090698242,2.166723394393921,2.1751545241233874,0.00843112972946658,0.011222696304321378,0.002791566574854798,hybrid_better
mp-22982,1.6972205638885498,1.6486477375030517,1.6051448862643867,0.04350285123866504,0.04857282638549809,0.09207567762416313,gnn_better
mp-2301,2.098799467086792,2.1405161380767823,2.07421282525096,0.06630331282582214,0.04171667098999032,0.024586641835831813,hybrid_better
mp-2302,2.2779252529144287,2.261621904373169,2.287293973607981,0.0256720692348118,0.016303348541259588,0.009368720693552213,hybrid_better
mp-23024,1.5406923294067383,1.5912970066070558,1.4929333093589705,0.09836369724808525,0.05060467720031747,0.047759020047767775,hybrid_better
mp-23036,1.0449315309524536,1.032127273082733,1.0860703500154503,0.05394307693271716,0.012804257869720503,0.04113881906299666,gnn_better
mp-2306,1.5792003870010376,1.5626740455627441,1.6104964714708956,0.047822425908151445,0.016526341438293457,0.03129608446985799,gnn_better
mp-23068,1.3151934146881104,1.4603118896484375,1.3919800413293775,0.06833184831906003,0.14511847496032715,0.07678662664126712,hybrid_better
mp-23070,1.5630537271499634,1.5373464345932006,1.5321969188098161,0.005149515783384517,0.02570729255676274,0.030856808340147257,gnn_better
mp-23072,1.2584457397460938,1.4387463808059693,1.3939349449409808,0.04481143586498848,0.18030064105987553,0.13548920519488705,hybrid_better
mp-23080,2.2810287475585938,2.2523025035858155,2.2412189293797864,0.011083574206029123,0.02872624397277823,0.039809818178807355,gnn_better
mp-23121,1.8207857608795166,1.809676742553711,1.8782756067818518,0.06859886422814077,0.011109018325805575,0.05748984590233519,gnn_better
mp-23143,1.6179957389831543,1.7244327306747436,1.6740197083942625,0.05041302228048106,0.10643699169158927,0.05602396941110821,hybrid_better
mp-23152,1.4435290098190308,1.1241023778915404,1.1790752775435618,0.054972899652021345,0.3194266319274903,0.264453732275469,hybrid_better
mp-23157,1.6396856307983398,1.1828551530838012,1.2132147562630426,0.030359603179241468,0.45683047771453866,0.4264708745352972,hybrid_better
mp-23177,1.0643455982208252,0.9899137735366821,0.9576672538108182,0.0322465197258639,0.07443182468414311,0.10667834441000701,gnn_better
mp-23179,1.4736329317092896,1.570483183860779,1.4648825067268407,0.10560067713393817,0.09685025215148935,0.008750424982448823,hybrid_better
mp-23193,1.2171943187713623,1.253467607498169,1.219348428504554,0.03411917899361505,0.036273288726806685,0.0021541097331916337,hybrid_better
mp-23201,1.5949006080627441,1.4709325790405274,1.4652841213211396,0.005648457719387823,0.12396802902221671,0.12961648674160453,gnn_better
mp-23217,1.9180041551589966,1.835332989692688,1.8454810457540058,0.010148056061317856,0.0826711654663086,0.07252310940499074,hybrid_better
mp-2322,1.9024978876113892,1.8337808847427368,1.8981139722014586,0.0643330874587218,0.06871700286865234,0.00438391540993055,hybrid_better
mp-23229,0.9899390339851379,1.0886382818222047,1.1386312055375762,0.04999292371537156,0.09869924783706674,0.1486921715524383,gnn_better
mp-23259,1.414354920387268,1.4162836790084838,1.3836711506677042,0.032612528340779656,0.001928758621215776,0.03068376971956388,gnn_better
mp-23280,-0.2541448175907135,-0.1030630350112915,0.23506720038626536,0.3381302353975569,0.151081782579422,0.4892120179769789,gnn_better
mp-23281,0.506505012512207,0.7342402696609497,0.734863672152766,0.0006234024918163605,0.22773525714874265,0.22835865964055901,gnn_better
mp-23282,0.5868122577667236,0.3537309169769287,0.5303024820512916,0.1765715650743629,0.23308134078979492,0.05650977571543203,hybrid_better
mp-23289,1.2718647718429565,1.2400846242904664,1.2722527140308109,0.03216808974034446,0.031780147552490146,0.00038794218785431767,hybrid_better
mp-2333,2.06359601020813,2.0355977058410644,2.048153526118748,0.012555820277683427,0.02799830436706552,0.015442484089382091,hybrid_better
mp-23392,1.196866750717163,1.240067148208618,1.1705282494330267,0.06953889877559138,0.04320039749145499,0.026338501284136395,hybrid_better
mp-2347,2.067145347595215,1.9329813957214355,1.9676406775934274,0.034659281871991965,0.13416395187377939,0.09950467000178742,hybrid_better
mp-2348,2.0762834548950195,2.060486841201782,2.07065230797978,0.01016546677799779,0.015796613693237482,0.005631146915239693,hybrid_better
mp-23485,1.0336649417877197,1.119089126586914,1.1255378261399394,0.006448699553025294,0.08542418479919434,0.09187288435221963,gnn_better
mp-2351,2.253655433654785,2.3613407611846924,2.2202847227470945,0.14105603843759784,0.10768532752990723,0.033370710907690615,hybrid_better
mp-23562,1.3053299188613892,1.1343804836273192,1.1069543641844628,0.027426119442856445,0.1709494352340699,0.19837555467692636,gnn_better
mp-237,1.821952223777771,1.8197030782699586,1.7764037220201387,0.04329935624981984,0.002249145507812411,0.045548501757632254,gnn_better
mp-23714,1.57508385181427,1.604257845878601,1.517313812764965,0.08694403311363597,0.029173994064330966,0.057770039049305,gnn_better
mp-23715,1.4772371053695679,1.3101622104644775,1.2501145573049972,0.06004765315948024,0.16707489490509042,0.22712254806457066,gnn_better
mp-23759,1.5918545722961426,1.6372010231018066,1.5833392190106355,0.05386180409117114,0.04534645080566402,0.008515353285507121,hybrid_better
mp-23791,1.1603184938430786,1.5530934810638428,1.3656197585583871,0.1874737225054557,0.3927749872207642,0.20530126471530852,hybrid_better
mp-23818,1.5737301111221313,1.5317249774932862,1.4960448730331692,0.035680104460116935,0.04200513362884517,0.0776852380889621,gnn_better
mp-23879,1.5507540702819824,1.6305063486099243,1.6834610281761477,0.05295467956622346,0.07975227832794185,0.1327069578941653,gnn_better
mp-2391,2.0328121185302734,2.156993770599365,2.0781437708381585,0.07884999976120666,0.12418165206909171,0.04533165230788505,hybrid_better
mp-23956,1.3629345893859863,1.3919901132583619,1.3478556411398657,0.04413447211849619,0.029055523872375533,0.01507894824612066,hybrid_better
mp-2404,1.747652530670166,1.720828151702881,1.7618878970143412,0.04105974531146028,0.026824378967285067,0.014235366344175215,hybrid_better
mp-24084,1.1368473768234253,1.1260712146759033,1.175316719377491,0.04924550470158762,0.010776162147521973,0.038469342554065644,gnn_better
mp-24148,2.0977535247802734,2.0407554626464846,2.053311628756147,0.012556166109662481,0.056998062133788885,0.044441896024126404,hybrid_better
mp-24214,1.2905910015106201,1.344949984550476,1.4463206755723053,0.10137069102182927,0.05435898303985587,0.15572967406168514,gnn_better
mp-24422,1.1518293619155884,1.309359884262085,1.2120716684509483,0.09728821581113678,0.15753052234649667,0.06024230653535989,hybrid_better
mp-2450,1.5747371912002563,1.545102047920227,1.577357591558748,0.03225554363852101,0.029635143280029252,0.002620400358491759,hybrid_better
mp-246,2.0094423294067383,1.9661099195480347,1.9464926136643688,0.019617305883665948,0.04333240985870357,0.06294971574236952,gnn_better
mp-2460,2.184560775756836,2.2259934902191163,2.203604069313436,0.02238942090568008,0.04143271446228036,0.019043293556600283,hybrid_better
mp-2462,1.9991565942764282,1.988071608543396,1.9801331078759006,0.007938500667495463,0.011084985733032182,0.019023486400527645,gnn_better
mp-2464440,1.5031776428222656,1.385844111442566,1.3374275915960474,0.04841651984651851,0.11733353137969971,0.16575005122621822,gnn_better
mp-2465,2.236783981323242,2.32834792137146,2.241581552688012,0.08676636868344811,0.09156394004821777,0.004797571364769659,hybrid_better
mp-24658,1.875512719154358,1.882736372947693,1.856980671157641,0.02575570179005182,0.007223653793335005,0.018532047996716816,gnn_better
mp-24719,2.3030447959899902,2.282326030731201,2.155362817562648,0.12696321316855297,0.02071876525878924,0.1476819784273422,gnn_better
mp-2484,1.7588286399841309,1.7246834993362428,1.7645726325003117,0.039889133164068946,0.034145140647888095,0.005743992516180851,hybrid_better
mp-2491,1.9225022792816162,1.9480985164642335,1.9195899658357043,0.028508550628529195,0.025596237182617276,0.002912313445911918,hybrid_better
mp-2512,2.1812689304351807,2.196559524536133,2.2348350307050477,0.03827550616891484,0.015290594100952237,0.05356610026986708,gnn_better
mp-25317,1.840958833694458,1.9106847763061523,1.8777211254115884,0.03296365089456388,0.06972594261169429,0.03676229171713041,hybrid_better
mp-2533,2.3701632022857666,2.343844842910767,2.3446966805806606,0.000851837669893829,0.026318359374999822,0.025466521705105993,hybrid_better
mp-2542,2.3181405067443848,2.2184701442718504,2.2572528297202994,0.038782685448448984,0.09967036247253436,0.060887677024085374,hybrid_better
mp-2554,2.0864274501800537,2.084912967681885,2.088409273023041,0.0034963053411560807,0.0015144824981687677,0.001981822842987313,gnn_better
mp-2567,2.283595085144043,2.3199043750762938,2.314458537070074,0.005445838006219894,0.0363092899322508,0.030863451926030905,hybrid_better
mp-2606,1.9970760345458984,2.016398859024048,2.0121172609747147,0.004281598049333368,0.01932282447814959,0.015041226428816223,hybrid_better
mp-2615,1.6903733015060425,1.7148564815521241,1.629833313208244,0.08502316834388002,0.024483180046081632,0.060539988297798386,gnn_better
mp-2618,1.8724709749221802,1.8811955213546754,1.8503482307366679,0.030847290618007506,0.008724546432495206,0.0221227441855123,gnn_better
mp-2620,1.959680438041687,1.9346577644348144,1.9164160183162369,0.01824174611857754,0.025022673606872603,0.04326441972545014,gnn_better
mp-2640,1.8847839832305908,1.9026757717132567,1.8932993840754437,0.00937638763781301,0.017891788482665927,0.008515400844852916,hybrid_better
mp-2642,1.8661041259765625,1.8243892192840576,1.797050099361606,0.027339119922451527,0.04171490669250488,0.06905402661495641,gnn_better
mp-2654,1.5128843784332275,1.4246297597885131,1.3730515375260848,0.051578222262428364,0.0882546186447144,0.13983284090714276,gnn_better
mp-2693,1.6841808557510376,1.648526930809021,1.633557851430077,0.014969079378943873,0.03565392494201669,0.05062300432096056,gnn_better
mp-2698,1.9285545349121094,1.954318070411682,1.9045636293822183,0.04975444102946369,0.025763535499572665,0.023990905529891027,hybrid_better
mp-2706,1.566567063331604,1.4694920778274536,1.5679327504429759,0.09844067261552225,0.09707498550415039,0.0013656871113718605,hybrid_better
mp-2717324,1.877210021018982,1.910221767425537,1.7457874337465829,0.16443433367895421,0.03301174640655513,0.13142258727239908,gnn_better
mp-27175,2.131429433822632,1.9371371746063233,1.9963773656081194,0.059240191001796116,0.19429225921630855,0.13505206821451243,hybrid_better
mp-2717767,1.729504942893982,1.8180459499359132,1.785493759088526,0.03255219084738714,0.08854100704193124,0.0559888161945441,hybrid_better
mp-27207,1.3376389741897583,1.2233970165252686,1.3126620544955891,0.0892650379703206,0.11424195766448975,0.024976919694169153,hybrid_better
mp-2741,1.903957724571228,1.8730162382125854,1.7412583951826517,0.13175784302993376,0.030941486358642578,0.16269932938857634,gnn_better
mp-27421,1.1330276727676392,1.2284094572067261,1.3244390882418107,0.09602963103508455,0.09538178443908696,0.1914114154741715,gnn_better
mp-2749,2.0936317443847656,2.083917665481567,2.097232386596155,0.013314721114587869,0.00971407890319842,0.0036006422113894487,hybrid_better
mp-27562,1.9771243333816528,1.994049072265625,2.0727234749637633,0.0786744026981383,0.016924738883972168,0.09559914158211047,gnn_better
mp-2762,2.2929069995880127,2.310035467147827,2.2789860991650803,0.031049367982746823,0.017128467559814453,0.01392090042293237,hybrid_better
mp-27630,1.0023820400238037,0.8606094598770142,0.9399392174506357,0.07932975757362148,0.1417725801467895,0.06244282257316802,hybrid_better
mp-27632,1.0542298555374146,1.0339621543884276,1.140449445003971,0.1064872906155434,0.020267701148986905,0.0862195894665565,gnn_better
mp-27636,0.8493579626083374,0.906127643585205,0.8688884996055567,0.03723914397964834,0.05676968097686763,0.019530536997219294,hybrid_better
mp-2775,1.732442021369934,1.7206507921218872,1.7127779504728244,0.007872841649062767,0.011791229248046875,0.019664070897109642,gnn_better
mp-27757,2.140489101409912,2.1942914962768554,2.109101415639138,0.08519008063771727,0.05380239486694327,0.031387685770774,hybrid_better
mp-27827,0.9845272898674011,1.0707180976867676,1.064446300523856,0.0062717971629115965,0.0861908078193665,0.0799190106564549,hybrid_better
mp-27831,1.022139549255371,1.0062440872192382,1.0566698491356532,0.05042576191641501,0.0158954620361329,0.03453029988028211,gnn_better
mp-27838,1.2348967790603638,1.1120349884033203,1.2867955325049156,0.17476054410159536,0.1228617906570435,0.05189875344455186,hybrid_better
mp-27839,1.0877104997634888,1.0394362330436706,1.0905503151394351,0.05111408209576451,0.04827426671981816,0.002839815375946353,hybrid_better
mp-27840,1.7754284143447876,1.7552720785140992,1.8042874069373873,0.04901532842328815,0.020156335830688432,0.02885899259259972,gnn_better
mp-27849,1.443137764930725,1.2100926876068114,1.470353952728388,0.26026126512157655,0.23304507732391366,0.027216187797662883,hybrid_better
mp-27927,2.2380611896514893,2.231648874282837,2.280817960261651,0.049169085978813865,0.006412315368652166,0.0427567706101617,gnn_better
mp-2793,0.9549657106399536,1.2386447429656982,1.2977169554065224,0.05907221244082428,0.28367903232574454,0.3427512447665688,gnn_better
mp-2795,2.340545177459717,2.3212563037872314,2.323692199275871,0.002435895488639428,0.01928887367248544,0.016852978183846012,hybrid_better
mp-27971,1.4389692544937134,1.4231088638305665,1.4722844130759891,0.04917554924542267,0.015860390663146928,0.03331515858227574,gnn_better
mp-27984,1.8616658449172974,1.8376294136047364,1.840522633353293,0.002893219748556497,0.024036431312560946,0.02114321156400445,hybrid_better
mp-2802,2.29691743850708,2.3119150161743165,2.2835072692750593,0.02840774689925718,0.014997577667236417,0.013410169232020763,hybrid_better
mp-28024,2.101726531982422,2.116658926010132,2.0853660216852674,0.03129290432486442,0.014932394027709961,0.016360510297154462,gnn_better
mp-2802611,0.914977490901947,0.2513356447219849,0.848138288538936,0.5968026438169511,0.6636418461799621,0.066839202363011,hybrid_better
mp-28069,1.5738343000411987,1.5427955389022827,1.5120930488488344,0.030702490053448273,0.031038761138916016,0.06174125119236429,gnn_better
mp-2807,1.9569315910339355,1.998702311515808,1.960946813177804,0.03775549833800396,0.04177072048187247,0.004015222143868513,hybrid_better
mp-2808,2.2158701419830322,2.2132400989532472,2.215267663622128,0.0020275646688805438,0.0026300430297849786,0.0006024783609044349,hybrid_better
mp-28145,1.0338256359100342,1.0535611152648925,1.0957993073027463,0.04223819203785384,0.01973547935485831,0.06197367139271215,gnn_better
mp-28270,1.2232621908187866,1.151602840423584,1.1636045616850013,0.012001721261417186,0.07165935039520255,0.05965762913378536,hybrid_better
mp-2828744,1.4720978736877441,1.5173772811889648,1.5029000273624322,0.014477253826532532,0.045279407501220614,0.030802153674688082,hybrid_better
mp-2828768,1.5382720232009888,1.5655011415481568,1.6023421569782683,0.036841015430111534,0.027229118347168013,0.06407013377727955,gnn_better
mp-2828799,1.4037723541259766,1.5097930908203125,1.4863086040392357,0.02348448678107684,0.10602073669433598,0.08253624991325914,hybrid_better
mp-28302,1.2136770486831665,1.1397468090057372,1.2285977302314142,0.08885092122567695,0.07393023967742929,0.01492068154824766,hybrid_better
mp-2838,2.2638347148895264,2.1956209182739257,2.246411389619358,0.05079047134543213,0.06821379661560067,0.017423325270168544,hybrid_better
mp-28395,2.2976818084716797,2.2989447116851807,2.3021866574808763,0.003241945795695589,0.0012629032135009766,0.004504849009196565,gnn_better
mp-28497,1.2379205226898193,1.2847729206085206,1.2113688890004983,0.07340403160802222,0.046852397918701216,0.026551633689321008,hybrid_better
mp-28665,2.0977706909179688,2.0702021598815916,2.0815005885401625,0.011298428658570892,0.02756853103637713,0.01627010237780624,hybrid_better
mp-28698,1.6228355169296265,1.7077353239059447,1.7758962301814425,0.06816090627549776,0.08489980697631827,0.15306071325181603,gnn_better
mp-28731,2.3763067722320557,2.408268928527832,2.415490154302545,0.007221225774713069,0.03196215629577637,0.039183382070489436,gnn_better
mp-2878,1.8503336906433105,1.759693694114685,1.7089571263372707,0.05073656777741431,0.09063999652862553,0.14137656430603984,gnn_better
mp-2894,1.9462213516235352,2.0015137672424315,1.9497293521744168,0.05178441506801468,0.05529241561889631,0.003508000550881629,hybrid_better
mp-28945,2.03425931930542,1.9984567880630493,1.9987054513295128,0.00024866326646355574,0.03580253124237065,0.035553867975907094,hybrid_better
mp-29009,1.2991149425506592,1.3529478073120118,1.3506626581312198,0.0022851491807920343,0.05383286476135263,0.051547715580560594,hybrid_better
mp-29076,2.359602212905884,2.48435697555542,2.483925397492002,0.0004315780634178701,0.12475476264953622,0.12432318458611835,hybrid_better
mp-29111,2.239642381668091,2.21702184677124,2.2204873906910167,0.0034655439197766036,0.022620534896850675,0.01915499097707407,hybrid_better
mp-292,2.2903218269348145,2.2757226467132567,2.293014982834161,0.017292336120904306,0.014599180221557706,0.0026931558993466,hybrid_better
mp-29207,1.509914517402649,1.5461080074310303,1.6252702107731707,0.07916220334214041,0.03619349002838135,0.11535569337052176,gnn_better
mp-2924,2.117337703704834,2.122823715209961,2.145400327160872,0.022576611950911207,0.005486011505126953,0.02806262345603816,gnn_better
mp-29241,1.7391449213027954,1.7636616230010986,1.744952004197882,0.018709618803216532,0.024516701698303223,0.00580708289508669,hybrid_better
mp-2930,2.28448486328125,2.3199079036712646,2.286877816898305,0.0330300867729596,0.03542304039001465,0.002392953617055049,hybrid_better
mp-2935,1.7854009866714478,1.8056125402450562,1.7942181413243918,0.011394398920664406,0.020211553573608487,0.008817154652944081,hybrid_better
mp-29356,2.1581664085388184,2.1608203887939452,2.1414099081540074,0.019410480639937777,0.0026539802551268643,0.016756500384810913,gnn_better
mp-29551,1.0898698568344116,1.1057456970214843,1.1240227309232196,0.018277033901735296,0.015875840187072665,0.03415287408880796,gnn_better
mp-29556,1.1636979579925537,1.1547780513763428,1.0525133359349608,0.10226471544138205,0.008919906616210893,0.11118462205759294,gnn_better
mp-2958,2.2564315795898438,2.2634745121002195,2.2385925298306164,0.024881982269603142,0.007042932510375799,0.017839049759227343,gnn_better
mp-29585,1.1713168621063232,1.1022061109542847,1.2608447753272352,0.1586386643729505,0.06911075115203857,0.08952791322091191,gnn_better
mp-29618,2.311866044998169,2.2973812580108643,2.2910380848713956,0.00634317313946875,0.014484786987304599,0.02082796012677335,gnn_better
mp-29726,2.216949224472046,2.182525968551636,2.1946640364376755,0.01213806788603966,0.03442325592041007,0.022285188034370407,hybrid_better
mp-29733,1.8449801206588745,1.7880244970321655,1.7974087277280315,0.009384230695866025,0.05695562362670903,0.047571392930843004,hybrid_better
mp-29750,1.0592224597930908,1.0072658896446227,1.1617461674512004,0.1544802778065777,0.051956570148468106,0.10252370765810959,gnn_better
mp-29752,2.291339874267578,2.2978636264801025,2.289878330098271,0.007985296381831652,0.006523752212524325,0.0014615441693073272,hybrid_better
mp-29771,1.88938570022583,1.902986478805542,1.907324159355203,0.004337680549661105,0.01360077857971187,0.017938459129372974,gnn_better
mp-2979,2.209077835083008,2.217835855484009,2.221287053681505,0.0034511981974958417,0.008758020401001154,0.012209218598496996,gnn_better
mp-29809,1.8905383348464966,1.89372775554657,1.8765447838175746,0.0171829717289953,0.003189420700073331,0.013993551028921969,gnn_better
mp-29868,1.6992131471633911,1.5473947048187255,1.49224245896794,0.0551522458507856,0.15181844234466557,0.20697068819545117,gnn_better
mp-29889,1.1292062997817993,1.1682631731033326,1.1832699335209942,0.01500676041766158,0.03905687332153329,0.05406363373919487,gnn_better
mp-2990,1.8777397871017456,1.847723126411438,1.856193869254918,0.00847074284348004,0.030016660690307617,0.021545917846827578,hybrid_better
mp-29900,2.044269323348999,1.9763747692108153,1.987007686242794,0.01063291703197855,0.06789455413818368,0.05726163710620513,hybrid_better
mp-30068,0.7014816403388977,0.5703093767166137,0.6814489565484342,0.11113957983182043,0.13117226362228396,0.020032683790463524,hybrid_better
mp-30069,2.168600559234619,2.071882152557373,2.0810338388731653,0.009151686315792329,0.09671840667724618,0.08756672036145385,hybrid_better
mp-3011,2.1642637252807617,2.1084070205688477,2.135415678875946,0.027008658307098532,0.05585670471191406,0.02884804640481553,hybrid_better
mp-30139,0.4274861216545105,1.0092569828033446,0.9889271113999435,0.020329871403401145,0.5817708611488341,0.561440989745433,hybrid_better
mp-3018,2.074209213256836,2.0626291751861574,2.020467475748906,0.04216169943725134,0.011580038070678533,0.053741737507929876,gnn_better
mp-3019,1.4271126985549927,1.4012407541275025,1.3560833399201608,0.04515741420734165,0.02587194442749019,0.07102935863483184,gnn_better
mp-30245,1.7387092113494873,1.8083054065704345,1.8200521295250582,0.011746722954623756,0.06959619522094718,0.08134291817557093,gnn_better
mp-30338,1.697429895401001,1.6794448137283324,1.69690062855993,0.017455814831597527,0.017985081672668546,0.0005292668410710188,hybrid_better
mp-30342,1.886795163154602,1.8899762630462646,1.860656577070791,0.02931968597547363,0.0031810998916625977,0.026138586083811033,gnn_better
mp-30344,1.6337007284164429,1.6316142082214355,1.6728273647983898,0.041213156576954235,0.0020865201950073242,0.03912663638194691,gnn_better
mp-30353,2.301830530166626,2.321412181854248,2.305368164095617,0.016044017758630957,0.01958165168762216,0.0035376339289912018,hybrid_better
mp-30371,1.8663700819015503,1.9334548711776733,1.8473802603922373,0.08607461078543599,0.06708478927612305,0.018989821509312943,hybrid_better
mp-30406,1.660590410232544,1.628676700592041,1.635803004592703,0.007126304000661943,0.031913709640502885,0.024787405639840943,hybrid_better
mp-30437,1.8221876621246338,1.7592941522598267,1.8093700321074948,0.05007587984766815,0.06289350986480713,0.012817630017138981,hybrid_better
mp-30443,2.181692123413086,2.1880524158477783,2.1893731431975363,0.0013207273497579664,0.006360292434692383,0.007681019784450349,gnn_better
mp-30444,2.1256470680236816,2.1372501373291017,2.130651243175182,0.006598894153919677,0.0116030693054201,0.005004175151500423,hybrid_better
mp-30449,1.7520099878311157,1.673802661895752,1.668563127728912,0.0052395341668400874,0.07820732593536373,0.08344686010220381,gnn_better
mp-30453,1.951507568359375,1.970060133934021,1.9906202430506537,0.020560109116632752,0.018552565574645907,0.03911267469127866,gnn_better
mp-30457,1.9158533811569214,1.975682020187378,1.9725703093824773,0.0031117108049005804,0.05982863903045654,0.05671692822555596,hybrid_better
mp-3047,2.2076666355133057,2.2462587356567383,2.2633937524618792,0.017135016805140957,0.03859210014343262,0.055727116948573574,gnn_better
mp-30494,1.7864035367965698,1.7461754322052,1.8253419296766566,0.07916649747145654,0.04022810459136972,0.038938392880086825,hybrid_better
mp-30497,1.7388360500335693,1.7402476072311401,1.7784610216667986,0.03821341443565851,0.0014115571975708008,0.03962497163322931,gnn_better
mp-30501,1.9507688283920288,2.01862154006958,1.9131773665610088,0.10544417350857138,0.06785271167755136,0.03759146183102002,hybrid_better
mp-30533,1.4995496273040771,1.4593873500823975,1.5017258366313617,0.042338486548964216,0.04016227722167964,0.002176209327284573,hybrid_better
mp-30594,2.162020444869995,2.2037331581115724,2.151154350419378,0.052578807692194474,0.041712713241577326,0.010866094450617148,hybrid_better
mp-30603,2.135533332824707,2.13506965637207,2.1184366140239277,0.016633042348142446,0.0004636764526368964,0.017096718800779342,gnn_better
mp-30620,2.2563064098358154,2.2809520244598387,2.2524052024923353,0.028546821967503355,0.02464561462402326,0.0039012073434800953,hybrid_better
mp-30648,1.5834368467330933,1.6059389591217041,1.5608181538892212,0.04512080523248296,0.022502112388610884,0.02261869284387208,gnn_better
mp-30655,2.1308000087738037,2.0779908657073975,2.092958624726238,0.01496775901884062,0.05280914306640616,0.03784138404756554,hybrid_better
mp-30671,2.079228401184082,2.0615288257598876,2.1109382751148758,0.049409449354988144,0.017699575424194425,0.03170987393079372,gnn_better
mp-30672,2.074838399887085,2.0870071411132813,2.102999081718905,0.0159919406056237,0.012168741226196378,0.028160681831820078,gnn_better
mp-30725,1.7960675954818726,1.7841712951660156,1.7890919071286358,0.004920611962620169,0.011896300315856978,0.006975688353236809,hybrid_better
mp-30779,1.59676194190979,1.5927696704864502,1.6082601210592997,0.015490450572849479,0.003992271423339799,0.01149817914950968,gnn_better
mp-30788,2.334958076477051,2.3137793064117433,2.310880696659067,0.0028986097526764176,0.02117877006530744,0.024077379817983857,gnn_better
mp-308,2.213963747024536,2.0814585208892824,2.158001647415804,0.07654312652652173,0.13250522613525373,0.055962099608732,hybrid_better
mp-3081,2.331552743911743,2.323704147338867,2.3328674732180703,0.00916332587920321,0.007848596572876065,0.0013147293063271448,hybrid_better
mp-30811,2.35443115234375,2.3636770725250242,2.3681335872693414,0.004456514744317186,0.009245920181274236,0.013702434925591422,gnn_better
mp-30818,1.9273858070373535,1.881097412109375,1.8851805148031613,0.0040831026937862,0.04628839492797843,0.042205292234192227,hybrid_better
mp-30840,2.189077377319336,2.2255996227264405,2.210403340548795,0.015196282177645681,0.03652224540710458,0.0213259632294589,hybrid_better
mp-30851,2.307431936264038,2.3461249828338624,2.361734239292418,0.01560925645855571,0.03869304656982431,0.05430230302838002,gnn_better
mp-30872,1.8544639348983765,1.7853837251663207,1.8811223569082418,0.0957386317419211,0.06908020973205575,0.026658422009865346,hybrid_better
mp-3088,2.218275547027588,2.200836992263794,2.238551467170152,0.03771447490635804,0.017438554763793856,0.020275920142564186,gnn_better
mp-30943,1.0029431581497192,1.149496603012085,1.2220942275324749,0.07259762452038987,0.14655344486236577,0.21915106938275564,gnn_better
mp-30981,1.425305962562561,1.4907119750976563,1.659046320515321,0.16833434541766468,0.06540601253509526,0.23374035795275994,gnn_better
mp-30999,0.7881683707237244,1.0466937303543091,1.1358098381221164,0.08911610776780732,0.25852535963058476,0.3476414673983921,gnn_better
mp-31017,2.1594078540802,2.1539122581481935,2.1742340292912856,0.020321771143092082,0.005495595932006658,0.014826175211085424,gnn_better
mp-3103,2.3346307277679443,2.3584164142608643,2.38205785033512,0.02364143607425584,0.02378568649292001,0.04742712256717585,gnn_better
mp-31038,0.7498908638954163,1.1353051662445068,1.2698363312053957,0.1345311649608889,0.3854143023490906,0.5199454673099795,gnn_better
mp-3105,2.1726322174072266,2.1916148185729982,2.1576230589898313,0.033991759583166914,0.018982601165771662,0.015009158417395252,hybrid_better
mp-3108,2.2010884284973145,2.2234975337982177,2.2036198215370386,0.01987771226117907,0.02240910530090323,0.0025313930397241613,hybrid_better
mp-3109,1.8484477996826172,1.8479263305664062,1.8163181288046228,0.03160820176178336,0.0005214691162109819,0.03212967087799434,gnn_better
mp-31136,1.8140144348144531,1.8397483825683594,1.8272902375108266,0.012458145057532732,0.02573394775390625,0.013275802696373518,hybrid_better
mp-31219,2.4266884326934814,2.4182116031646728,2.4197238331530135,0.0015122299883407742,0.008476829528808683,0.006964599540467908,hybrid_better
mp-31235,1.3687702417373657,1.2316913843154906,1.377060926255019,0.14536954193952845,0.1370788574218751,0.008290684517653357,hybrid_better
mp-31363,1.087923288345337,1.0249581217765809,1.0498480175072067,0.024889895730625833,0.06296516656875606,0.038075270838130226,hybrid_better
mp-31402,2.119717597961426,2.0837278366088867,2.1031161129115072,0.019388276302620522,0.03598976135253906,0.01660148504991854,hybrid_better
mp-3142,0.5737996101379395,1.6768078565597535,1.9101911566613865,0.233383300101633,1.103008246421814,1.336391546523447,gnn_better
mp-31451,2.0727128982543945,2.0560930252075194,2.0615408281322134,0.005447802924694045,0.016619873046875178,0.011172070122181132,hybrid_better
mp-31458,2.1599881649017334,2.1406035900115965,2.15705821163055,0.016454621618953613,0.019384574890136896,0.002929953271183283,hybrid_better
mp-3161,1.7998158931732178,1.7254079103469848,1.7046336798095827,0.020774230537402127,0.07440798282623295,0.09518221336363508,gnn_better
mp-3164,1.7141201496124268,1.6550348281860352,1.6894512944764881,0.03441646629045292,0.05908532142639156,0.02466885513593864,hybrid_better
mp-3190,2.0825304985046387,2.2868237495422363,2.2770848687539074,0.009738880788328963,0.20429325103759766,0.1945543702492687,hybrid_better
mp-322,1.3631041049957275,1.1492504358291626,1.2434487611590834,0.09419832532992078,0.2138536691665649,0.11965534383664411,hybrid_better
mp-32887,1.069594144821167,1.0619357705116272,1.2492634909444642,0.18732772043283696,0.0076583743095397505,0.1796693461232972,gnn_better
mp-32994,2.3522443771362305,2.419293260574341,2.3204273454570488,0.09886591511729215,0.06704888343811044,0.031817031679181706,hybrid_better
mp-33018,1.039096713066101,0.9429839372634887,1.0020223654944242,0.059038428230935525,0.09611277580261235,0.037074347571676824,hybrid_better
mp-3307,1.637489676475525,1.4961286783218384,1.413502212176817,0.08262646614502134,0.14136099815368652,0.22398746429870786,gnn_better
mp-33104,1.903946876525879,1.746361255645752,1.683349268123219,0.06301198752253301,0.15758562088012695,0.22059760840265996,gnn_better
mp-3323,2.182751178741455,2.1601066112518312,2.16373970439492,0.0036330931430885727,0.022644567489623846,0.019011474346535273,hybrid_better
mp-33322,1.6698187589645386,1.6710185050964355,1.6781147064625248,0.00709620136608935,0.0011997461318968838,0.008295947497986234,gnn_better
mp-3342,1.1759754419326782,1.2351982831954955,1.3116267831392021,0.0764284999437066,0.059222841262817294,0.1356513412065239,gnn_better
mp-33526,1.6959630250930786,1.5764656782150268,1.5692067892803545,0.007258888934672303,0.1194973468780518,0.1267562358127241,gnn_better
mp-3359,1.984270691871643,1.964818263053894,1.9790262205631564,0.014207957509262403,0.019452428817749112,0.005244471308486709,hybrid_better
mp-3382,2.3326566219329834,2.261429691314697,2.220161118578651,0.04126857273604623,0.07122693061828622,0.11249550335433245,gnn_better
mp-3387,2.3322181701660156,2.264087677001953,2.225219129961245,0.03886854704070819,0.0681304931640625,0.10699904020477069,gnn_better
mp-33880,1.3602145910263062,1.3779831886291505,1.5081473399442653,0.13016415131511483,0.017768597602844327,0.14793274891795916,gnn_better
mp-3398,1.8748527765274048,1.9265703916549684,1.9462404154482662,0.019670023793297853,0.051717615127563565,0.07138763892086142,gnn_better
mp-3408,2.2605912685394287,2.2780385494232176,2.2924764036100695,0.01443785418685195,0.017447280883788885,0.031885135070640835,gnn_better
mp-34240,1.6233940124511719,1.5656628370285035,1.5490298706975518,0.016632966330951682,0.05773117542266837,0.07436414175362005,gnn_better
mp-3427,1.9654650688171387,2.0422333240509034,1.9826171029111255,0.059616221139777936,0.07676825523376474,0.0171520340939868,hybrid_better
mp-3432,2.0159924030303955,2.02105827331543,2.0213685287623386,0.00031025544690876927,0.005065870285034357,0.005376125731943127,gnn_better
mp-3437,2.1376421451568604,2.0884167671203615,2.1370606963969925,0.04864392927663097,0.049225378036498846,0.0005814487598678753,hybrid_better
mp-34418,1.3983219861984253,1.6213801145553588,1.3278700398498224,0.29351007470553636,0.2230581283569335,0.07045194634860286,hybrid_better
mp-34467,1.6583930253982544,1.4457818269729614,1.4720249919038,0.02624316493083856,0.21261119842529297,0.1863680334944544,hybrid_better
mp-3469,2.1628987789154053,2.1373953819274902,2.1326099319945366,0.0047854499329536004,0.02550339698791504,0.03028884692086864,gnn_better
mp-3470,1.9900057315826416,2.1211259841918944,2.0821690322258943,0.03895695196600002,0.13112025260925275,0.09216330064325273,hybrid_better
mp-3471,2.1360256671905518,2.1464542388916015,2.1770775239997433,0.03062328510814183,0.010428571701049716,0.041051856809191545,gnn_better
mp-3488,1.9872326850891113,2.019905757904053,2.0615670376558803,0.04166127975182743,0.032673072814941584,0.07433435256676901,gnn_better
mp-34903,1.8055959939956665,1.7765604734420777,1.7932443337659634,0.01668386032388569,0.029035520553588823,0.012351660229703132,hybrid_better
mp-3494,2.008570432662964,1.9905958652496338,2.000918998894834,0.0103231336452001,0.017974567413330034,0.007651433768129934,hybrid_better
mp-34993,2.185170888900757,2.1988821506500242,2.1722601326354147,0.026622018014609505,0.0137112617492674,0.012910756265342105,hybrid_better
mp-3503,1.9263116121292114,1.9249890089035033,1.9202625877580455,0.004726421145457849,0.0013226032257080966,0.006049024371165945,gnn_better
mp-35035,1.1842938661575317,1.2414445638656617,1.1937472713371686,0.047697292528493085,0.05715069770812997,0.009453405179636887,hybrid_better
mp-3521,1.4473751783370972,1.5654568433761598,1.5745450876978075,0.009088244321647787,0.11808166503906259,0.12716990936071038,gnn_better
mp-3522,1.824639916419983,1.8049066305160522,1.7706588088967863,0.03424782161926587,0.019733285903930753,0.053981107523196625,gnn_better
mp-35276,1.68830406665802,1.6973695516586305,1.7607116023409604,0.0633420506823299,0.00906548500061044,0.07240753568294034,gnn_better
mp-35388,1.6407397985458374,1.6275309562683105,1.601580133574479,0.02595082269383142,0.013208842277526944,0.039159664971358366,gnn_better
mp-35417,2.014150857925415,2.0556368827819824,2.125524100476889,0.06988721769490658,0.04148602485656738,0.11137324255147396,gnn_better
mp-35591,1.7303380966186523,1.7550233840942382,1.7109115634519754,0.04411182064226282,0.02468528747558585,0.019426533166676974,hybrid_better
mp-35841,1.769281268119812,1.7308340549468995,1.7741716912237346,0.04333763627683518,0.03844721317291255,0.004890423103922625,hybrid_better
mp-3589,1.776228904724121,1.5926900386810303,1.5885544948132015,0.004135543867828773,0.18353886604309078,0.18767440991091955,gnn_better
mp-3591,2.2423624992370605,2.2540986061096193,2.2579516462354903,0.0038530401258709546,0.011736106872558771,0.015589146998429726,gnn_better
mp-3595,1.8214545249938965,1.8121171951293946,1.8931428671335375,0.0810256720041429,0.009337329864501864,0.07168834213964104,gnn_better
mp-3602,1.966047763824463,1.9528327465057373,1.9622820673045926,0.009449320798855299,0.013215017318725542,0.003765696519870243,hybrid_better
mp-3606,2.2655749320983887,2.2547293663024903,2.236758888173722,0.017970478128768175,0.010845565795898349,0.028816043924666523,gnn_better
mp-363,2.159085750579834,2.07399435043335,2.1006072743766167,0.026612923943266864,0.0850914001464842,0.05847847620321733,hybrid_better
mp-36480,2.079441785812378,2.0932263851165773,2.080938618386525,0.012287766730052496,0.013784599304199396,0.0014968325741469002,hybrid_better
mp-36508,1.2137036323547363,1.1412766933441163,1.2040570081684014,0.06278031482428514,0.07242693901062003,0.009646624186334884,hybrid_better
mp-36526,2.0274882316589355,2.0145628690719604,1.9691624456643837,0.04540042340757666,0.012925362586975186,0.05832578599455185,gnn_better
mp-3677,2.2387332916259766,2.210964250564575,2.2649888800746942,0.054024629510119215,0.027769041061401545,0.02625558844871767,hybrid_better
mp-3702,2.295421838760376,2.3325918197631834,2.2647157016855552,0.06787611807762817,0.03716998100280744,0.030706137074820727,hybrid_better
mp-3706,2.3042104244232178,2.2641685009002686,2.2818555416371273,0.017687040736858783,0.04004192352294922,0.022354882786090435,hybrid_better
mp-3740,2.202540159225464,2.135137367248535,2.164868284556481,0.02973091730794586,0.06740279197692889,0.03767187466898303,hybrid_better
mp-3747,2.1993191242218018,2.2442390441894533,2.2392544241846695,0.004984620004783835,0.044919919967651545,0.03993529996286771,hybrid_better
mp-3759,2.223508834838867,2.1685293674468995,2.190912866550017,0.022383499103117543,0.054979467391967685,0.03259596828885014,hybrid_better
mp-377,2.088589668273926,2.108517789840698,2.0956551354101443,0.0128626544305539,0.019928121566772372,0.007065467136218473,hybrid_better
mp-37784,1.834605097770691,1.9402636289596558,1.8737801041876097,0.06648352477204611,0.10565853118896484,0.039175006416918734,hybrid_better
mp-3795,1.8377399444580078,1.871011447906494,1.8032298283605912,0.0677816195459029,0.033271503448486284,0.03451011609741661,gnn_better
mp-3799,2.0020840167999268,2.0496519565582276,2.0092860561461903,0.04036590041203736,0.04756793975830087,0.007202039346263511,hybrid_better
mp-3802,2.372260093688965,2.4103923797607423,2.443024908592121,0.03263252883137868,0.03813228607177743,0.07076481490315611,gnn_better
mp-3803,2.3742294311523438,2.3998726844787597,2.445889767380296,0.04601708290153628,0.025643253326415927,0.0716603362279522,gnn_better
mp-3808,1.7789684534072876,1.6836551427841187,1.724967964185297,0.04131282140117842,0.09531331062316895,0.05400048922199052,hybrid_better
mp-38103,1.3183138370513916,1.5190102100372314,1.536453327837751,0.01744311780051966,0.20069637298583975,0.2181394907863594,gnn_better
mp-3839,1.6630221605300903,1.6882144927978515,1.6439043578398131,0.04431013495803837,0.025192332267761186,0.019117802690277186,hybrid_better
mp-38605,1.2243776321411133,1.334969973564148,1.3908609947823023,0.05589102121815426,0.11059234142303476,0.16648336264118901,gnn_better
mp-389,2.179342031478882,2.2039817333221436,2.177711812826537,0.026269920495606502,0.024639701843261808,0.0016302186523446949,hybrid_better
mp-38970,1.3367397785186768,1.2426409006118775,1.2166595530760043,0.025981347535873223,0.09409887790679927,0.1200802254426725,gnn_better
mp-3933,2.1743245124816895,2.150163507461548,2.182673166492866,0.03250965903131808,0.024161005020141513,0.00834865401117657,hybrid_better
mp-3934,1.8921948671340942,1.8986042499542237,1.8999268778428653,0.0013226278886415699,0.006409382820129483,0.007732010708771053,gnn_better
mp-3943,2.0918145179748535,2.0790597438812255,2.0760152713099913,0.0030444725712341913,0.012754774093628019,0.01579924666486221,gnn_better
mp-3953,1.8763967752456665,1.8992077350616454,1.7305424633401096,0.16866527172153578,0.022810959815978915,0.14585431190555687,gnn_better
mp-3955,1.4841716289520264,1.681517481803894,1.6536740409632498,0.027843440840644273,0.19734585285186768,0.1695024120112234,hybrid_better
mp-3962,2.019639730453491,2.0402368545532226,2.010326058326459,0.029910796226763736,0.020597124099731356,0.00931367212703238,hybrid_better
mp-3963,1.4387954473495483,1.4919983625411988,1.440755055169538,0.05124330737166072,0.053202915191650435,0.001959607819989717,hybrid_better
mp-40143,1.4752061367034912,1.4354108095169067,1.4911379741987347,0.055727164681828034,0.03979532718658452,0.015931837495243517,hybrid_better
mp-4047,1.2045811414718628,1.1897730112075806,1.2258505807619557,0.03607756955437513,0.014808130264282182,0.02126943929009295,gnn_better
mp-4051,1.2304999828338623,1.5343856334686279,1.5515899077576818,0.01720427428905391,0.3038856506347656,0.3210899249238195,gnn_better
mp-4071,2.2884392738342285,2.3179440975189207,2.2784810431829152,0.0394630543360055,0.029504823684692205,0.009958230651313293,hybrid_better
mp-4079,2.001552104949951,1.9863022565841675,2.0239643052006064,0.03766204861643896,0.015249848365783691,0.022412200250655268,gnn_better
mp-410,2.1503725051879883,2.2847954750061037,2.1455078577775097,0.13928761722859395,0.1344229698181154,0.00486464741047854,hybrid_better
mp-413,2.073249101638794,2.0027966022491457,2.04336579957906,0.040569197329914264,0.07045249938964826,0.029883302059733996,hybrid_better
mp-4131,2.19012713432312,2.1694621562957765,2.166791365347592,0.002670790948184454,0.020664978027343572,0.023335768975528026,gnn_better
mp-4138,1.3955185413360596,1.4549386739730834,1.3070418650729423,0.14789680890014112,0.05942013263702384,0.08847667626311728,gnn_better
mp-4174,1.9655779600143433,1.988255500793457,1.9603321922267116,0.02792330856674541,0.02267754077911377,0.005245767787631639,hybrid_better
mp-4226,1.8075755834579468,1.7488490343093872,1.7051571035635575,0.043691930745829666,0.05872654914855957,0.10241847989438924,gnn_better
mp-4233,1.3537046909332275,1.2840753555297852,1.2743645678261546,0.009710787703630652,0.0696293354034423,0.07934012310707295,gnn_better
mp-4238,2.2024447917938232,2.1610732555389403,2.1605813526575615,0.0004919028813787918,0.04137153625488299,0.04186343913626178,gnn_better
mp-4250,2.1172149181365967,2.1236106395721435,2.1095643566011444,0.01404628297099908,0.006395721435546786,0.007650561535452294,gnn_better
mp-426,2.1230311393737793,2.027767038345337,2.0751443691171683,0.04737733077183126,0.0952641010284423,0.04788677025661103,hybrid_better
mp-4275,2.1063337326049805,2.0953471183776857,2.1044578490209562,0.009110730643270504,0.010986614227294744,0.0018758835840242405,hybrid_better
mp-429,2.1604535579681396,2.166358804702759,2.153835087478085,0.012523717224673714,0.0059052467346192294,0.006618470490054484,gnn_better
mp-4291,2.0615580081939697,2.0484172821044924,2.0850936540110077,0.03667637190651529,0.013140726089477361,0.02353564581703793,gnn_better
mp-4316,1.661083459854126,1.8185010433197022,1.8243253347451873,0.005824291425485129,0.15741758346557622,0.16324187489106134,gnn_better
mp-4321,2.0062735080718994,2.152325487136841,2.1636350253451555,0.011309538208314596,0.1460519790649415,0.1573615172732561,gnn_better
mp-4370,1.900476336479187,1.8403267860412598,1.8589935572157343,0.018666771174474572,0.060149550437927246,0.041482779263452674,hybrid_better
mp-4387,2.163769483566284,2.1418430328369142,2.1548983707829934,0.01305533794607916,0.02192645072936994,0.00887111278329078,hybrid_better
mp-4391,2.299481153488159,2.2872592926025392,2.2898925726146033,0.0026332800120640876,0.01222186088561994,0.009588580873555852,hybrid_better
mp-4408,2.209833860397339,2.179179573059082,2.1777915232788523,0.001388049780229661,0.030654287338256925,0.032042337118486586,gnn_better
mp-4428,1.885067105293274,1.9596265316009522,1.9078779628505935,0.051748568750358714,0.07455942630767831,0.022810857557319597,hybrid_better
mp-4429,1.966371774673462,1.9940275430679322,1.962021794655404,0.032005748412528234,0.02765576839447026,0.004349980018057975,hybrid_better
mp-4431,1.3600250482559204,1.4836365222930907,1.5742188720556611,0.0905823497625704,0.12361147403717032,0.21419382379974072,gnn_better
mp-4441,1.8989773988723755,1.7948749303817748,1.822748128896944,0.02787319851516923,0.10410246849060067,0.07622926997543145,hybrid_better
mp-4472,2.4997544288635254,2.4944697856903075,2.4990285344308836,0.004558748740576046,0.005284643173217862,0.000725894432641816,hybrid_better
mp-448,2.3954854011535645,2.3153955936431885,2.293486383042883,0.021909210600305595,0.08008980751037598,0.10199901811068157,gnn_better
mp-4488,1.9257863759994507,1.8881375312805175,1.8631249961366545,0.025012535143863035,0.03764884471893315,0.06266137986279618,gnn_better
mp-4500,2.2397372722625732,2.228857183456421,2.188555610745297,0.04030157271112378,0.010880088806152433,0.05118166151727621,gnn_better
mp-4510,1.9565285444259644,1.9805819511413574,1.954320361984673,0.026261589156684417,0.024053406715393022,0.0022081824412913953,hybrid_better
mp-4561,2.065194845199585,2.0830303192138673,2.10169546907748,0.018665149863612562,0.017835474014282315,0.03650062387789488,gnn_better
mp-4590,2.2119851112365723,2.226195955276489,2.247493641375533,0.021297686099043922,0.014210844039916903,0.035508530138960825,gnn_better
mp-4626,1.852839708328247,1.9575309753417969,1.914817150582937,0.042713824758859875,0.1046912670135498,0.06197744225468993,hybrid_better
mp-4627,2.130404472351074,2.124195432662964,2.04463290393342,0.07956252872954384,0.006209039688110263,0.0857715684176541,gnn_better
mp-4643,2.0219454765319824,2.2186681747436525,2.2021504728755543,0.0165177018680982,0.1967226982116701,0.1802049963435719,hybrid_better
mp-4656,2.092618942260742,2.0945166110992433,2.071494989241173,0.02302162185807033,0.0018976688385010654,0.021123953019569264,gnn_better
mp-4731,1.6559159755706787,1.5859224557876588,1.6410141935993146,0.05509173781165577,0.06999351978301993,0.014901781971364159,hybrid_better
mp-4743,1.9574875831604004,1.94060320854187,1.9502286458485358,0.009625437306665763,0.016884374618530318,0.007258937311864555,hybrid_better
mp-4785,2.0346083641052246,2.0461466312408447,2.0569228571548828,0.01077622591403804,0.011538267135620117,0.022314493049658157,gnn_better
mp-4819,2.04699444770813,2.024522399902344,2.0458723143885185,0.021349914486174626,0.022472047805786044,0.001122133319611418,hybrid_better
mp-4823,1.6724673509597778,1.5445337295532227,1.5795240339725996,0.034990304419376894,0.12793362140655518,0.09294331698717828,hybrid_better
mp-4835,1.9144012928009033,1.8537085771560669,1.8951642059647864,0.04145562880871956,0.06069271564483647,0.019237086836116912,hybrid_better
mp-4876,1.1534794569015503,1.3119989395141602,1.2656995633461219,0.046299376168038364,0.15851948261260995,0.11222010644457159,hybrid_better
mp-4896,2.1473114490509033,2.158130073547363,2.126658649259652,0.03147142428771099,0.010818624496459872,0.02065279979125112,gnn_better
mp-496,1.7652660608291626,1.713412308692932,1.6514537181178504,0.061958590575081685,0.05185375213623056,0.11381234271131224,gnn_better
mp-4972,1.952230453491211,1.9646098852157592,1.97260603555223,0.00799615033647072,0.012379431724548251,0.02037558206101897,gnn_better
mp-4978,2.1950716972351074,2.238560438156128,2.2084165774176183,0.03014386073850961,0.04348874092102051,0.013344880182510899,hybrid_better
mp-5019,2.308034896850586,2.2977362155914305,2.263961922050445,0.03377429354098549,0.010298681259155451,0.04407297480014094,gnn_better
mp-5038,1.1088355779647827,1.041497242450714,1.1627343996359814,0.12123715718526729,0.06733833551406865,0.05389882167119864,hybrid_better
mp-504659,2.1736319065093994,2.1603811740875245,2.1620211577326245,0.001639983645099985,0.013250732421874911,0.011610748776774926,hybrid_better
mp-505249,2.222963571548462,2.1463066577911376,2.2256496590312858,0.07934300124014815,0.07665691375732431,0.00268608748282384,hybrid_better
mp-505510,2.046112537384033,2.033536672592163,2.0015347509628008,0.03200192162936233,0.012575864791870117,0.044577786421232446,gnn_better
mp-505554,2.236290216445923,2.2187421321868896,2.2006624142471547,0.01807971793973495,0.017548084259033203,0.035627802198768155,gnn_better
mp-505781,2.1290223598480225,2.122667837142944,2.1132551571791884,0.009412679963755721,0.006354522705078303,0.015767202668834024,gnn_better
mp-505803,2.058293104171753,2.1443817615509033,2.143129324580597,0.0012524369703061922,0.08608865737915039,0.0848362204088442,hybrid_better
mp-507,2.3074488639831543,2.272452735900879,2.3026258203740504,0.030173084473171574,0.03499612808227548,0.004823043609103905,hybrid_better
mp-5076,2.1554272174835205,2.1772305965423584,2.178950907414998,0.0017203108726397964,0.02180337905883789,0.023523689931477687,gnn_better
mp-5077,1.4644299745559692,1.3868559360504151,1.4224203745155442,0.03556443846512902,0.07757403850555411,0.04200960004042509,hybrid_better
mp-5090,1.7571834325790405,1.8149709939956664,1.8528156410519636,0.0378446470562972,0.05778756141662589,0.09563220847292309,gnn_better
mp-510076,1.1642934083938599,1.234611177444458,1.0363246433046982,0.19828653413975972,0.07031776905059806,0.12796876508916166,gnn_better
mp-510409,2.246680736541748,2.2317034721374513,2.2516885439128798,0.01998507177542841,0.014977264404296697,0.005007807371131712,hybrid_better
mp-5141,1.5756611824035645,1.5120228052139282,1.5165970922365752,0.004574287022647061,0.06363837718963627,0.059064090166989214,hybrid_better
mp-5149,2.29038405418396,2.2777233123779297,2.280914304544356,0.0031909921664263763,0.012660741806030273,0.009469749639603897,hybrid_better
mp-5152,1.9976876974105835,2.0277201652526857,2.0529719634714163,0.02525179821873058,0.03003246784210223,0.05528426606083281,gnn_better
mp-5158,1.2383472919464111,1.3735690116882324,1.3894920550529575,0.015923043364725054,0.1352217197418213,0.15114476310654634,gnn_better
mp-517,2.2664692401885986,2.253385639190674,2.2634537813613744,0.010068142170700511,0.013083600997924716,0.0030154588272242044,hybrid_better
mp-5222,1.8313641548156738,1.5858643531799317,1.380880012566983,0.2049843406129488,0.24549980163574214,0.45048414224869093,gnn_better
mp-523,1.795747995376587,2.1061479568481447,2.007089923682448,0.09905803316569672,0.3103999614715578,0.21134192830586107,hybrid_better
mp-5260,2.132685422897339,2.1397356033325194,2.129620645464961,0.010114957867558338,0.007050180435180575,0.0030647774323777632,hybrid_better
mp-5268,1.9971678256988525,2.0151587963104247,2.0073043544419997,0.007854441868424988,0.017990970611572177,0.010136528743147188,hybrid_better
mp-530399,2.292437791824341,2.298454189300537,2.259747503703007,0.03870668559753021,0.0060163974761962,0.03269028812133401,gnn_better
mp-5323,2.283219814300537,2.2780014514923095,2.2928035336596353,0.014802082167325814,0.005218362808227628,0.009583719359098186,gnn_better
mp-535,2.2856180667877197,2.4027634143829344,2.352295765798383,0.05046764858455122,0.11714534759521467,0.06667769901066345,hybrid_better
mp-5350,1.622131109237671,1.4455343246459962,1.4751020138245308,0.029567689178534584,0.17659678459167472,0.14702909541314013,hybrid_better
mp-5353,2.3290843963623047,2.311655616760254,2.3042964161322517,0.007359200628002327,0.017428779602050692,0.02478798023005302,gnn_better
mp-5377,2.1384005546569824,2.2022841453552244,2.1718678272071137,0.030416318148110744,0.06388359069824201,0.033467272550131266,hybrid_better
mp-540609,0.9761664867401123,0.953324556350708,0.8295793725825842,0.12374518376812382,0.022841930389404297,0.14658711415752812,gnn_better
mp-540809,2.332446575164795,2.3023130893707275,2.2935299693753017,0.008783119995425803,0.030133485794067383,0.038916605789493186,gnn_better
mp-541785,0.9117434024810791,1.1254356622695922,1.136465740422638,0.011030078153045686,0.21369225978851314,0.22472233794155883,gnn_better
mp-5423,2.0597829818725586,1.9586066961288453,1.9814867778046952,0.022880081675849873,0.10117628574371329,0.07829620406786342,hybrid_better
mp-542570,0.29269900918006897,0.6634273529052734,0.9853021302285663,0.32187477732329284,0.37072834372520447,0.6926031210484973,gnn_better
mp-542738,0.452093243598938,1.4535983562469483,1.4903308237172692,0.036732467470320884,1.0015051126480103,1.0382375801183312,gnn_better
mp-543024,1.0577421188354492,0.9292458653450012,1.0107056189766621,0.08145975363166091,0.12849625349044802,0.047036499858787106,hybrid_better
mp-5452,2.0532166957855225,2.0096851348876954,2.0606003656299983,0.050915230742302864,0.04353156089782706,0.007383669844475804,hybrid_better
mp-545974,2.083305597305298,2.052803111076355,1.6392244887257266,0.4135786223506286,0.030502486228942693,0.4440811085795713,gnn_better
mp-547125,1.8297860622406006,1.8440741777420044,1.7335917183401275,0.11048245940187695,0.014288115501403853,0.0961943439004731,gnn_better
mp-548469,1.7775717973709106,1.7555715322494507,1.719876868525607,0.03569466372384378,0.022000265121459917,0.057694928845303695,gnn_better
mp-548658,1.370216965675354,1.3194165229797363,1.3010183763787935,0.018398146600942855,0.050800442695617676,0.06919858929656053,gnn_better
mp-5493,2.0272436141967773,2.0009461879730224,1.974827778500116,0.026118409472906334,0.02629742622375497,0.052415835696661306,gnn_better
mp-5495,1.924713373184204,1.9761937141418457,1.9878802869770822,0.011686572835236442,0.051480340957641646,0.06316691379287809,gnn_better
mp-549720,1.096110224723816,0.9421303510665894,0.941212660090291,0.0009176909762983465,0.15397987365722654,0.1548975646335249,gnn_better
mp-551918,2.1010489463806152,2.1578290462493896,2.129526602396153,0.028302443853236436,0.056780099868774414,0.028477656015537978,hybrid_better
mp-552028,2.10382080078125,2.0911916732788085,2.0783780904867166,0.012813582792091882,0.012629127502441495,0.025442710294533377,gnn_better
mp-5528,1.7842320203781128,1.7432174682617188,1.747930466330245,0.0047129980685263195,0.04101455211639404,0.03630155404786772,hybrid_better
mp-552802,1.9500677585601807,2.050841808319092,2.042845956781771,0.007995851537320853,0.10077404975891113,0.09277819822159028,hybrid_better
mp-553310,1.4766433238983154,1.284772515296936,1.4123834709617238,0.12761095566478775,0.1918708086013794,0.06425985293659164,hybrid_better
mp-553932,1.3527997732162476,1.4472784042358398,1.5708147418072815,0.12353633757144178,0.0944786310195922,0.21801496859103398,gnn_better
mp-553939,1.8610682487487793,1.915791630744934,1.8453981459042148,0.07039348484071928,0.054723381996154785,0.015670102844564493,hybrid_better
mp-553946,2.15343976020813,2.0592229843139647,2.041291753150377,0.017931231163587746,0.09421677589416522,0.11214800705775296,gnn_better
mp-553991,2.178274631500244,2.1362232685089113,2.1390798342914734,0.002856565782562104,0.04205136299133283,0.039194797208770726,hybrid_better
mp-5540,2.167689323425293,2.1465077877044676,2.081461002162543,0.06504678554192456,0.021181535720825373,0.08622832126274993,gnn_better
mp-554355,1.8828545808792114,1.8336246490478516,1.8121095345198774,0.021515114527974166,0.04922993183135982,0.07074504635933399,gnn_better
mp-554462,2.139589548110962,2.176239538192749,2.096899469795468,0.07934006839728092,0.03664999008178693,0.042690078315493984,gnn_better
mp-554678,2.068567991256714,2.025821161270142,2.0535706810075203,0.027749519737378492,0.04274682998657209,0.014997310249193596,hybrid_better
mp-554973,1.8460958003997803,2.01377329826355,1.8918507124879995,0.12192258577555037,0.16767749786376962,0.045754912088219246,hybrid_better
mp-555037,1.3275223970413208,1.1604267597198485,1.3260802902990398,0.1656535305791913,0.16709563732147226,0.0014421067422809575,hybrid_better
mp-555370,1.9471149444580078,2.047042989730835,1.9794277668998146,0.06761522283102028,0.09992804527282706,0.03231282244180678,hybrid_better
mp-555576,1.3670389652252197,1.483507513999939,1.392031521189222,0.09147599281071694,0.11646854877471924,0.024992555964002294,hybrid_better
mp-556075,2.0560660362243652,2.130337381362915,2.062732486305376,0.06760489505753897,0.07427134513854972,0.006666450081010744,hybrid_better
mp-556242,2.0011754035949707,1.997858953475952,1.9781434066861645,0.019715546789787597,0.003316450119018599,0.023031996908806196,gnn_better
mp-556562,1.2205264568328857,1.179489254951477,1.2434085219781972,0.06391926702672013,0.04103720188140869,0.022882065145311437,hybrid_better
mp-556609,1.0347086191177368,1.0569509506225585,1.1630887003920847,0.10613774976952617,0.02224233150482169,0.12838008127434786,gnn_better
mp-556777,1.8752580881118774,1.8203181982040406,1.8797841652356955,0.059465967031654854,0.054939889907836825,0.004526077123818029,hybrid_better
mp-556856,1.4255179166793823,1.3556588888168335,1.3613715610992565,0.005712672282423004,0.06985902786254883,0.06414635558012582,hybrid_better
mp-557057,2.316911458969116,2.2885677814483643,2.240654322080472,0.04791345936789204,0.028343677520751953,0.076257136888644,gnn_better
mp-557762,2.1105830669403076,2.148190975189209,2.1012726649852325,0.04691831020397652,0.03760790824890137,0.009310401955075154,hybrid_better
mp-558189,1.6494321823120117,1.6378633499145507,1.5188218134825182,0.11904153643203252,0.011568832397460982,0.1306103688294935,gnn_better
mp-558411,2.2068960666656494,2.174627161026001,2.1631070328688766,0.011520128157124443,0.03226890563964835,0.04378903379677279,gnn_better
mp-559492,1.7398016452789307,1.581570601463318,1.6700999846457958,0.08852938318247783,0.1582310438156127,0.06970166063313488,hybrid_better
mp-559847,1.6084511280059814,1.4710169792175294,1.5599732896246459,0.08895631040711649,0.13743414878845206,0.04847783838133557,hybrid_better
mp-560553,0.7496590614318848,0.7756351947784423,0.97415448622247,0.1985192914440277,0.025976133346557573,0.22449542479058526,gnn_better
mp-560767,1.7634953260421753,1.6517838716506958,1.728848183629098,0.07706431197840224,0.11171145439147945,0.0346471424130772,hybrid_better
mp-561511,2.1434237957000732,2.1146621227264406,2.024988830695368,0.08967329203107255,0.028761672973632635,0.11843496500470518,gnn_better
mp-5637,1.9648768901824951,1.9786263465881349,1.928645534510359,0.04998081207777583,0.013749456405639737,0.03623135567213609,gnn_better
mp-567181,2.2073516845703125,2.233692741394043,2.2252046245127777,0.008488116881265384,0.026341056823730558,0.017852939942465174,hybrid_better
mp-567210,1.953561544418335,1.9488960742950439,1.929581290849212,0.019314783445831818,0.0046654701232911044,0.023980253569122922,gnn_better
mp-567504,0.944433331489563,0.8561008095741272,0.9010392301024657,0.04493842052833852,0.08833252191543584,0.04339410138709732,hybrid_better
mp-5692,2.2687745094299316,2.321903610229492,2.2683636809684407,0.053539929261051444,0.05312910079956046,0.0004108284614909863,hybrid_better
mp-570,1.7668291330337524,1.78168044090271,1.7712823033313505,0.010398137571359545,0.014851307868957608,0.004453170297598064,hybrid_better
mp-5724,1.4266576766967773,1.4791927099227906,1.4672171635147675,0.011975546408023119,0.05253503322601327,0.040559486817990154,hybrid_better
mp-5733,1.9653898477554321,1.9972298383712768,1.9583542156805838,0.038875622690693,0.03183999061584464,0.007035632074848364,hybrid_better
mp-5757,2.3132617473602295,2.29463586807251,2.297752060233461,0.003116192160951048,0.018625879287719638,0.01550968712676859,hybrid_better
mp-5767,2.1219470500946045,2.147085952758789,2.1308201293848064,0.016265823373982524,0.025138902664184393,0.008873079290201868,hybrid_better
mp-5821,1.9184602499008179,2.0067357301712034,1.8468383885103044,0.15989734166089908,0.08827548027038556,0.07162186139051352,hybrid_better
mp-5835,2.132538318634033,2.135076951980591,2.1200005271079188,0.015076424872672245,0.002538633346557795,0.01253779152611445,gnn_better
mp-5836,2.211278200149536,2.039820098876953,2.048909687261193,0.0090895883842399,0.1714581012725831,0.1623685128883432,hybrid_better
mp-5839,2.011781930923462,2.143236589431763,2.0977112199541965,0.04552536947756636,0.13145465850830096,0.0859292890307346,hybrid_better
mp-5853,2.1988987922668457,2.1910497188568114,2.218968269934423,0.027918551077611653,0.007849073410034269,0.020069477667577384,gnn_better
mp-5866,1.8805506229400635,1.910727620124817,1.827526252894609,0.08320136723020788,0.030176997184753418,0.05302437004545446,gnn_better
mp-5893,2.3345422744750977,2.260560941696167,2.218659886393522,0.04190105530264532,0.07398133277893049,0.1158823880815758,gnn_better
mp-590,2.0689942836761475,2.036787986755371,2.0463218212277092,0.009533834472338132,0.03220629692077637,0.022672462448438235,hybrid_better
mp-5900,1.6820095777511597,1.8048577070236207,1.8433619165996418,0.038504209576021076,0.12284812927246103,0.1613523388484821,gnn_better
mp-5921,2.2842254638671875,2.2644049644470217,2.262985757075639,0.0014192073713825692,0.019820499420165838,0.021239706791548407,gnn_better
mp-5934,1.9954289197921753,2.042463207244873,1.9966978510806659,0.04576535616420707,0.047034287452697665,0.0012689312884905934,hybrid_better
mp-5977,2.201298713684082,2.1646052837371825,2.1856174730778983,0.021012189340715803,0.0366934299468995,0.0156812406061837,hybrid_better
mp-6058,1.6151396036148071,1.5914865016937256,1.5752678623868388,0.01621863930688683,0.0236531019210815,0.03987174122796833,gnn_better
mp-6109,2.062833786010742,2.0924773693084715,2.0638713109434192,0.028606058365052256,0.029643583297729315,0.0010375249326770586,hybrid_better
mp-6134,1.8220700025558472,1.725247859954834,1.612140078765417,0.113107781189417,0.09682214260101318,0.20992992379043018,gnn_better
mp-6150,1.9605278968811035,1.8975409746170044,1.915265831556443,0.017724856939438594,0.06298692226409908,0.04526206532466048,hybrid_better
mp-627,1.8835251331329346,1.9101562976837159,1.9173510530775673,0.007194755393851393,0.026631164550781294,0.03382591994463269,gnn_better
mp-6319,1.8075214624404907,1.6729736804962159,1.6477519907771196,0.02522168971909622,0.13454778194427486,0.15976947166337108,gnn_better
mp-645,1.9323976039886475,1.950062894821167,1.944407013152856,0.005655881668310991,0.017665290832519442,0.012009409164208451,hybrid_better
mp-6459,1.9491899013519287,2.015077090263367,2.0014814673732664,0.013595622890100412,0.06588718891143808,0.052291566021337665,hybrid_better
mp-6474,2.1051523685455322,2.1140388011932374,2.1098964845323978,0.00414231666083964,0.008886432647705167,0.004744115986865527,hybrid_better
mp-6494,1.665215015411377,1.6252193450927734,1.6656178753937603,0.040398530300986835,0.039995670318603516,0.000402859982383319,hybrid_better
mp-6560,1.244895339012146,1.1693689823150635,1.2376505119961743,0.06828152968111079,0.07552635669708252,0.007244827015971733,hybrid_better
mp-662,2.0754811763763428,1.9671592712402344,1.978369675704755,0.011210404464520707,0.1083219051361084,0.09711150067158769,hybrid_better
mp-6628,1.4446223974227905,1.4270744562149047,1.5615173436790115,0.13444288746410682,0.01754794120788583,0.11689494625622099,gnn_better
mp-6661,2.0370876789093018,2.005520486831665,1.8985882059135224,0.10693228091814255,0.03156719207763681,0.13849947299577936,gnn_better
mp-668,1.8392329216003418,1.8128898859024047,1.7889163264459913,0.02397355945641344,0.026343035697937056,0.050316595154350496,gnn_better
mp-679,2.164123773574829,2.202593755722046,2.203014800675658,0.00042104495361172667,0.038469982147216975,0.0388910271008287,gnn_better
mp-691,1.3772879838943481,1.3261901140213013,1.4183764037306514,0.09218628970935017,0.051097869873046875,0.04108841983630329,hybrid_better
mp-6916,2.2404518127441406,2.231059265136719,2.214567881777512,0.016491383359206857,0.009392547607421697,0.025883930966628554,gnn_better
mp-6917,1.8664114475250244,1.8862656593322753,1.8657836166566835,0.02048204267559184,0.019854211807250888,0.0006278308683409506,hybrid_better
mp-6919,1.9115357398986816,1.9418631792068481,1.9159239859271864,0.025939193279661765,0.030327439308166504,0.004388246028504739,hybrid_better
mp-6938,2.23360276222229,2.237004613876343,2.186846517011331,0.050158096865011714,0.003401851654052823,0.04675624521095889,gnn_better
mp-696,2.239729881286621,2.294020080566406,2.270230499836457,0.0237895807299493,0.05429019927978507,0.030500618549835767,hybrid_better
mp-6973,1.314162254333496,1.3153430700302124,1.3158455717196151,0.0005025016894026901,0.001180815696716353,0.0016833173861190431,gnn_better
mp-7003,2.041597843170166,1.9477402210235595,1.9627887442937628,0.01504852327020334,0.09385762214660653,0.0788090988764032,hybrid_better
mp-7017,2.1121323108673096,2.106007480621338,2.116719442356392,0.010711961735054398,0.0061248302459717685,0.00458713148908263,hybrid_better
mp-7077,1.114611029624939,1.2513973236083984,1.3491601046655748,0.0977627810571764,0.13678629398345943,0.23454907504063582,gnn_better
mp-7079,2.1447672843933105,2.060620880126953,2.0422057087260663,0.018415171400886887,0.08414640426635733,0.10256157566724422,gnn_better
mp-7162,1.6699023246765137,1.6136024713516235,1.6041097593683926,0.009492711983230873,0.05629985332489018,0.06579256530812105,gnn_better
mp-7168,2.105823516845703,2.101804780960083,2.0637181336400716,0.03808664732001121,0.004018735885620295,0.04210538320563151,gnn_better
mp-7186,2.023651599884033,2.0062811613082885,2.0205022751351787,0.014221113826890175,0.017370438575744718,0.003149324748854543,hybrid_better
mp-7232,1.3030880689620972,1.259752130508423,1.3305664331392741,0.0708143026308512,0.04333593845367423,0.027478364177176973,hybrid_better
mp-725,2.3708996772766113,2.3449771881103514,2.371686799846595,0.026709611736243755,0.025922489166259943,0.0007871225699838114,hybrid_better
mp-728,1.7049908638000488,1.6691550731658935,1.6600094694524234,0.009145603713470063,0.03583579063415532,0.04498139434762538,gnn_better
mp-7297,1.2709814310073853,1.1993810892105103,1.296641659826615,0.09726057061610471,0.07160034179687491,0.025660228819229802,hybrid_better
mp-7302,2.099539041519165,2.103905725479126,2.0865864701215946,0.017319255357531205,0.00436668395996076,0.012952571397570445,gnn_better
mp-7339,1.7633830308914185,1.761941623687744,1.7701025132346941,0.008160889546950045,0.0014414072036743608,0.0067194823432756845,gnn_better
mp-7365,1.9349274635314941,1.9622807502746582,1.9120517039740563,0.050229046300601876,0.027353286743164062,0.022875759557437814,hybrid_better
mp-7376,1.5593559741973877,1.5603694915771484,1.5284878809208047,0.03188161065634376,0.0010135173797607422,0.03086809327658302,gnn_better
mp-7387,1.366908311843872,1.295483899116516,1.281012801923075,0.014471097193440974,0.071424412727356,0.08589550992079698,gnn_better
mp-7405,2.2547197341918945,2.2964941024780274,2.2824795425012065,0.014014559976820884,0.0417743682861329,0.027759808309312017,hybrid_better
mp-7433,1.6745580434799194,1.590257167816162,1.5489487834825961,0.041308384333565984,0.08430087566375732,0.1256092599973233,gnn_better
mp-7439,1.406931757926941,1.3212385654449463,1.2633143604878498,0.05792420495709649,0.08569319248199458,0.14361739743909108,gnn_better
mp-7457,1.0975348949432373,0.9530675888061524,1.1515018116812867,0.19843422287513435,0.14446730613708492,0.05396691673804943,hybrid_better
mp-7470,1.4475301504135132,1.4294851541519165,1.2733702070849693,0.15611494706694717,0.018044996261596724,0.1741599433285439,gnn_better
mp-7473,2.0228240489959717,2.0241838932037353,2.0244491087529326,0.0002652155491973396,0.001359844207763583,0.0016250597569609226,gnn_better
mp-753,1.678809642791748,1.6998778104782104,1.6883160429915542,0.01156176748665616,0.021068167686462358,0.009506400199806198,hybrid_better
mp-7547,1.4809119701385498,1.4114799976348877,1.4558530500465892,0.04437305241170142,0.06943197250366206,0.025058920091960646,hybrid_better
mp-7574,2.324586868286133,2.3742411613464354,2.3902811030017093,0.016039941655273893,0.04965429306030256,0.06569423471557645,gnn_better
mp-7575,2.0522050857543945,2.026126265525818,2.0764602516124446,0.05033398608662676,0.02607882022857666,0.0242551658580501,hybrid_better
mp-7581,1.2908579111099243,1.3983086824417115,1.4190250862290597,0.02071640378734818,0.10745077133178715,0.12816717511913533,gnn_better
mp-7583,1.4380041360855103,1.149113082885742,1.1762091233473686,0.027096040461626503,0.28889105319976816,0.26179501273814165,hybrid_better
mp-7589,2.01939058303833,2.0127609014511108,1.9829184517756402,0.02984244967547056,0.006629681587219327,0.03647213126268989,gnn_better
mp-7599,2.2911911010742188,2.227908706665039,2.2676540395019606,0.0397453328369215,0.0632823944091796,0.0235370615722581,hybrid_better
mp-760,2.0985329151153564,2.03604109287262,1.9818709581068432,0.05417013476577659,0.06249182224273664,0.11666195700851323,gnn_better
mp-768310,1.7599774599075317,1.9676934719085692,1.9373760563850329,0.030317415523536395,0.2077160120010375,0.1773985964775011,hybrid_better
mp-768368,1.1331555843353271,1.1458953142166137,1.1669383422955921,0.0210430280789784,0.012739729881286577,0.033782757960264975,gnn_better
mp-768572,1.745363712310791,2.1136301517486573,2.090572834970607,0.02305731677805012,0.3682664394378663,0.3452091226598162,hybrid_better
mp-7709,1.9903920888900757,1.8706140279769898,1.7605693330055696,0.11004469497142022,0.11977806091308585,0.22982275588450607,gnn_better
mp-771,2.0882389545440674,2.17200608253479,2.157352411257331,0.014653671277459424,0.08376712799072283,0.06911345671326341,hybrid_better
mp-772099,2.104449510574341,2.105002737045288,2.058438666394932,0.04656407065035628,0.0005532264709473544,0.04601084417940893,gnn_better
mp-7753,2.109797716140747,2.108480453491211,2.1311592253304763,0.022678771839265366,0.0013172626495361328,0.021361509189729233,gnn_better
mp-7798,2.164870023727417,2.167455720901489,2.167784087912043,0.0003283670105540537,0.002585697174072088,0.0029140641846261417,gnn_better
mp-7801,2.044684648513794,2.073516368865967,1.9678915170311608,0.10562485183480597,0.02883172035217285,0.07679313148263311,gnn_better
mp-7804,2.4037773609161377,2.377905750274658,2.3725767911578237,0.0053289591168343975,0.02587161064147958,0.03120056975831398,gnn_better
mp-7848,1.375901222229004,1.5445608615875244,1.4659899920848336,0.07857086950269077,0.16865963935852046,0.0900887698558297,hybrid_better
mp-7878,1.8076229095458984,1.7412633419036865,1.7775543187991687,0.03629097689548222,0.06635956764221196,0.03006859074672974,hybrid_better
mp-7889,2.1536471843719482,2.130201053619385,2.1259371562840768,0.004263897335308187,0.0234461307525633,0.027710028087871486,gnn_better
mp-7949,1.3152143955230713,1.3553915739059448,1.4846239884085797,0.1292324145026349,0.04017717838287349,0.1694095928855084,gnn_better
mp-7959,1.9221023321151733,1.953506875038147,1.7986866472151788,0.15482022782296823,0.03140454292297368,0.12341568489999455,gnn_better
mp-7973,1.8386539220809937,1.8447246551513672,1.8892435903301892,0.044518935178821994,0.006070733070373535,0.05058966824919553,gnn_better
mp-8001,2.1544270515441895,2.21846604347229,2.1886438928790897,0.02982215059320037,0.06403899192810059,0.034216841334900217,hybrid_better
mp-8044,2.35652494430542,2.3059434413909914,2.3168326288576027,0.010889187466611272,0.05058150291442853,0.03969231544781726,hybrid_better
mp-8085,1.7568870782852173,1.7226186513900756,1.6750770208704302,0.04754163051964544,0.034268426895141646,0.08181005741478709,gnn_better
mp-8094,1.2069337368011475,1.207640528678894,1.1677753409378593,0.03986518774103476,0.000706791877746582,0.039158395863288176,gnn_better
mp-8110,2.3062963485717773,2.3420438289642336,2.3573900830887515,0.015346254124517955,0.03574748039245623,0.05109373451697419,gnn_better
mp-8181,2.0433425903320312,1.9629942655563355,1.9104318798311297,0.052562385725205774,0.08034832477569576,0.13291071050090153,gnn_better
mp-8187,1.6247460842132568,1.6346553564071655,1.6221056103801654,0.012549746027000097,0.009909272193908691,0.0026404738330914057,hybrid_better
mp-8200,1.7996782064437866,1.8378696203231812,1.8377428643288496,0.00012675599433165097,0.03819141387939462,0.03806465788506297,hybrid_better
mp-8211,1.1826143264770508,1.5201247453689575,1.503945200246792,0.016179545122165573,0.3375104188919067,0.3213308737697411,hybrid_better
mp-8224,1.7499140501022339,1.2058704853057862,1.2725301024790292,0.06665961717324298,0.5440435647964477,0.4773839476232047,hybrid_better
mp-8275,2.1683855056762695,2.168700170516968,2.154973427630407,0.013726742886560839,0.0003146648406984198,0.013412078045862419,gnn_better
mp-828,2.3203186988830566,2.3089659214019775,2.307814234622175,0.0011516867798024855,0.011352777481079102,0.012504464260881587,gnn_better
mp-8285,2.2125284671783447,2.1214045524597167,2.008027484900468,0.1133770675592487,0.09112391471862802,0.20450098227787672,gnn_better
mp-8308,2.0111303329467773,2.0312463521957396,2.0268440326698953,0.004402319525844245,0.020116019248962225,0.01571369972311798,hybrid_better
mp-8370,2.271876335144043,2.275524616241455,2.2749527909668408,0.0005718252746143015,0.0036482810974121094,0.003076455822797808,hybrid_better
mp-8397,1.5951653718948364,1.5724973917007445,1.6464710218727592,0.07397363017201464,0.022667980194091886,0.05130564997792275,gnn_better
mp-8399,1.73135507106781,1.7408756494522095,1.7217857421036065,0.019089907348603052,0.009520578384399458,0.009569328964203594,gnn_better
mp-84,1.6745028495788574,1.6379940986633301,1.6540719607016592,0.01607786203832906,0.0365087509155273,0.02043088887719824,hybrid_better
mp-840,2.1643736362457275,2.158042287826538,2.1698747318629907,0.01183244403645256,0.006331348419189364,0.005501095617263196,hybrid_better
mp-841,1.8612356185913086,1.8867936849594116,1.8167238478326595,0.07006983712675208,0.025558066368102983,0.044511770758649094,gnn_better
mp-8432,1.8648372888565063,1.845236873626709,1.7626216249761868,0.08261524865052228,0.019600415229797274,0.10221566388031955,gnn_better
mp-8458,1.834032654762268,1.7066974639892578,1.7490970749725563,0.042399610983298475,0.12733519077301025,0.08493557978971178,hybrid_better
mp-8462,2.0666985511779785,2.0453935146331785,2.069250902563195,0.02385738793001657,0.021305036544799982,0.002552351385216589,hybrid_better
mp-850275,0.9968617558479309,1.3735416412353516,1.4731214332040323,0.09957979196868072,0.3766798853874207,0.4762596773561014,gnn_better
mp-855,1.9993393421173096,2.0490936279296874,1.9661362271730236,0.0829574007566638,0.04975428581237784,0.03320311494428596,hybrid_better
mp-8582,2.1239888668060303,2.1933645725250246,2.143448599526472,0.04991597299855277,0.06937570571899432,0.019459732720441547,hybrid_better
mp-861624,1.6530966758728027,1.6114501714706422,1.6330292818630816,0.021579110392439427,0.041646504402160556,0.02006739400972113,hybrid_better
mp-861627,2.177065849304199,2.211200475692749,2.196648092105766,0.014552383586983186,0.034134626388549805,0.01958224280156662,hybrid_better
mp-861639,2.2861621379852295,2.297714281082153,2.2778954249087127,0.01981885617344048,0.01155214309692365,0.00826671307651683,hybrid_better
mp-861738,1.5624117851257324,1.5192688941955566,1.5456513250237536,0.026382430828197023,0.04314289093017587,0.016760460101978847,hybrid_better
mp-861875,2.138807773590088,2.1341331958770753,2.136085679100484,0.0019524832234085743,0.0046745777130126065,0.0027220944896040322,hybrid_better
mp-861900,1.9300214052200317,2.008096790313721,2.0102422648182925,0.0021454745045716983,0.07807538509368905,0.08022085959826075,gnn_better
mp-861909,2.2048792839050293,2.1814664363861085,2.1562918436651786,0.025174592720929923,0.02341284751892081,0.04858744023985073,gnn_better
mp-861936,2.081883430480957,2.1009377956390383,2.092331947749942,0.008605847889096463,0.019054365158081232,0.01044851726898477,hybrid_better
mp-861946,1.7607992887496948,1.73562912940979,1.7267192730551941,0.008909856354595957,0.02517015933990474,0.0340800156945007,gnn_better
mp-861978,2.329035758972168,2.3618624687194822,2.3080763680174106,0.05378610070207168,0.032826709747314275,0.020959390954757406,hybrid_better
mp-861994,1.77614164352417,1.7385360956192017,1.7613825829678735,0.022846487348671785,0.03760554790496817,0.014759060556296388,hybrid_better
mp-862288,2.377262592315674,2.359394836425781,2.363914436889344,0.004519600463563034,0.017867755889892756,0.013348155426329722,hybrid_better
mp-862318,2.016389846801758,1.9793461561203003,1.9741032926961224,0.0052428634241779015,0.03704369068145752,0.04228655410563542,gnn_better
mp-862340,1.9298734664916992,1.9329488039016725,1.907907906462747,0.025040897438925347,0.0030753374099732333,0.021965560028952114,gnn_better
mp-862379,2.0335283279418945,2.06376633644104,2.029241280768928,0.03452505567211217,0.030238008499145597,0.004287047172966574,hybrid_better
mp-862492,1.6363273859024048,1.663948130607605,1.666840187414764,0.0028920568071590935,0.02762074470520015,0.030512801512359244,gnn_better
mp-862543,2.0376694202423096,2.0454148769378664,2.060779448916438,0.01536457197857155,0.007745456695556818,0.02311002867412837,gnn_better
mp-862563,2.0223705768585205,2.064335012435913,2.0746980890522133,0.010363076616300315,0.04196443557739249,0.052327512193692804,gnn_better
mp-862586,2.4728851318359375,2.509848642349243,2.494357531171312,0.015491111177930783,0.036963510513305486,0.021472399335374703,hybrid_better
mp-862589,2.513153553009033,2.560552883148193,2.52968623022464,0.030866652923553062,0.04739933013915998,0.016532677215606917,hybrid_better
mp-862600,2.3346829414367676,2.342803192138672,2.3293782539519845,0.013424938186687552,0.008120250701904475,0.005304687484783077,hybrid_better
mp-862622,2.432305335998535,2.3823859691619873,2.397252820099002,0.014866850937014675,0.04991936683654785,0.035052515899533176,hybrid_better
mp-862656,1.885276436805725,1.9169194221496582,1.9078876291861875,0.009031792963470675,0.03164298534393306,0.022611192380462386,hybrid_better
mp-862657,2.161302089691162,2.078051805496216,2.0904497815687035,0.012397976072487715,0.08325028419494629,0.07085230812245857,hybrid_better
mp-862663,1.8541845083236694,1.764391016960144,1.8411226129283318,0.0767315959681878,0.08979349136352544,0.013061895395337642,hybrid_better
mp-862679,2.1815178394317627,2.0908108711242677,2.121351314637305,0.030540443513037197,0.09070696830749503,0.06016652479445783,hybrid_better
mp-862700,2.4322073459625244,2.416309928894043,2.4414874652553253,0.025177536361282282,0.015897417068481356,0.009280119292800926,hybrid_better
mp-862706,2.3033602237701416,2.2041664123535156,2.2579906418333784,0.05382422947986276,0.09919381141662598,0.045369581936763215,hybrid_better
mp-862713,2.3568801879882812,2.3015323638916017,2.2948018806720425,0.006730483219559158,0.0553478240966796,0.06207830731623876,gnn_better
mp-862745,1.489029884338379,1.5705822944641112,1.5442982138166559,0.026284080647455355,0.08155241012573233,0.05526832947827698,hybrid_better
mp-862750,1.7601962089538574,1.695884680747986,1.742948631669264,0.04706395092127802,0.0643115282058715,0.017247577284593474,hybrid_better
mp-862797,1.5622215270996094,1.4808222293853759,1.4874742333596669,0.006652003974290999,0.08139929771423349,0.07474729373994249,hybrid_better
mp-862830,1.9978667497634888,1.9047499895095825,2.004244718379824,0.09949472887024147,0.09311676025390625,0.006377968616335217,hybrid_better
mp-862831,2.2368292808532715,2.182477569580078,2.3000494848895117,0.11757191530943345,0.05435171127319327,0.06322020403624018,gnn_better
mp-862832,2.1251492500305176,2.1201737403869627,2.108632380294775,0.011541360092187869,0.004975509643554865,0.016516869735742734,gnn_better
mp-862875,2.0013010501861572,1.8667897701263427,1.9766932617227877,0.10990349159644497,0.1345112800598145,0.02460778846336953,hybrid_better
mp-862882,1.8215724229812622,1.7461357831954956,1.7664175271221136,0.02028174392661808,0.07543663978576665,0.05515489585914857,hybrid_better
mp-862885,1.9227099418640137,1.9320703506469727,1.9438154746111482,0.011745123964175486,0.009360408782959073,0.02110553274713456,gnn_better
mp-862886,1.9421321153640747,1.8771430015563966,1.9044581496420723,0.0273151480856757,0.06498911380767813,0.037673965722002434,hybrid_better
mp-862888,1.6519076824188232,1.6961442470550536,1.6201577308371338,0.07598651621791985,0.04423656463623038,0.03174995158168947,hybrid_better
mp-862901,2.1343109607696533,2.133370590209961,2.0855361364755796,0.047834453734381555,0.0009403705596922052,0.04877482429407376,gnn_better
mp-862923,1.8544032573699951,1.7725070714950562,1.8106152447803372,0.038108173285281044,0.08189618587493896,0.04378801258965792,hybrid_better
mp-862928,1.6205211877822876,1.6204540491104127,1.6196218223606231,0.0008322267497895552,6.713867187491118e-05,0.0008993654216644664,gnn_better
mp-862934,1.6002757549285889,1.5057828426361084,1.5310453283019099,0.02526248566580147,0.09449291229248047,0.069230426626679,hybrid_better
mp-862938,1.772284984588623,1.7007741689682008,1.718372192487228,0.017598023519027173,0.07151081562042227,0.0539127921013951,hybrid_better
mp-862948,1.6021685600280762,1.56311776638031,1.56988578453923,0.0067680181589200306,0.0390507936477662,0.03228277548884617,hybrid_better
mp-862966,1.8158963918685913,1.7982810497283936,1.8116164001475135,0.013335350419119818,0.017615342140197665,0.004279991721077847,hybrid_better
mp-863696,1.7401889562606812,1.7031986474990846,1.7347814472361107,0.03158279973702616,0.03699030876159659,0.005407509024570434,hybrid_better
mp-863698,1.6899656057357788,1.6756475687026977,1.6742517481651233,0.001395820537574366,0.014318037033081099,0.015713857570655465,gnn_better
mp-863703,1.6998810768127441,1.6602238655090331,1.6899940038590067,0.02977013834997355,0.039657211303711026,0.009887072953737475,hybrid_better
mp-863705,1.6848722696304321,1.6869386196136475,1.6958660035951265,0.008927383981478965,0.002066349983215421,0.010993733964694385,gnn_better
mp-863715,1.9787555932998657,1.8851660013198852,1.9674103784435821,0.08224437712369692,0.09358959197998051,0.011345214856283592,hybrid_better
mp-863759,1.0348289012908936,0.9693061232566833,0.9292264772591576,0.04007964599752567,0.06552277803421025,0.10560242403173592,gnn_better
mp-863760,1.5421653985977173,1.463988709449768,1.4143023807411579,0.04968632870861023,0.07817668914794917,0.1278630178565594,gnn_better
mp-8640,2.0109314918518066,1.9714571475982665,2.057213985310123,0.08575683771185627,0.03947434425354013,0.04628249345831614,gnn_better
mp-864610,1.6693168878555298,1.662333345413208,1.6627315021521922,0.0003981567389841345,0.0069835424423216885,0.006585385703337554,hybrid_better
mp-864620,1.6302549839019775,1.6528800964355468,1.6428071225783303,0.010072973857216505,0.022625112533569247,0.012552138676352742,hybrid_better
mp-864633,1.7599018812179565,1.7047892093658448,1.7007475864319548,0.004041622933889988,0.05511267185211177,0.05915429478600176,gnn_better
mp-864672,2.389394760131836,2.3872949123382567,2.398209162329337,0.010914249991080371,0.0020998477935791904,0.008814402197501181,gnn_better
mp-864741,1.5303277969360352,1.7302923440933227,1.5750262634341041,0.15526608065921854,0.1999645471572875,0.04469846649806897,hybrid_better
mp-864857,2.284780263900757,2.264617109298706,2.2491452780836156,0.015471831215090326,0.02016315460205087,0.035634985817141196,gnn_better
mp-864889,2.0059051513671875,2.00201473236084,2.017434495670499,0.015419763309659107,0.0038904190063475674,0.01152934430331154,gnn_better
mp-864908,2.2816672325134277,2.295569086074829,2.2917367813849805,0.0038323046898485202,0.013901853561401278,0.010069548871552758,hybrid_better
mp-864910,2.1751840114593506,2.161974382400513,2.151830514602233,0.010143867798279693,0.013209629058837713,0.023353496857117406,gnn_better
mp-864916,2.273022174835205,2.2941478729248046,2.2348538575379346,0.05929401538686996,0.02112569808959952,0.03816831729727044,gnn_better
mp-864930,2.2798585891723633,2.271982479095459,2.2615700333400284,0.010412445755430433,0.007876110076904475,0.018288555832334907,gnn_better
mp-864931,2.0471696853637695,2.0377448081970213,2.1196585037953386,0.0819136955983173,0.009424877166748225,0.07248881843156907,gnn_better
mp-864932,1.9252760410308838,1.9580863952636718,1.9243054198916891,0.03378097537198266,0.032810354232788,0.0009706211391946606,hybrid_better
mp-864953,2.365461826324463,2.3011192798614504,2.315365915760992,0.014246635899541449,0.06434254646301252,0.05009591056347107,hybrid_better
mp-864955,2.1849722862243652,2.2262699604034424,2.2259777741294116,0.00029218627403082564,0.04129767417907715,0.04100548790504632,hybrid_better
mp-864957,2.3029236793518066,2.26723575592041,2.309433960316175,0.042198204395764716,0.035687923431396484,0.006510280964368231,hybrid_better
mp-864977,2.0046911239624023,1.99980731010437,2.016951735413613,0.01714442530924276,0.004883813858032271,0.01226061145121049,gnn_better
mp-864987,2.22780704498291,2.250079870223999,2.230044566969542,0.020035303254457126,0.022272825241088867,0.002237521986631741,hybrid_better
mp-865001,2.296013355255127,2.297662878036499,2.3314292311540092,0.033766353117510306,0.0016495227813719815,0.03541587589888229,gnn_better
mp-865002,1.950408697128296,1.9809345960617066,2.0188905168735998,0.03795592081189314,0.030525898933410733,0.06848181974530387,gnn_better
mp-865027,2.2919013500213623,2.2625139236450194,2.2532841400104564,0.00922978363456295,0.02938742637634295,0.0386172100109059,gnn_better
mp-865043,2.038262367248535,2.0133782386779786,2.047958327868583,0.03458008919060429,0.024884128570556552,0.009695960620047739,hybrid_better
mp-865048,2.3550853729248047,2.350042152404785,2.311184013748899,0.038858138655886165,0.005043220520019709,0.043901359175905874,gnn_better
mp-865097,1.9032256603240967,1.9411926746368409,1.9254612952447918,0.01573137939204905,0.037967014312744185,0.022235634920695135,hybrid_better
mp-865120,2.121992826461792,2.0057223558425905,1.9557355128049843,0.049986843037606254,0.11627047061920148,0.16625731365680774,gnn_better
mp-865123,2.0802764892578125,2.0933666229248047,2.0788466460331305,0.014519976891674169,0.013090133666992188,0.0014298432246819814,hybrid_better
mp-865145,1.4353665113449097,1.3757394313812257,1.4083390965922207,0.032599665210995,0.05962707996368399,0.027027414752688994,hybrid_better
mp-865150,1.9364031553268433,1.9386826753616333,1.9042011527369014,0.03448152262473192,0.002279520034790039,0.03220200258994188,gnn_better
mp-865159,1.80572509765625,1.801362442970276,1.8181395100037343,0.01677706703345838,0.004362654685974077,0.012414412347484305,gnn_better
mp-865191,2.3494815826416016,2.312136507034302,2.343822185973393,0.03168567893909113,0.037345075607299716,0.005659396668208583,hybrid_better
mp-865209,2.2619619369506836,2.3094114780426027,2.27151084897643,0.03790062906617253,0.04744954109191912,0.009548912025746592,hybrid_better
mp-865210,1.6545038223266602,1.6292067527770997,1.6455221487854945,0.016315396008394822,0.025297069549560458,0.008981673541165636,hybrid_better
mp-865240,1.7435097694396973,1.7077139616012573,1.7166142519313348,0.008900290330077443,0.03579580783843994,0.0268955175083625,hybrid_better
mp-865281,1.9834864139556885,2.0078060388565064,1.9390294980336555,0.0687765408228509,0.02431962490081796,0.044456915922032936,gnn_better
mp-865325,2.0749919414520264,2.1186580657958984,2.0869378164201704,0.03172024937572804,0.04366612434387207,0.011945874968144032,hybrid_better
mp-865356,1.7675565481185913,1.7429778575897217,1.7316883876778024,0.011289469911919259,0.02457869052886963,0.03586816044078889,gnn_better
mp-865426,1.7062054872512817,1.7539932489395142,1.7427786242054233,0.011214624734090961,0.04778776168823251,0.03657313695414155,hybrid_better
mp-865430,1.7721089124679565,1.7629689216613769,1.7718616021879257,0.00889268052654879,0.009139990806579679,0.00024731028003088795,hybrid_better
mp-865448,2.327714443206787,2.332313632965088,2.3263363451619967,0.005977287803091258,0.00459918975830087,0.0013780980447903879,hybrid_better
mp-865462,2.4236767292022705,2.4111276149749754,2.4133277322755893,0.0022001173006138686,0.0125491142272951,0.010348996926681231,hybrid_better
mp-865467,1.8187403678894043,1.726202368736267,1.7764373657807213,0.05023499704445422,0.09253799915313721,0.042303002108682985,hybrid_better
mp-865468,1.8770371675491333,1.78229079246521,1.8449620911874416,0.06267129872223154,0.09474637508392325,0.03207507636169171,hybrid_better
mp-865482,2.3856115341186523,2.363209056854248,2.367124868492941,0.003915811638693256,0.022402477264404475,0.01848666562571122,hybrid_better
mp-865494,2.3823628425598145,2.3752281665802,2.390498625358899,0.015270458778698703,0.007134675979614258,0.008135782799084446,gnn_better
mp-865504,1.9175580739974976,1.9112975358963014,1.9197537593690321,0.008456223472730784,0.0062605381011962,0.0021956853715345837,hybrid_better
mp-865505,1.842041015625,1.774945616722107,1.8152779565844592,0.040332339862352296,0.06709539890289307,0.02676305904054077,hybrid_better
mp-865522,1.9414865970611572,1.9615259647369385,1.9390305465359483,0.022495418200990214,0.020039367675781294,0.0024560505252089193,hybrid_better
mp-865524,2.0654304027557373,2.0592655658721926,2.0780505888026903,0.018785022930497774,0.006164836883544744,0.01262018604695303,gnn_better
mp-865560,1.7990164756774902,1.771678614616394,1.7792948489431535,0.007616234326759397,0.027337861061096147,0.01972162673433675,hybrid_better
mp-865561,1.9557502269744873,1.9799710035324096,1.9800872205638593,0.00011621703144970574,0.02422077655792232,0.024336993589372025,gnn_better
mp-865586,2.374572277069092,2.3407483100891113,2.378913203416821,0.03816489332770967,0.03382396697998047,0.0043409263477292015,hybrid_better
mp-865650,2.3183159828186035,2.341201066970825,2.2987985857746684,0.04240248119615675,0.02288508415222168,0.01951739704393507,hybrid_better
mp-865653,2.399604558944702,2.3736455917358397,2.423066768123325,0.04942117638748522,0.025958967208862482,0.02346220917862274,hybrid_better
mp-865678,2.2911667823791504,2.2620864391326903,2.2560006611824983,0.00608577795019194,0.02908034324646014,0.03516612119665208,gnn_better
mp-865789,1.746299386024475,1.9095678329467773,1.785659483014533,0.12390834993224442,0.16326844692230225,0.039360096990057825,hybrid_better
mp-865791,2.403170347213745,2.3941303730010985,2.3825730882537264,0.011557284747372165,0.009039974212646573,0.02059725896001874,gnn_better
mp-865792,2.294027328491211,2.236941909790039,2.2512388365690987,0.014296926779059582,0.057085418701171786,0.042788491922112204,hybrid_better
mp-865806,1.9742076396942139,1.9782420158386231,1.9930006647813694,0.014758648942746255,0.0040343761444092685,0.018793025087155524,gnn_better
mp-865807,2.3186683654785156,2.3404991149902346,2.3453190748304737,0.004819959840239196,0.021830749511718928,0.026650709351958124,gnn_better
mp-865812,1.7034461498260498,1.6973675966262818,1.6904380578282443,0.006929538798037482,0.006078553199768022,0.013008091997805504,gnn_better
mp-865841,2.074820041656494,2.029338836669922,2.0754309968846583,0.04609216021473639,0.045481204986572266,0.0006109552281641228,hybrid_better
mp-865856,1.8080825805664062,1.668673038482666,1.7919906079438739,0.12331756946120787,0.13940954208374023,0.01609197262253237,hybrid_better
mp-865870,2.1295385360717773,2.083970880508423,2.1284137410425834,0.04444286053416047,0.0455676555633544,0.0011247950291939368,hybrid_better
mp-865878,2.2261149883270264,2.2967825889587403,2.2632060930232947,0.03357649593544565,0.07066760063171396,0.03709110469626831,hybrid_better
mp-865898,2.25537371635437,2.253527545928955,2.2340293049591455,0.019498240969809455,0.0018461704254151279,0.021344411395224583,gnn_better
mp-865900,2.0369162559509277,2.058359909057617,2.018880063950653,0.03947984510696401,0.021443653106689275,0.01803619200027473,hybrid_better
mp-865927,2.2538514137268066,2.222018527984619,2.266384096646907,0.04436556866228791,0.03183288574218768,0.012532682920100235,hybrid_better
mp-865932,1.6711173057556152,1.531430435180664,1.507494177469835,0.02393625771082908,0.13968687057495122,0.1636231282857803,gnn_better
mp-865936,1.9176840782165527,1.941369390487671,1.9662639066627563,0.024894516175085313,0.023685312271118253,0.048579828446203566,gnn_better
mp-865948,2.3298451900482178,2.338652753829956,2.3352819392112023,0.003370814618753659,0.008807563781738192,0.005436749162984533,hybrid_better
mp-865951,1.8767142295837402,1.703935718536377,1.8660573351903973,0.16212161665402025,0.1727785110473632,0.010656894393342942,hybrid_better
mp-865968,1.835037112236023,1.7959606647491455,1.7843850049250611,0.011575659824084372,0.03907644748687744,0.050652107310961814,gnn_better
mp-865974,2.068556785583496,1.988975954055786,2.001513157384164,0.012537203328377933,0.07958083152771,0.06704362819933207,hybrid_better
mp-866006,1.654744267463684,1.427116060256958,1.5501284717416415,0.12301241148468356,0.22762820720672616,0.1046157957220426,hybrid_better
mp-866007,1.675163984298706,1.6289646863937377,1.6642912718697311,0.03532658547599343,0.04619929790496835,0.010872712428974918,hybrid_better
mp-866014,1.6925032138824463,1.6386096477508545,1.6723998312390478,0.03379018348819329,0.0538935661315918,0.020103382643398504,hybrid_better
mp-866051,2.2641706466674805,2.2175622940063477,2.2126779491186155,0.0048843448877322615,0.046608352661132724,0.051492697548864985,gnn_better
mp-866067,1.7063592672348022,1.7116743564605712,1.7138378379273764,0.0021634814668052282,0.005315089225768954,0.007478570692574182,gnn_better
mp-866073,2.169036388397217,2.1331403255462646,2.12769292981132,0.005447395734944571,0.03589606285095215,0.04134345858589672,gnn_better
mp-866079,1.9584587812423706,1.9508766651153564,1.9536187706968562,0.0027421055814997874,0.0075821161270142046,0.004840010545514417,hybrid_better
mp-866080,1.7657356262207031,1.6704068183898926,1.7201282594558172,0.049721441065924576,0.09532880783081055,0.04560736676488597,hybrid_better
mp-866104,1.5889101028442383,1.581553339958191,1.5870710921754543,0.005517752217263361,0.007356762886047363,0.0018390106687840024,hybrid_better
mp-866109,2.301910638809204,2.281397581100464,2.303610750530605,0.02221316943014129,0.020513057708740234,0.0017001117214010542,hybrid_better
mp-866112,2.2400147914886475,2.2532140731811525,2.2437428817282985,0.009471191452854022,0.01319928169250506,0.0037280902396510385,hybrid_better
mp-866120,1.8213366270065308,1.795361828804016,1.7901234589423154,0.005238369861700676,0.025974798202514693,0.03121316806421537,gnn_better
mp-866121,2.391305685043335,2.397694778442383,2.4119394709018254,0.014244692459442376,0.006389093399048029,0.020633785858490405,gnn_better
mp-866131,1.8165395259857178,1.8187683343887329,1.806294116065267,0.012474218323465847,0.0022288084030150923,0.010245409920450754,gnn_better
mp-866141,2.362433433532715,2.3424338340759276,2.3231950651722295,0.019238768903698134,0.019999599456787198,0.03923836836048533,gnn_better
mp-866152,2.281519651412964,2.2407626152038573,2.187087601954018,0.05367501324983914,0.040757036209106534,0.09443204945894568,gnn_better
mp-866158,1.6390479803085327,1.6149338960647583,1.6412045914136741,0.026270695348915796,0.02411408424377437,0.002156611105141426,hybrid_better
mp-866159,2.169947624206543,2.169368362426758,2.2012555086464447,0.0318871462196868,0.0005792617797850674,0.031307884439901734,gnn_better
mp-866162,1.8108103275299072,1.795622134208679,1.76422410377783,0.03139803043084921,0.015188193321228116,0.04658622375207733,gnn_better
mp-866179,1.5961240530014038,1.5622156620025636,1.5368276008448734,0.02538806115769021,0.03390839099884024,0.059296452156530455,gnn_better
mp-866186,2.0422327518463135,2.0681551933288573,2.0485789273872106,0.019576265941646742,0.025922441482543856,0.006346175540897114,hybrid_better
mp-866194,1.4623680114746094,1.4801819801330567,1.5081900292204522,0.028008049087395515,0.01781396865844731,0.045822017745842825,gnn_better
mp-866203,1.6282151937484741,1.683411955833435,1.6807934451641315,0.00261851066930352,0.05519676208496094,0.05257825141565742,hybrid_better
mp-866204,1.823559045791626,1.74492506980896,1.8205839968971695,0.07565892708820954,0.07863397598266597,0.0029750488944564335,hybrid_better
mp-866213,2.394989013671875,2.384819746017456,2.382205212806446,0.002614533211009906,0.010169267654418945,0.012783800865428852,gnn_better
mp-866279,1.8801501989364624,1.8705515146255494,1.8856671280298212,0.01511561340427181,0.009598684310913042,0.005516929093358769,hybrid_better
mp-866284,2.3679351806640625,2.3745169162750246,2.342527530593455,0.031989385681569615,0.006581735610962092,0.025407650070607524,gnn_better
mp-866285,2.177807569503784,2.1684115409851072,2.1723256147595436,0.003914073774436311,0.009396028518676935,0.005481954744240625,hybrid_better
mp-866295,1.6385492086410522,1.6202977418899536,1.6283417973790346,0.008044055489081048,0.018251466751098677,0.01020741126201763,hybrid_better
mp-866375,2.3231778144836426,2.287146711349487,2.2995366589359643,0.012389947586477046,0.03603110313415536,0.023641155547678316,hybrid_better
mp-867125,2.3033430576324463,2.3103259563446046,2.295402330169545,0.014923626175059379,0.006982898712158292,0.007940727462901087,gnn_better
mp-867143,1.8408836126327515,1.8517601013183593,1.8224183786464319,0.029341722671927473,0.010876488685607866,0.018465233986319607,gnn_better
mp-867157,1.782243251800537,1.761720895767212,1.779974927840995,0.018254032073783177,0.020522356033325195,0.002268323959542018,hybrid_better
mp-867159,1.6052403450012207,1.594574236869812,1.6067993927516535,0.012225155881841587,0.01066610813140878,0.001559047750432807,hybrid_better
mp-867163,1.601386308670044,1.6700599908828735,1.6124965761919534,0.05756341469092008,0.06867368221282955,0.011110267521909467,hybrid_better
mp-867172,1.4763243198394775,1.5474678516387939,1.4961160284585133,0.05135182318028053,0.07114353179931632,0.019791708619035786,hybrid_better
mp-867186,1.7699973583221436,1.8188210725784302,1.8127819051702374,0.006039167408192769,0.04882371425628662,0.04278454684809385,hybrid_better
mp-867191,1.7282401323318481,1.7060065031051637,1.7407635698882042,0.03475706678304058,0.02223362922668448,0.012523437556356098,hybrid_better
mp-867193,1.5450347661972046,1.519932246208191,1.5405107908033113,0.02057854459512032,0.025102519989013583,0.004523975393893265,hybrid_better
mp-867207,1.4540212154388428,1.4504192113876342,1.4314571617258358,0.018962049661798375,0.003602004051208585,0.02256405371300696,gnn_better
mp-867216,2.3771004676818848,2.3587203502655028,2.36592866679592,0.007208316530417314,0.018380117416382014,0.0111718008859647,hybrid_better
mp-867218,1.8278472423553467,1.826607847213745,1.849703870066584,0.02309602285283896,0.0012393951416016513,0.02185662771123731,gnn_better
mp-867243,2.082282543182373,2.079722690582275,2.0859448503738562,0.006222159791581028,0.002559852600097834,0.003662307191483194,gnn_better
mp-867270,2.317944288253784,2.329440402984619,2.301705914834023,0.027734488150596093,0.011496114730834783,0.01623837341976131,gnn_better
mp-867290,1.7810512781143188,1.786296796798706,1.771945949232108,0.014350847566598102,0.005245518684387163,0.009105328882210939,gnn_better
mp-867292,2.2990975379943848,2.2547139167785644,2.2855479330607578,0.0308340162821934,0.0443836212158204,0.013549604933627002,hybrid_better
mp-867317,2.159311532974243,2.19610333442688,2.1564256858236783,0.039677648603201554,0.03679180145263672,0.0028858471505648353,hybrid_better
mp-867346,1.8600564002990723,1.7253209829330445,1.8379834403423074,0.11266245740926295,0.1347354173660278,0.022072959956764837,hybrid_better
mp-867353,1.9981154203414917,1.844399094581604,1.9537775371219013,0.10937844254029727,0.1537163257598877,0.044337883219590424,hybrid_better
mp-867357,2.4573943614959717,2.4591758251190186,2.4466331438153444,0.012542681303674197,0.001781463623046875,0.010761217680627322,gnn_better
mp-867361,1.9239896535873413,1.8168941020965577,1.87703179888355,0.060137696786992434,0.10709555149078365,0.04695785470379121,hybrid_better
mp-867372,1.9161958694458008,1.7816917896270752,1.9093318111088482,0.127640021481773,0.13450407981872559,0.006864058336952583,hybrid_better
mp-867507,2.347447156906128,2.3256757736206053,2.331987298502818,0.006311524882212538,0.02177138328552264,0.0154598584033101,hybrid_better
mp-8677,1.1556092500686646,1.1163533210754395,1.1616350904953494,0.04528176941990991,0.03925592899322505,0.006025840426684859,hybrid_better
mp-867761,2.130568504333496,2.166198396682739,2.1644046632127236,0.001793733470015546,0.035629892349243075,0.03383615887922753,hybrid_better
mp-867762,1.9272574186325073,1.9128209829330445,1.9104979452613526,0.002323037671691841,0.014436435699462846,0.016759473371154687,gnn_better
mp-867786,2.3437511920928955,2.3297550201416017,2.370904178653068,0.041149158511466055,0.013996171951293768,0.027152986560172288,gnn_better
mp-867802,2.104405164718628,2.1305208683013914,2.1303120549459877,0.00020881335540368084,0.026115703582763494,0.025906890227359813,hybrid_better
mp-867803,1.3750780820846558,1.4258618831634522,1.430910557882886,0.005048674719433821,0.05078380107879643,0.05583247579823025,gnn_better
mp-867810,1.7175374031066895,1.7310028553009034,1.7040766979547572,0.026926157346146118,0.013465452194213912,0.013460705151932206,hybrid_better
mp-867834,2.1673054695129395,2.1910638332366945,2.228902383436993,0.03783855020029847,0.02375836372375506,0.06159691392405353,gnn_better
mp-867842,2.1736087799072266,2.16752552986145,2.1761542798379874,0.008628749976537176,0.006083250045776367,0.0025454999307608084,hybrid_better
mp-867861,1.6020816564559937,1.5851377964019775,1.6019662800913708,0.01682848368939327,0.016943860054016158,0.0001153763646228878,hybrid_better
mp-867868,1.9531699419021606,1.8811839818954468,1.9670737141432384,0.08588973224779162,0.07198596000671387,0.01390377224107775,hybrid_better
mp-867879,1.7599999904632568,1.7805182933807373,1.7772971878294253,0.0032211055513120534,0.02051830291748047,0.017297197366168415,hybrid_better
mp-867908,1.8663169145584106,1.731134796142578,1.8041483096476316,0.07301351350505358,0.1351821184158326,0.062168604910779024,hybrid_better
mp-867915,2.1741528511047363,2.178449201583862,2.16321798755628,0.015231214027582318,0.004296350479125799,0.01093486354845652,gnn_better
mp-867922,2.212392807006836,2.2490823745727537,2.210941763863752,0.038140610709001876,0.03668956756591779,0.0014510431430840853,hybrid_better
mp-872,1.4531042575836182,1.4096234798431397,1.4185519477585893,0.008928467915449545,0.04348077774047843,0.03455230982502888,hybrid_better
mp-873,2.2806148529052734,2.2743246078491213,2.254048425619633,0.02027618222948835,0.006290245056152166,0.026566427285640515,gnn_better
mp-8772,2.3388149738311768,2.3474823474884032,2.2520716864889296,0.0954106609994736,0.008667373657226474,0.08674328734224712,gnn_better
mp-8799,1.3500152826309204,1.360398030281067,1.3558975302050258,0.004500500076041192,0.010382747650146573,0.0058822475741053815,hybrid_better
mp-8812,1.248855710029602,1.3235003709793092,1.4404609412839737,0.11696057030466456,0.07464466094970712,0.19160523125437168,gnn_better
mp-8830,2.0412702560424805,2.096627950668335,2.083733001889846,0.012894948778488846,0.05535769462585449,0.042462745847365646,hybrid_better
mp-8860,1.3846759796142578,1.3615685939788817,1.3514368824447636,0.010131711534118182,0.023107385635376065,0.03323909716949425,gnn_better
mp-8881,1.8273886442184448,1.8066706895828246,1.732291271200009,0.0743794183828157,0.020717954635620206,0.0950973730184359,gnn_better
mp-891,2.3387033939361572,2.3462514877319336,2.333300070139424,0.012951417592509618,0.007548093795776367,0.00540332379673325,hybrid_better
mp-8932,1.1843507289886475,1.270918846130371,1.2538909962678495,0.017027849862521593,0.08656811714172363,0.06954026727920204,hybrid_better
mp-894,2.2410380840301514,2.269271993637085,2.240389814031832,0.028882179605252745,0.028233909606933505,0.0006482699983192397,hybrid_better
mp-9027,1.6665928363800049,1.2341556787490844,1.2856048090546959,0.05144913030561149,0.4324371576309205,0.380988027325309,hybrid_better
mp-9061,1.8378913402557373,1.7771334886550902,1.7784624362271793,0.001328947572089012,0.06075785160064706,0.05942890402855805,hybrid_better
mp-9068,1.3967223167419434,1.393895721435547,1.3652983708111741,0.028597350624372853,0.0028265953063963956,0.03142394593076925,gnn_better
mp-9085,1.613069772720337,1.679987645149231,1.53484141268403,0.14514623246520109,0.06691787242889413,0.07822836003630695,gnn_better
mp-910,2.4716408252716064,2.433243465423584,2.434958723334117,0.0017152579105328414,0.03839735984802228,0.03668210193748944,hybrid_better
mp-9124,1.7292133569717407,1.639870047569275,1.6600897963398897,0.02021974877061483,0.08934330940246582,0.06912356063185099,hybrid_better
mp-9127,1.9440333843231201,1.8796092033386231,1.8627098288488813,0.01689937448974188,0.06442418098449698,0.08132355547423886,gnn_better
mp-9200,1.270911693572998,1.2571986436843872,1.2643604211464552,0.007161777462068031,0.013713049888610884,0.0065512724265428535,hybrid_better
mp-921,2.1826741695404053,2.176208734512329,2.199443871115031,0.02323513660270171,0.006465435028076172,0.01676970157462554,gnn_better
mp-9225,2.173611640930176,2.176859712600708,2.1805266416388553,0.0036669290381472486,0.0032480716705323154,0.006915000708679564,gnn_better
mp-924130,2.092787265777588,2.095379877090454,2.1298986412886762,0.03451876419822231,0.0025926113128660333,0.03711137551108834,gnn_better
mp-9248,1.8971375226974487,1.8979043006896972,1.9085387758263024,0.010634475136605204,0.0007667779922484463,0.01140125312885365,gnn_better
mp-9251,1.363160490989685,1.4963037252426148,1.4781402408895297,0.018163484353085124,0.13314323425292973,0.11497974989984461,hybrid_better
mp-9264,1.494794487953186,1.5747465372085572,1.5620840064628259,0.012662530745731315,0.07995204925537114,0.06728951850963982,hybrid_better
mp-936,1.7846457958221436,1.7295258283615111,1.7425316987688284,0.013005870407317266,0.05511996746063241,0.04211409705331515,hybrid_better
mp-9389,1.9535229206085205,1.9425248861312867,1.926509154785234,0.01601573134605272,0.010998034477233798,0.027013765823286517,gnn_better
mp-9391,1.3328624963760376,1.4850945949554444,1.5121232361794983,0.027028641224053906,0.15223209857940678,0.1792607398034607,gnn_better
mp-945,2.3357505798339844,2.3629629611968994,2.327488441845843,0.03547451935105661,0.02721238136291504,0.008262137988141571,hybrid_better
mp-9473,1.8836216926574707,1.8462586879730225,1.8584173038335763,0.012158615860553779,0.0373630046844482,0.02520438882389442,hybrid_better
mp-9481,1.4215874671936035,1.4569375276565553,1.4813445088074835,0.02440698115092821,0.03535006046295175,0.05975704161387996,gnn_better
mp-950,1.8085891008377075,1.7712357759475708,1.8021096104120424,0.030873834464471672,0.03735332489013676,0.006479490425665091,hybrid_better
mp-950995,1.427810549736023,1.3987673759460448,1.4919099195103827,0.09314254356433782,0.029043173789978116,0.0640993697743597,gnn_better
mp-9514,2.1233420372009277,2.12056679725647,2.123111967251591,0.0025451699951211104,0.00277523994445783,0.00023006994933671976,hybrid_better
mp-952566,1.3553173542022705,1.328569507598877,1.3631473435569932,0.03457783595811614,0.026747846603393466,0.007829989354722677,hybrid_better
mp-9527,2.0286850929260254,2.0076877593994142,2.0135509147384596,0.005863155339045356,0.02099733352661115,0.015134178187565794,hybrid_better
mp-953,2.0729260444641113,2.077916479110718,2.110128040158961,0.03221156104824319,0.004990434646606534,0.03720199569484972,gnn_better
mp-9549,1.9941147565841675,1.9843189716339111,2.0367038970950624,0.052384925461151255,0.009795784950256348,0.04258914051089491,gnn_better
mp-9565,1.599686622619629,1.5995296955108642,1.5847844966855744,0.014745198825289796,0.00015692710876469285,0.014902125934054489,gnn_better
mp-9570,1.7560501098632812,1.6440496444702148,1.698298340908013,0.05424869643779817,0.1120004653930664,0.057751768955268235,hybrid_better
mp-9571,1.7576768398284912,1.7190276861190796,1.7151304675383279,0.00389721858075176,0.03864915370941158,0.04254637229016334,gnn_better
mp-9578,1.5446507930755615,1.5384203672409058,1.500139616137724,0.03828075110318174,0.006230425834655717,0.04451117693783746,gnn_better
mp-9610,1.6916471719741821,1.7055614471435547,1.6822867733674634,0.02327467377609138,0.013914275169372603,0.009360398606718778,hybrid_better
mp-961651,2.1566944122314453,2.1843236923217773,2.2037549086659136,0.01943121634413636,0.027629280090331942,0.0470604964344683,gnn_better
mp-961652,2.0773496627807617,2.094959592819214,2.102755438218929,0.007795845399714896,0.017609930038452237,0.025405775438167133,gnn_better
mp-961661,2.1424520015716553,2.1271901607513426,2.130270677575235,0.003080516823892321,0.015261840820312678,0.012181323996420357,hybrid_better
mp-961664,2.0797598361968994,2.0840064525604247,2.085501407603554,0.0014949550431291314,0.004246616363525302,0.005741571406654433,gnn_better
mp-961684,1.5718717575073242,1.5653145551681518,1.6231575019885678,0.05784294682041602,0.006557202339172452,0.05128574448124357,gnn_better
mp-961686,2.098989725112915,2.1376941204071045,2.1701706149281033,0.03247649452099877,0.03870439529418945,0.07118088981518822,gnn_better
mp-961706,2.2183830738067627,2.235889196395874,2.2706262551358334,0.03473705873995936,0.017506122589111328,0.05224318132907069,gnn_better
mp-9665,1.2190340757369995,1.182616686820984,1.2391276923142214,0.0565110054932374,0.036417388916015536,0.020093616577221862,hybrid_better
mp-9690,1.7692886590957642,1.7750680923461915,1.7173853204964094,0.0576827718497821,0.0057794332504272905,0.05190333859935481,gnn_better
mp-971669,2.0021746158599854,1.8844513893127441,1.9503871484279098,0.06593575911516569,0.11772322654724121,0.05178746743207552,hybrid_better
mp-971694,1.9969098567962646,1.6932330131530762,1.8315630026846375,0.13832998953156128,0.3036768436431885,0.1653468541116272,hybrid_better
mp-971706,2.1832754611968994,2.1935822010040282,2.1714505531075474,0.02213164789648081,0.010306739807128817,0.011824908089351993,gnn_better
mp-971975,2.012698173522949,2.1305939674377443,2.107318058190791,0.02327590924695322,0.1178957939147951,0.09461988466784188,hybrid_better
mp-971996,1.9279500246047974,2.0178032398223875,1.9240176809120437,0.09378555891034379,0.08985321521759015,0.003932343692753637,hybrid_better
mp-972058,1.985857367515564,2.2239802360534666,2.1371819050019347,0.0867983310515319,0.23812286853790265,0.15132453748637076,hybrid_better
mp-972066,2.337019681930542,2.3268568992614744,2.310295444456713,0.016561454804761233,0.01016278266906756,0.026724237473828794,gnn_better
mp-972069,2.0660760402679443,2.0771975994110106,2.1018564292623427,0.024658829851332165,0.011121559143066229,0.03578038899439839,gnn_better
mp-972087,2.113124132156372,2.076392650604248,2.090076473099241,0.013683822494992892,0.03673148155212402,0.02304765905713113,hybrid_better
mp-972352,1.3804645538330078,1.6293244123458863,1.489252894415128,0.14007151793075834,0.2488598585128785,0.10878834058212017,hybrid_better
mp-972494,1.588316559791565,1.5878017902374268,1.60991439176304,0.02211260152561323,0.0005147695541380948,0.021597831971475134,gnn_better
mp-972511,1.7950245141983032,1.7240763187408448,1.7583894196379795,0.034313100897134685,0.07094819545745845,0.03663509456032377,hybrid_better
mp-972540,1.7712125778198242,1.7467843055725099,1.7621593871888805,0.01537508161637069,0.024428272247314364,0.009053190630943675,hybrid_better
mp-972640,1.7582076787948608,1.7617284536361695,1.7729908119375928,0.011262358301423303,0.003520774841308638,0.014783133142731941,gnn_better
mp-972751,1.9199928045272827,1.8722450017929078,1.927767428641881,0.05552242684897335,0.047747802734374956,0.007774624114598394,hybrid_better
mp-972827,2.115846633911133,2.253108501434326,2.244501852045993,0.00860664938833322,0.13726186752319336,0.12865521813486014,hybrid_better
mp-972828,2.1349098682403564,2.2001109600067137,2.159654746510608,0.04045621349610551,0.06520109176635724,0.024744878270251736,hybrid_better
mp-972869,2.0299232006073,2.0295433044433593,2.0359014591731555,0.006358154729796173,0.0003798961639405185,0.005978258565855654,gnn_better
mp-972876,1.7717196941375732,1.7924099922180177,1.8023100299484027,0.009900037730385058,0.020690298080444425,0.030590335810829483,gnn_better
mp-972914,1.8632276058197021,1.8587092399597167,1.8379682301168585,0.020741009842858205,0.00451836585998544,0.025259375702843645,gnn_better
mp-972945,1.8448994159698486,1.79945969581604,1.8160756119107766,0.01661591609473656,0.045439720153808594,0.028823804059072033,hybrid_better
mp-972961,2.0721395015716553,2.077584075927734,2.08110029706694,0.0035162211392059106,0.005444574356078924,0.008960795495284835,gnn_better
mp-973056,1.2341121435165405,1.3240636348724366,1.3194410913540224,0.004622543518414179,0.08995149135589608,0.0853289478374819,hybrid_better
mp-973060,1.7576161623001099,1.7404276847839355,1.839153177486367,0.09872549270243147,0.01718847751617436,0.08153701518625711,gnn_better
mp-973068,2.269991397857666,2.2432294845581056,2.2354395817115127,0.007789902846592867,0.026761913299560458,0.034551816146153325,gnn_better
mp-973432,2.115846633911133,2.1215367317199707,2.1327384744329243,0.0112017427129536,0.005690097808837891,0.01689184052179149,gnn_better
mp-973443,2.300480365753174,2.306519556045532,2.2937444498791244,0.012775106166407646,0.006039190292358221,0.006735915874049425,gnn_better
mp-973446,0.9071962833404541,0.8475980758666992,0.8045731812041387,0.04302489466256054,0.05959820747375488,0.10262310213631542,gnn_better
mp-973536,2.17917537689209,2.204542303085327,2.244379000795345,0.039836697710017965,0.025366926193237216,0.06520362390325518,gnn_better
mp-973636,1.8384712934494019,1.8792296171188354,1.8530043949261266,0.02622522219270884,0.04075832366943355,0.014533101476724708,hybrid_better
mp-973756,2.2232699394226074,2.314684009552002,2.302101836320955,0.012582173231046934,0.09141407012939462,0.07883189689834769,hybrid_better
mp-9743,1.8108035326004028,1.769774842262268,1.798477556381778,0.028702714119509976,0.04102869033813472,0.012325976218624746,hybrid_better
mp-974411,2.542695999145508,2.532581424713135,2.549042869213024,0.016461444499888955,0.010114574432372958,0.006346870067515997,hybrid_better
mp-974416,2.535114288330078,2.5293122291564942,2.541844666820399,0.012532437663904883,0.0058020591735838956,0.006730378490320987,gnn_better
mp-974458,2.4425504207611084,2.443433427810669,2.4539344451258494,0.010501017315180494,0.0008830070495604581,0.011384024364740952,gnn_better
mp-974474,2.1637961864471436,1.9922551155090331,1.7841848307477775,0.20807028476125566,0.17154107093811044,0.3796113556993661,gnn_better
mp-974617,1.832962155342102,1.8376044273376464,1.796052061437256,0.041552365900390464,0.004642271995544345,0.03691009390484612,gnn_better
mp-974774,0.732634961605072,0.7141158819198609,0.7102486164149633,0.003867265504897577,0.01851907968521116,0.022386345190108736,gnn_better
mp-974938,0.5478976964950562,0.5447467803955078,0.6343282465579895,0.08958146616248164,0.0031509160995483176,0.08643055006293332,gnn_better
mp-974943,2.2602598667144775,2.292144298553467,2.2718088847437112,0.020335413809755565,0.03188443183898926,0.011549018029233693,hybrid_better
mp-974950,0.5535189509391785,0.4953934907913208,0.552071931690551,0.05667844089923024,0.05812546014785769,0.0014470192486274458,hybrid_better
mp-975255,1.9799261093139648,2.1174102783203126,2.093090202057001,0.024320076263311563,0.13748416900634775,0.11316409274303618,hybrid_better
mp-975275,1.2524646520614624,1.2366431951522827,1.2376475355395407,0.0010043403872579404,0.015821456909179688,0.014817116521921747,hybrid_better
mp-975368,1.3140990734100342,1.2748878717422485,1.2983413821710563,0.023453510428807833,0.03921120166778569,0.015757691238977856,hybrid_better
mp-9756,2.2371740341186523,2.13669958114624,2.122803664702033,0.013895916444206957,0.1004744529724122,0.11437036941661916,gnn_better
mp-975638,1.6432157754898071,1.6007129907608033,1.6086135745895134,0.007900583828710062,0.04250278472900382,0.034602200900293756,hybrid_better
mp-975822,1.7120095491409302,1.7319878339767456,1.6852546029512347,0.04673323102551086,0.01997828483581543,0.026754946189695428,gnn_better
mp-975882,1.4981588125228882,1.4846124172210693,1.49626303720853,0.011650619987460642,0.013546395301818892,0.00189577531435825,hybrid_better
mp-976030,1.598505973815918,1.5845330953598022,1.6023176371835508,0.017784541823748556,0.013972878456115723,0.0038116633676328338,hybrid_better
mp-976151,1.6000685691833496,1.586405086517334,1.6020700868853548,0.015665000368020765,0.01366348266601558,0.0020015177020051844,hybrid_better
mp-976260,1.8121107816696167,1.7945274353027343,1.7515116903487993,0.04301574495393501,0.017583346366882413,0.06059909132081742,gnn_better
mp-976261,1.392767310142517,1.3421954870224,1.3301660212936246,0.01202946572877539,0.0505718231201171,0.06260128884889249,gnn_better
mp-976280,1.2891651391983032,1.2932571172714233,1.3925290642632957,0.09927194699187236,0.004091978073120117,0.10336392506499248,gnn_better
mp-976291,1.3929781913757324,1.4831277132034302,1.4037127125052846,0.07941500069814555,0.09014952182769775,0.0107345211295522,hybrid_better
mp-976344,1.7398570775985718,1.7521680116653442,1.723774436150558,0.028393575514786162,0.012310934066772417,0.016082641448013746,gnn_better
mp-976596,1.7487150430679321,1.7515979766845704,1.753633932468836,0.0020359557842655196,0.0028829336166382724,0.004918889400903792,gnn_better
mp-976751,1.6213425397872925,1.591709518432617,1.598991615652014,0.007282097219396988,0.029633021354675382,0.022350924135278394,hybrid_better
mp-976818,2.239119291305542,2.265833616256714,2.2097088725389016,0.05612474371781229,0.026714324951171875,0.02941041876664041,gnn_better
mp-976838,2.2394320964813232,2.2611835479736326,2.2045236789188456,0.05665986905478704,0.021751451492309393,0.034908417562477645,gnn_better
mp-976847,2.2165327072143555,2.186170053482056,2.191982793706798,0.005812740224742097,0.030362653732299627,0.02454991350755753,hybrid_better
mp-976884,1.9449512958526611,1.8189139366149902,1.9117858147189122,0.09287187810392195,0.1260373592376709,0.03316548113374895,hybrid_better
mp-976893,2.2077932357788086,2.1885798931121827,2.203222341493973,0.014642448381790185,0.019213342666625888,0.004570894284835703,hybrid_better
mp-976943,2.3745980262756348,2.34476375579834,2.2908825389415526,0.05388121685678726,0.029834270477294922,0.08371548733408218,gnn_better
mp-976971,1.988723874092102,2.0284447193145754,2.0243510197583077,0.004093699556267705,0.03972084522247332,0.03562714566620562,hybrid_better
mp-977057,1.9976266622543335,1.8838446617126465,1.9202819726693465,0.0364373109567,0.11378200054168697,0.07734468958498697,hybrid_better
mp-977189,1.2812607288360596,1.1099829435348512,1.2217673450888453,0.11178440155399416,0.1712777853012084,0.059493383747214246,hybrid_better
mp-977273,2.2975656986236572,2.300471830368042,2.241388498988285,0.05908333137975674,0.002906131744384588,0.056177199635372155,gnn_better
mp-977391,1.8634834289550781,1.7894032716751098,1.8314761417347671,0.04207287005965732,0.0740801572799683,0.03200728722031099,hybrid_better
mp-977421,2.122389554977417,2.1288108348846437,2.158389764206679,0.029578929322035208,0.00642127990722674,0.03600020922926195,gnn_better
mp-977427,2.241929769515991,2.23858323097229,2.1460189100292295,0.09256432094306044,0.0033465385437012607,0.0959108594867617,gnn_better
mp-977434,2.3199198246002197,2.3255618095397947,2.319688400924186,0.0058734086156086995,0.005641984939575018,0.00023142367603368186,hybrid_better
mp-977537,2.2072465419769287,2.206284236907959,2.187897248283236,0.01838698862472299,0.0009623050689695489,0.019349293693692537,gnn_better
mp-977559,1.8681681156158447,1.8262969970703125,1.8598596061941843,0.03356260912387188,0.04187111854553227,0.008308509421660393,hybrid_better
mp-977573,2.1500039100646973,2.150157356262207,2.1960118211906643,0.04585446492845735,0.0001534461975096768,0.04600791112596703,gnn_better
mp-977582,2.237440586090088,2.2486111164093017,2.208038215199151,0.04057290121015056,0.011170530319213778,0.02940237089093678,gnn_better
mp-978095,1.699586272239685,1.6863684892654418,1.7058958799797856,0.01952739071434384,0.013217782974243253,0.006309607740100587,hybrid_better
mp-978496,2.112708806991577,2.285457468032837,2.299386793373233,0.013929325340396037,0.17274866104125985,0.1866779863816559,gnn_better
mp-978509,2.186490058898926,2.180528688430786,2.249333525661998,0.068804837231212,0.005961370468139826,0.06284346676307218,gnn_better
mp-978513,1.6096798181533813,1.598896312713623,1.6137517993220443,0.014855486608421176,0.010783505439758256,0.004071981168662919,hybrid_better
mp-978527,1.7335503101348877,1.7144016027450562,1.7085388792433893,0.005862723501666833,0.019148707389831543,0.025011430891498376,gnn_better
mp-978529,1.8031086921691895,1.7546350240707398,1.7788899236388247,0.02425489956808491,0.04847366809844966,0.024218768530364754,hybrid_better
mp-978537,1.758344054222107,1.7645208835601807,1.7769792760591703,0.012458392498989612,0.0061768293380737305,0.018635221837063343,gnn_better
mp-978555,1.9203373193740845,1.8213805437088013,1.9184406528667293,0.09706010915792795,0.09895677566528316,0.0018966665073552047,hybrid_better
mp-978564,1.7280290126800537,1.6997634410858153,1.7208057264026444,0.021042285316829057,0.02826557159423837,0.007223286277409313,hybrid_better
mp-978568,2.2873806953430176,2.3258471488952637,2.290773932406752,0.035073216488511694,0.038466453552246094,0.0033932370637344,hybrid_better
mp-978624,1.8790843486785889,1.7557571411132813,1.8030528414711025,0.04729570035782116,0.12332720756530757,0.07603150720748642,hybrid_better
mp-978851,2.16070556640625,2.143263339996338,2.1008554771960837,0.042407862800254215,0.01744222640991211,0.059850089210166324,gnn_better
mp-978853,1.954541563987732,2.04216890335083,2.0307047674846572,0.011464135866172676,0.08762733936309797,0.07616320349692529,hybrid_better
mp-978907,1.8326365947723389,1.847680687904358,1.833580047437034,0.014100640467323844,0.015044093132019043,0.0009434526646951991,hybrid_better
mp-978918,1.7756905555725098,1.6989529371261596,1.7957459798837623,0.0967930427576027,0.07673761844635019,0.020055424311252512,hybrid_better
mp-979044,1.9372820854187012,1.9655320644378662,1.8619467230348832,0.10358534140298303,0.02824997901916504,0.075335362383818,gnn_better
mp-979263,1.671922206878662,1.5914481163024903,1.7177035784308612,0.1262554621283709,0.08047409057617183,0.04578137155219908,hybrid_better
mp-979287,1.831978440284729,1.7898221254348754,1.8245776419910744,0.03475551655619902,0.042156314849853604,0.007400798293654587,hybrid_better
mp-979417,1.7499603033065796,1.7277247905731201,1.7644371887301218,0.03671239815700167,0.022235512733459473,0.014476885423542196,hybrid_better
mp-979419,1.6116383075714111,1.5835209608078002,1.5958747807295015,0.012353819921701259,0.028117346763610884,0.015763526841909625,hybrid_better
mp-979424,1.7561414241790771,1.738364839553833,1.7709268919193508,0.0325620523655179,0.01777658462524423,0.014785467740273672,hybrid_better
mp-979751,2.324714422225952,2.3150917530059814,2.356399743646839,0.04130799064085755,0.009622669219970792,0.03168532142088676,gnn_better
mp-979899,1.5612683296203613,1.5594611883163452,1.5468935705175426,0.012567617798802555,0.0018071413040161577,0.014374759102818713,gnn_better
mp-9799,1.7974891662597656,1.952160406112671,1.7817745479179528,0.1703858581947182,0.15467123985290532,0.01571461834181287,hybrid_better
mp-979935,1.0027706623077393,1.4655916452407838,1.223552398063057,0.24203924717772685,0.4628209829330445,0.22078173575531768,hybrid_better
mp-979936,0.9856958389282227,1.4587893724441527,1.2269347885196873,0.23185458392446545,0.4730935335159301,0.24123894959146464,hybrid_better
mp-979968,1.5397032499313354,1.79702889919281,1.570150307174631,0.22687859201817906,0.2573256492614746,0.03044705724329555,hybrid_better
mp-980055,1.6249727010726929,1.6060833930969238,1.6382246498409494,0.03214125674402557,0.018889307975769043,0.013251948768256527,hybrid_better
mp-980203,2.4891834259033203,2.4672287464141847,2.465911502206011,0.0013172442081734737,0.021954679489135653,0.023271923697309127,gnn_better
mp-980429,1.6520915031433105,1.6611057281494142,1.7112137911792515,0.05010806302983739,0.009014225006103604,0.059122288035940995,gnn_better
mp-981312,2.0868828296661377,2.0751301288604735,2.0531340520857198,0.021996076774753792,0.011752700805664151,0.033748777580417944,gnn_better
mp-981365,2.428494453430176,2.409294939041138,2.4337958274556155,0.02450088841447773,0.019199514389037997,0.005301374025439731,hybrid_better
mp-981548,1.7260096073150635,1.7234081745147705,1.7318719315797804,0.008463757065009903,0.002601432800293013,0.005862324264716889,gnn_better
mp-982004,1.9199771881103516,1.895815658569336,1.9174420105073373,0.02162635193800133,0.02416152954101558,0.002535177603014249,hybrid_better
mp-982381,1.831709861755371,1.8731607437133788,1.8309038286786532,0.04225691503472562,0.041450881958007724,0.0008060330767178936,hybrid_better
mp-982613,1.7432353496551514,1.7123381853103639,1.7330693337751413,0.020731148464777416,0.03089716434478751,0.010166015880010093,hybrid_better
mp-982637,1.054344892501831,1.0700753211975098,1.060745497815261,0.009329823382248748,0.015730428695678755,0.006400605313430008,hybrid_better
mp-9827,1.0312871932983398,1.190399432182312,1.149971214166158,0.04042821801615393,0.15911223888397208,0.11868402086781815,hybrid_better
mp-982724,1.730459213256836,1.7398339986801148,1.7293114599207264,0.010522538759388356,0.009374785423278853,0.0011477533361095027,hybrid_better
mp-982772,1.9409047365188599,1.8440707206726075,1.9141500315481337,0.07007931087552621,0.0968340158462524,0.026754704970726184,hybrid_better
mp-982779,2.073582649230957,2.0619001388549805,2.0479550726776616,0.013945066177318832,0.011682510375976562,0.025627576553295395,gnn_better
mp-983229,1.87445867061615,1.8020561933517456,1.8775064650773796,0.07545027172563401,0.0724024772644043,0.0030477944612297136,hybrid_better
mp-983388,0.6399842500686646,0.7779707193374634,0.6574699879442933,0.12050073139317008,0.13798646926879887,0.017485737875628793,hybrid_better
mp-983555,1.9751192331314087,1.9896771669387818,1.9353313596541852,0.05434580728459659,0.014557933807373136,0.03978787347722346,gnn_better
mp-9839,1.693779706954956,1.7072242975234986,1.7286685909679735,0.02144429344447496,0.013444590568542525,0.034888884013017485,gnn_better
mp-9844,1.9447590112686157,1.7798907041549683,1.9140954016526315,0.13420469749766317,0.16486830711364742,0.030663609615984244,hybrid_better
mp-984627,1.8038188219070435,1.7642436504364014,1.8122040323443702,0.04796038190796881,0.039575171470642045,0.008385210437326762,hybrid_better
mp-984628,2.291992425918579,2.2697528839111327,2.194406164632067,0.07534671927906578,0.022239542007446378,0.09758626128651215,gnn_better
mp-985281,1.6483502388000488,1.5999375820159911,1.546136195831103,0.053801386184888056,0.048412656784057706,0.10221404296894576,gnn_better
mp-985285,1.8024179935455322,1.887458872795105,1.8275694348477074,0.05988943794739754,0.08504087924957271,0.02515144130217517,hybrid_better
mp-985450,1.5778592824935913,1.630379319190979,1.6043900174478019,0.02598930174317715,0.052520036697387695,0.026530734954210544,hybrid_better
mp-985829,1.1563674211502075,1.1430653095245362,1.3367787780906002,0.19371346856606397,0.013302111625671298,0.18041135694039268,gnn_better
mp-986716,1.7044851779937744,1.5322685718536377,1.6324434698146255,0.10017489796098777,0.17221660614013667,0.0720417081791489,hybrid_better
mp-988939,1.7708888053894043,1.775519847869873,1.832473282226737,0.05695343435686406,0.00463104248046875,0.06158447683733281,gnn_better
mp-989399,1.6236110925674438,1.7079251766204835,1.704282545550933,0.0036426310695505393,0.08431408405303964,0.0806714529834891,hybrid_better
mp-989404,1.6071116924285889,1.6717243671417237,1.6918356720002172,0.02011130485849355,0.06461267471313481,0.08472397957162836,gnn_better
mp-989527,1.5545860528945923,1.4644452571868896,1.4700277903606604,0.005582533173770887,0.09014079570770273,0.08455826253393184,hybrid_better
mp-989533,1.6014515161514282,1.588563895225525,1.5003927881720271,0.08817110705349784,0.012887620925903231,0.10105872797940108,gnn_better
mp-989560,1.2202389240264893,1.2753527879714965,1.3902899523012202,0.11493716432972367,0.05511386394500728,0.17005102827473095,gnn_better
mp-989570,1.36787748336792,1.307805323600769,1.2759296651072825,0.0318756584934865,0.06007215976715097,0.09194781826063747,gnn_better
mp-989583,1.3212255239486694,1.3355973720550538,1.2916581130598628,0.04393925899519102,0.014371848106384366,0.029567410888806656,gnn_better
mp-989644,1.2090321779251099,1.2217528581619264,1.2429744491793508,0.02122159101742449,0.012720680236816495,0.033942271254240985,gnn_better
mp-9898,1.7085908651351929,1.7093975782394408,1.632243444612153,0.07715413362728785,0.0008067131042479581,0.07634742052303989,gnn_better
mp-990440,1.9079216718673706,1.8873133182525634,1.8467429584584678,0.04057035979409562,0.020608353614807173,0.061178713408902796,gnn_better
mp-9918,1.6019840240478516,1.5926123142242432,1.6159949244601097,0.02338261023586652,0.009371709823608354,0.014010900412258165,gnn_better
mp-9923,2.1898186206817627,2.208968687057495,2.1803653029962993,0.02860338406119567,0.019150066375732244,0.009453317685463425,hybrid_better
mp-994,1.933740258216858,1.948946976661682,1.9753947196629453,0.02644774300126329,0.01520671844482413,0.04165446144608742,gnn_better
mp-9942,1.7569706439971924,1.8561858654022216,1.8642855098926632,0.008099644490441538,0.09921522140502925,0.10731486589547079,gnn_better
mp-996954,2.235790967941284,2.204626369476318,2.0808525941496994,0.12377377532661882,0.031164598464965998,0.15493837379158482,gnn_better
mp-996961,1.754654049873352,1.7797568082809447,1.6513897822255157,0.12836702605542905,0.025102758407592685,0.10326426764783636,gnn_better
mp-996964,2.0477964878082275,2.012417769432068,2.0023449499103716,0.010072819521696363,0.03537871837615958,0.04545153789785594,gnn_better
mp-996965,1.9482662677764893,1.7893681049346923,1.6583118239325505,0.13105628100214184,0.15889816284179692,0.28995444384393876,gnn_better
mp-996973,1.6644632816314697,1.7611698865890504,1.711731213930531,0.04943867265851942,0.09670660495758066,0.04726793229906123,hybrid_better
mp-997009,1.8555978536605835,1.6652928352355958,1.7069755060543166,0.04168267081872079,0.1903050184249877,0.1486223476062669,hybrid_better
mp-997042,1.335898995399475,1.4364103555679322,1.4253771525508152,0.011033203017116966,0.10051136016845708,0.08947815715134011,hybrid_better
mp-9971,1.8928734064102173,1.886901569366455,1.8597865833281968,0.027114986038258237,0.0059718370437622514,0.03308682308202049,gnn_better
mp-998147,1.591387391090393,1.5792816400527954,1.499378705301675,0.07990293475112042,0.0121057510375977,0.09200868578871813,gnn_better
mp-9989,2.309734582901001,2.291560983657837,2.2684592152303447,0.023101768427492342,0.018173599243163974,0.041275367670656316,gnn_better
mp-998982,2.0541303157806396,2.022208642959595,2.0033690129713,0.018839629988294693,0.031921672821044744,0.05076130280933944,gnn_better
mp-998988,2.040475845336914,2.0805399417877197,2.091267335219236,0.010727393431516408,0.040064096450805664,0.05079148988232207,gnn_better
mp-999060,2.189953327178955,2.226844835281372,2.2180495413698544,0.008795293911517454,0.036891508102416815,0.02809621419089936,hybrid_better
mp-999067,2.1621580123901367,2.1648481369018553,2.124949575049186,0.03989856185266927,0.0026901245117185724,0.037208437340950695,gnn_better
mp-999072,1.986234188079834,1.9932647228240967,1.972753332470481,0.02051139035361582,0.00703053474426274,0.013480855609353082,gnn_better
mp-999298,2.2018775939941406,2.230693817138672,2.1978831310311553,0.032810686107516585,0.02881622314453125,0.0039944629629853345,hybrid_better
mp-999377,2.4367618560791016,2.431711196899414,2.4245446258593524,0.007166571040061687,0.0050506591796875,0.012217230219749187,gnn_better
mp-999388,2.3737871646881104,2.405727767944336,2.43101577253523,0.025288004590894086,0.0319406032562255,0.057228607847119584,gnn_better
mp-999390,2.35566782951355,2.3502757072448732,2.3540676829732208,0.003791975728347552,0.00539212226867658,0.0016001465403290283,hybrid_better
mp-999470,1.6181004047393799,1.6822874307632447,1.6939424183026905,0.011654987539445827,0.06418702602386483,0.07584201356331066,gnn_better
mp-999484,1.6848992109298706,1.772869634628296,1.762645973184926,0.010223661443369947,0.08797042369842534,0.07774676225505539,hybrid_better
mp-999545,2.0985190868377686,2.1787078857421873,2.1818310780014687,0.003123192259281371,0.08018879890441877,0.08331199116370014,gnn_better
mp-999558,2.2974956035614014,2.295776605606079,2.2844678820503463,0.011308723555732758,0.0017189979553222656,0.013027721511055024,gnn_better
mp-999576,2.340122699737549,2.350876474380493,2.34039190083072,0.010484573549772946,0.010753774642944247,0.0002692010931713007,hybrid_better
