formula,bulk_modulus_voigt,bulk_modulus_reuss,bulk_modulus_vrh,material_id
Mg(ReO4)2,26.689,6.293,16.491,mp-1541458
TiTlPS5,11.836,7.779,9.808,mp-1542940
Ag2S,34.454,21.95,28.202,mp-1537871
CsSnSe3,15.362,9.886,12.624,mp-1542038
Li2Sb,33.969,33.906,33.938,mp-1545896
Cd(HO)2,57.149,57.117,57.133,mp-2051619
CuTeO4,118.098,16.575,67.337,mp-2224869
CuBr2,19.53,5.682,12.606,mp-2360071
Li9Ge4,33.853,33.813,33.833,mp-2362521
Tm(CuTe)3,55.08,53.536,54.308,mp-2514049
PdSO4,28.924,25.832,27.378,mp-2677258
CdHgO2,86.859,67.268,77.064,mp-2695851
Er(CuTe)3,54.401,52.884,53.642,mp-2717767
Li2HfO3,133.122,116.265,124.693,mp-2724101
Na2CdSnS4,31.254,28.79,30.022,mp-2831941
AgO,107.404,97.725,102.564,mp-2803876
BiBr3,5.309,1.751,3.53,mp-2913080
HI3,2.688,0.883,1.785,mp-2929431
BaY2F8,79.98,77.671,78.825,mp-768240
SrNb2O4,148.219,145.812,147.015,mp-768342
Ca(ClO3)2,23.654,21.101,22.378,mp-768870
SrSc2O4,141.792,140.342,141.067,mp-770771
Cd(CuO2)2,131.437,122.941,127.189,mp-772099
KCaBi,16.126,16.049,16.088,mp-773137
PrYMg2,39.202,39.202,39.202,mp-861479
Ho2ZnIn,60.928,60.928,60.928,mp-861600
Pr2TlCd,48.605,48.605,48.605,mp-861594
LiZnAg2,65.489,65.489,65.489,mp-861625
LiSc2Ir,99.243,99.243,99.243,mp-861616
LiMnPd2,102.805,102.805,102.805,mp-861629
Er2TlCd,59.121,59.121,59.121,mp-861628
Tc3Pd,254.21,251.221,252.716,mp-861610
Ti2AlRe,172.0,172.0,172.0,mp-861640
Ti2AlMo,150.337,150.337,150.337,mp-861627
Ti2CoRe,190.189,190.189,190.189,mp-861641
LaHgAu2,69.273,69.273,69.273,mp-861617
Tc3Ru,303.552,303.227,303.39,mp-861630
Ti2AlTc,159.815,159.815,159.815,mp-861637
Ti2CoIr,193.269,193.269,193.269,mp-861639
AcH3,69.171,69.171,69.171,mp-861605
LiLaHg2,44.988,44.988,44.988,mp-861624
LiRh2Pb,125.906,125.906,125.906,mp-861663
Ca2MgTl,28.633,28.633,28.633,mp-861645
LiRu2W,221.989,221.989,221.989,mp-861666
Ti2CrIr,194.37,194.37,194.37,mp-861656
Ti2FeIr,191.953,191.953,191.953,mp-861672
CaLaMg2,29.61,29.61,29.61,mp-861643
LiNdHg2,48.714,48.714,48.714,mp-861660
LiMnPt2,134.07,134.07,134.07,mp-861658
CaMgPb,36.596,36.423,36.51,mp-861738
LiSbPd2,107.809,107.809,107.809,mp-861736
Ac2HgGe,47.445,47.445,47.445,mp-861872
AcI3,4.25,0.852,2.551,mp-861867
AcMgTl2,39.982,39.982,39.982,mp-861735
LiHf2Re,137.66,137.66,137.66,mp-861875
LiGeIr2,206.944,206.944,206.944,mp-861882
LiGaAu2,85.118,85.118,85.118,mp-861900
LiGeAu2,77.804,77.804,77.804,mp-861881
TaTiRu2,234.152,234.152,234.152,mp-861908
TaTiTc2,230.754,230.754,230.754,mp-861912
Ac2CuIr,68.935,68.935,68.935,mp-861883
LiAc2Si,39.953,39.953,39.953,mp-861876
LiGaCu2,86.815,86.815,86.815,mp-861901
CdGaRh2,160.28,160.28,160.28,mp-861909
LiHg2Pd,69.136,69.136,69.136,mp-861896
LiBiPd2,82.613,82.613,82.613,mp-861905
AcCdRh2,93.343,93.343,93.343,mp-861880
LiTmHg2,54.296,54.296,54.296,mp-861933
LiTaRh2,185.431,185.431,185.431,mp-861951
Ca2CdSn,34.346,34.346,34.346,mp-861940
Er2MgAl,57.65,57.65,57.65,mp-861946
TiZnRh2,190.201,190.201,190.201,mp-861961
Ba2AsAu,36.968,36.968,36.968,mp-861937
LiPm2Ge,52.428,52.428,52.428,mp-861955
LiPt3,182.434,182.434,182.434,mp-861931
CaSnRh2,116.199,116.199,116.199,mp-861935
LiPd3,120.749,120.749,120.749,mp-861936
AlFeRh2,193.542,193.542,193.542,mp-861953
LiPm2Ga,41.038,41.038,41.038,mp-861947
LiPm2Ir,73.728,73.728,73.728,mp-861956
Ti2MnBe,153.777,153.777,153.777,mp-861958
LaCdHg2,52.817,52.817,52.817,mp-862262
AlFe2W,238.376,238.376,238.376,mp-862288
BeGaRh2,200.601,200.601,200.601,mp-862291
Ti2MnFe,184.197,184.197,184.197,mp-861983
BeAlRh2,199.23,199.23,199.23,mp-862287
AcHg3,47.016,46.955,46.985,mp-862289
PaO3,252.222,252.197,252.209,mp-861975
ScZn3,79.571,78.441,79.006,mp-862260
Hf2ReIr,213.322,213.322,213.322,mp-861978
PaCdPt2,145.981,145.981,145.981,mp-861974
Ho2TlAg,63.714,63.714,63.714,mp-861993
LiFeRh2,145.894,145.894,145.894,mp-862290
Ho2TlCd,59.723,59.723,59.723,mp-861994
LiBePt2,165.822,165.822,165.822,mp-862316
Sc2NiOs,145.388,145.388,145.388,mp-862361
LiAl2Ni,103.846,103.846,103.846,mp-862318
Sc2NiIr,137.387,137.387,137.387,mp-862360
Sc2CuRu,113.161,113.161,113.161,mp-862338
LiBePd2,124.471,124.471,124.471,mp-862312
LiAlRh2,147.585,147.585,147.585,mp-862297
LiBe2Ir,139.753,139.753,139.753,mp-862377
LiAsRh2,160.442,160.442,160.442,mp-862335
Sc2GaCu,85.089,85.089,85.089,mp-862340
Re3Ni,317.404,316.879,317.142,mp-862604
Sc2AgOs,123.096,123.096,123.096,mp-862431
TaAlRu2,240.988,240.988,240.988,mp-862446
Sc2AlTc,109.061,109.061,109.061,mp-862543
ScSbRu2,181.046,181.046,181.046,mp-862561
LiAcTl2,34.711,34.711,34.711,mp-862549
Sc2AgRu,111.847,111.847,111.847,mp-862473
Sc2AlOs,123.137,123.137,123.137,mp-862486
Re3Pd,299.552,294.623,297.088,mp-862586
ScAlCo2,146.391,146.391,146.391,mp-862602
TaAlOs2,268.452,268.452,268.452,mp-862445
LiY2Al,50.306,50.306,50.306,mp-862555
LiErTl2,43.284,43.284,43.284,mp-862492
Be2PtRh,216.114,216.114,216.114,mp-862600
Sc2AlZn,76.171,76.171,76.171,mp-862548
Re3Pt,327.476,324.428,325.952,mp-862589
LaPbAu2,71.48,71.48,71.48,mp-862663
LiHfIr2,174.685,174.685,174.685,mp-862610
BeRu2W,270.586,270.586,270.586,mp-862622
Ru3W,308.664,308.191,308.427,mp-862655
LiHoTl2,42.546,42.546,42.546,mp-862677
DyGaRh2,141.67,141.67,141.67,mp-862666
BeFe2Si,219.307,219.307,219.307,mp-862669
IrRu3,321.538,321.023,321.281,mp-862620
LiCuPd2,144.978,144.978,144.978,mp-862657
AcAl3,59.02,58.61,58.815,mp-862617
LiCa2Al,29.043,29.043,29.043,mp-862632
LiY2Ru,70.948,70.948,70.948,mp-862673
LaMgZn2,51.066,51.066,51.066,mp-862662
LiAc2Ge,38.715,38.715,38.715,mp-862667
LiCu3,92.465,92.441,92.453,mp-862658
Sc2AgHg,79.681,79.681,79.681,mp-862702
Al2CoRu,185.345,185.345,185.345,mp-862695
TaZn2,151.923,151.849,151.886,mp-862679
LiHf2Os,145.945,145.945,145.945,mp-862684
Ac,24.652,24.645,24.648,mp-862690
BeGeRu2,227.447,227.447,227.447,mp-862713
AlVOs2,270.525,270.525,270.525,mp-862700
DyMgAg2,65.63,65.63,65.63,mp-862680
BeCo2Ge,201.076,201.076,201.076,mp-862706
AlZnIr2,220.942,220.942,220.942,mp-862705
Al2FeCo,179.509,179.509,179.509,mp-862691
Al2IrRh,211.649,211.649,211.649,mp-862694
ScTaOs2,235.29,235.29,235.29,mp-862699
LiAlAu2,97.735,97.735,97.735,mp-862717
Sc2CoIr,137.361,137.361,137.361,mp-862712
Er2MgGe2,75.128,74.941,75.034,mp-862697
Al2PdRu,180.532,180.532,180.532,mp-862715
LiAg3,66.508,66.504,66.506,mp-862716
Sr2CdIn,26.36,26.36,26.36,mp-862720
SrNiSn2,59.811,55.329,57.57,mp-862750
LiGaRh2,148.873,148.873,148.873,mp-862730
LiHgPd2,97.049,97.049,97.049,mp-862737
PrDyMg2,39.675,39.675,39.675,mp-862757
Pm2ZnRu,78.796,78.796,78.796,mp-862728
Pm2ZnPb,54.069,54.069,54.069,mp-862727
LiY2Os,80.346,80.346,80.346,mp-862719
Sr2CdPb,27.344,27.344,27.344,mp-862721
ScTc2W,219.455,219.455,219.455,mp-862725
Pm2ZnSi,64.649,64.649,64.649,mp-862733
PrBS3,53.701,51.763,52.732,mp-862754
PmZn3,65.527,64.388,64.957,mp-862732
Pm2ZnSn,58.086,58.086,58.086,mp-862734
Sr2TlCd,25.727,25.727,25.727,mp-862740
Pm2ZnGe,62.046,62.046,62.046,mp-862742
PrGa3,66.857,66.099,66.478,mp-862756
PrMgZn2,55.055,55.055,55.055,mp-862759
TbMgCd2,54.108,54.108,54.108,mp-862767
PrI3,4.592,0.499,2.5460000000000003,mp-862800
AlSiRu2,230.759,230.759,230.759,mp-862778
Ac2CuGe,54.864,54.864,54.864,mp-862786
FeSiTc2,246.944,246.944,246.944,mp-862790
AlCrRu2,230.931,230.931,230.931,mp-862781
Tc3Os,325.336,324.966,325.151,mp-862779
CaLaAg2,44.205,44.205,44.205,mp-862795
RbAcTe2,36.494,36.494,36.494,mp-862797
PrSnAu2,80.55,80.55,80.55,mp-862805
LiScAu2,82.368,82.368,82.368,mp-862815
PaTlO3,133.398,133.398,133.398,mp-862832
LiPm2Os,74.575,74.575,74.575,mp-862841
CaLaHg2,44.947,44.947,44.947,mp-862846
PmAlCu2,86.005,86.005,86.005,mp-862838
PaPd3,160.138,158.471,159.305,mp-862854
PaZnRu2,175.731,175.731,175.731,mp-862843
PaTiTc2,172.516,172.516,172.516,mp-862831
Ac2NiIr,71.229,71.229,71.229,mp-862849
PmAlAg2,77.247,77.247,77.247,mp-862837
LiPm2Pt,63.715,63.715,63.715,mp-862842
PaAl3,96.073,95.834,95.953,mp-862844
Pa3Si,108.501,108.501,108.501,mp-862861
Pa3Sb,104.598,104.598,104.598,mp-862862
CaPmPd2,67.273,67.273,67.273,mp-862884
CaPmCd2,42.236,42.236,42.236,mp-862881
Pa3Te,105.402,105.402,105.402,mp-862863
Pa3Ge,111.033,111.033,111.033,mp-862864
PmCdHg2,60.32,60.32,60.32,mp-862892
CaPmAu2,66.309,66.309,66.309,mp-862882
CaPmHg2,48.969,48.969,48.969,mp-862883
PmAgAu2,83.952,83.952,83.952,mp-862872
PmAgHg2,66.323,66.323,66.323,mp-862874
LiSc2Os,98.86,98.86,98.86,mp-862887
CaPmZn2,44.865,44.865,44.865,mp-862888
PmCdAu2,79.05,79.05,79.05,mp-862891
PmBiPd2,90.9,90.9,90.9,mp-862880
CaPmPt2,87.525,87.525,87.525,mp-862886
Ti2CoTc,187.175,187.175,187.175,mp-862911
Er2ZnRu,92.632,92.632,92.632,mp-862895
PmCd3,55.77,55.77,55.77,mp-862899
PmCdPt2,108.292,108.292,108.292,mp-862897
LiPmHg2,49.81,49.81,49.81,mp-862927
PmHoMg2,40.038,40.038,40.038,mp-862918
Li2PmIn,38.084,38.084,38.084,mp-862930
Li2PmTl,39.836,39.836,39.836,mp-862934
PmHgAu2,80.514,80.514,80.514,mp-862912
PmMgAg2,60.967,60.967,60.967,mp-862936
PmF3,136.521,135.964,136.242,mp-862901
PmMgHg2,59.195,59.195,59.195,mp-862938
PmCdPd2,90.071,90.071,90.071,mp-862898
PmDyMg2,40.229,40.229,40.229,mp-862902
PmInAg2,71.516,71.516,71.516,mp-862923
LiPmTl2,41.737,41.737,41.737,mp-862928
Li2PmPb,40.01,40.01,40.01,mp-862948
NaPmHg2,43.007,43.007,43.007,mp-862943
PmPd3,117.777,117.777,117.777,mp-862954
CaLaZn2,42.467,42.467,42.467,mp-862962
PmSnAu2,83.851,83.851,83.851,mp-862956
PmAl3,69.142,68.687,68.914,mp-862980
PmTlAg2,65.448,65.448,65.448,mp-862966
Pm2AgGe,64.38,64.38,64.38,mp-862979
NaPmAu2,59.173,59.173,59.173,mp-862942
PmYMg2,39.687,39.687,39.687,mp-862969
NaPmTl2,36.356,36.356,36.356,mp-862949
PmSmMg2,39.146,39.146,39.146,mp-862964
Er2CdIn,60.36,60.36,60.36,mp-862981
Pm2AgIr,86.836,86.836,86.836,mp-862977
InCl3,9.467,1.284,5.376,mp-862983
Pm2AgPt,78.671,78.671,78.671,mp-862989
PmB3,145.258,144.241,144.75,mp-862984
Pm2AgSn,61.036,61.036,61.036,mp-862990
ErMgSn,58.989,58.903,58.946,mp-862993
Pm2CdIn,52.402,52.402,52.402,mp-862996
Pm2CdGe,58.544,58.544,58.544,mp-862994
SmCl3,7.726,0.9,4.313,mp-863026
TbI3,5.577,0.6980000000000001,3.138,mp-863264
ErCl3,8.403,1.326,4.864,mp-863029
SmI3,5.04,0.56,2.8,mp-863028
Sr(MgAs)2,47.65,47.44,47.545,mp-863260
Pm2CuOs,92.175,92.175,92.175,mp-863668
Pm2MgSn,50.105,50.105,50.105,mp-863703
ErMgCd2,54.634,54.634,54.634,mp-863672
Pm2CdSi,62.306,62.306,62.306,mp-863654
Pm2HgGe,64.276,64.276,64.276,mp-863686
ErMgHg2,64.404,64.404,64.404,mp-863674
ErTaRu2,185.741,185.741,185.741,mp-863679
Ti2MnCo,185.408,185.408,185.408,mp-863690
PmI3,5.096,0.704,2.9,mp-863695
Pm2CuGe,66.228,66.228,66.228,mp-863664
PmCu3,79.481,77.189,78.335,mp-863677
Ho2CdIn,59.553,59.553,59.553,mp-863651
Pm2CdSn,56.296,56.296,56.296,mp-863655
Pm2CuRu,83.241,83.241,83.241,mp-863671
Pm2GeAu,71.259,71.259,71.259,mp-863684
LiPm2Si,55.755,55.755,55.755,mp-863697
LiPm2Ru,65.347,65.347,65.347,mp-863675
Pm2MgAl,48.974,48.974,48.974,mp-863698
Pm2MgSi,54.978,54.978,54.978,mp-863696
Er2TlAg,64.936,64.936,64.936,mp-863667
Pm2CuPt,80.655,80.655,80.655,mp-863669
Pm2GePd,73.852,73.852,73.852,mp-863685
LiScHg2,57.209,57.209,57.209,mp-863659
Er2MgIn,54.51,54.51,54.51,mp-863702
Pm2MgTl,45.993,45.993,45.993,mp-863704
Pm2CuSn,61.633,61.633,61.633,mp-863676
LiTiRh2,154.975,154.975,154.975,mp-863727
ErGaRh2,145.122,145.122,145.122,mp-863711
KNa2Bi,16.554,16.554,16.554,mp-863707
ErCdRh2,125.414,125.414,125.414,mp-863739
Pm2IrRu,111.946,111.946,111.946,mp-863740
ErCdPd2,101.867,101.867,101.867,mp-863738
Pm2RuAu,91.146,91.146,91.146,mp-863733
Pm2MgGa,48.403,48.403,48.403,mp-863705
Pm2NiIr,97.769,97.769,97.769,mp-863713
Pm2PdPt,89.689,89.689,89.689,mp-863725
Pm2PtRh,96.963,96.963,96.963,mp-863732
Pm2IrPd,97.934,97.934,97.934,mp-863716
Pm2NiRu,89.451,89.451,89.451,mp-863717
Pm2PdRu,92.259,92.259,92.259,mp-863741
Pm2IrAu,95.226,95.226,95.226,mp-863715
Pm2SiAg,67.211,67.211,67.211,mp-863743
Ir3Rh,324.499,324.497,324.498,mp-863709
CsK2Bi,10.835,10.835,10.835,mp-863759
Rb2Hf2O5,98.022,82.511,90.266,mp-863749
CsAcTe2,34.847,34.847,34.847,mp-863760
K2SbAu,17.203,15.458,16.33,mp-863757
AgAu3,121.457,121.457,121.457,mp-863750
LiMgTl2,30.009,30.009,30.009,mp-864597
Ho2IrRh,124.915,124.915,124.915,mp-864625
Nd2MgIn,46.386,46.386,46.386,mp-864612
LiMg2Ag,44.769,44.769,44.769,mp-864598
LiMg2Pt,70.501,70.501,70.501,mp-864614
Pm2TlCd,52.345,52.345,52.345,mp-864629
TbSnAu2,88.449,88.449,88.449,mp-864599
LiMg2Rh,66.418,66.418,66.418,mp-864601
BaHg2Pb,31.615,31.615,31.615,mp-864618
LiMg2Hg,42.537,42.537,42.537,mp-864630
LiNbRh2,175.191,175.191,175.191,mp-864631
Pm2SnPd,67.466,67.466,67.466,mp-864628
HoZnRh2,130.834,130.834,130.834,mp-864624
ZrCdPd2,132.25,132.25,132.25,mp-864607
NdI3,4.9879999999999995,0.922,2.955,mp-864617
Nd2MgAl,46.7,46.7,46.7,mp-864610
CaSmCd2,42.683,42.683,42.683,mp-864620
AcCuO3,163.571,163.571,163.571,mp-864606
NdSnAu2,82.554,82.554,82.554,mp-864668
Ta2OsW,272.496,272.496,272.496,mp-864650
Ta2NbIr,234.508,234.508,234.508,mp-864640
Ta2NbOs,240.518,240.518,240.518,mp-864639
Zn2NiRh,161.838,161.838,161.838,mp-864654
ZnCuPd2,150.032,150.032,150.032,mp-864661
HoI3,5.418,0.344,2.881,mp-864657
Ta2VOs,245.861,245.861,245.861,mp-864670
Ta2NbRu,221.392,221.392,221.392,mp-864651
NbSiTc2,245.129,245.129,245.129,mp-864672
HoMgRh2,113.756,113.756,113.756,mp-864744
Hf2MoIr,189.709,189.709,189.709,mp-864684
HfInPd2,141.693,141.693,141.693,mp-864734
Yb3N2,76.266,73.541,74.904,mp-864675
Yb2TlPb,33.91,33.91,33.91,mp-864741
Yb2TlCd,33.659,33.659,33.659,mp-864743
LiMg2Zn,40.259,40.259,40.259,mp-864762
Yb2MgIn,30.524,30.524,30.524,mp-864756
Mn3Ir,286.039,198.75,242.395,mp-864735
LiYb2Rh,41.92,41.92,41.92,mp-864763
Gd2MgIn,67.859,67.859,67.859,mp-864748
HfInCo2,206.086,206.086,206.086,mp-864715
LiSnRh2,142.707,142.707,142.707,mp-864784
Nd2BC,51.199,42.871,47.035,mp-864790
Ta2MoOs,265.254,265.254,265.254,mp-864770
EuCdHg2,37.559,37.559,37.559,mp-864796
HoAgHg2,70.325,70.325,70.325,mp-864775
LiTbHg2,52.714,52.714,52.714,mp-864804
Ta2MoRu,246.749,246.749,246.749,mp-864782
NbInRu2,210.794,210.794,210.794,mp-864788
HfZnIr2,211.726,211.726,211.726,mp-864798
HfZnNi2,150.532,150.532,150.532,mp-864807
HoCdAg2,73.061,73.061,73.061,mp-864904
Hf2FeIr,180.435,180.435,180.435,mp-864890
NbZnCo2,192.655,192.655,192.655,mp-864857
DyCdHg2,63.398,63.398,63.398,mp-864884
Zr2CuOs,162.384,162.384,162.384,mp-864897
Be2NiRh,194.531,194.531,194.531,mp-864895
NdAgHg2,64.746,64.746,64.746,mp-864893
Zr2CoTc,93.62,93.62,93.62,mp-864896
MgTlRh2,131.037,131.037,131.037,mp-864902
MgSnPd2,112.134,112.134,112.134,mp-864883
NbZnRu2,218.128,218.128,218.128,mp-864840
Zn2PdRh,156.281,156.281,156.281,mp-864839
Na2TlBi,22.587,22.587,22.587,mp-864898
ZrZn3,101.542,101.196,101.369,mp-864889
MgTaRu2,198.121,198.121,198.121,mp-864903
MgZrPd2,121.633,121.633,121.633,mp-864907
MnBe2Rh,171.181,171.181,171.181,mp-864945
MnAlIr2,228.585,228.585,228.585,mp-864950
MgSc2,49.11,48.979,49.044,mp-864941
NdMgZn2,56.12,56.12,56.12,mp-864925
MgTiIr2,191.279,191.279,191.279,mp-864908
Mg2AgRh,88.2,88.2,88.2,mp-864933
MgZnAu2,94.828,94.828,94.828,mp-864922
MgAg3,76.916,76.915,76.915,mp-864934
MnGaRh2,188.351,188.351,188.351,mp-864949
MgTiRh2,161.554,161.554,161.554,mp-864919
HfAlRu2,195.913,195.913,195.913,mp-864909
MgZrIr2,178.265,178.265,178.265,mp-864921
LiTiIr2,190.484,190.484,190.484,mp-864930
Hf2TcRh,187.509,187.509,187.509,mp-864916
NdMgHg2,58.214,58.214,58.214,mp-864924
Mg2AgPt,84.193,84.193,84.193,mp-864932
MnGeRu2,227.345,227.345,227.345,mp-864936
MnCuPd2,143.606,143.606,143.606,mp-864946
MgZrAu2,114.52,114.52,114.52,mp-864920
MnBe2Ir,193.511,193.511,193.511,mp-864943
Mg3Tl,34.564,34.555,34.56,mp-864938
HfPaTc2,171.303,171.303,171.303,mp-864926
Mg2PtRh,120.332,120.332,120.332,mp-864940
MgZrRh2,149.687,149.687,149.687,mp-864910
Mn2CrCo,153.099,153.099,153.099,mp-864955
MnV2Cr,231.986,231.986,231.986,mp-864953
MnSiTc2,252.159,252.159,252.159,mp-864970
Be2PdPt,194.226,194.226,194.226,mp-864961
Mg2AgAu,73.054,73.054,73.054,mp-864978
MnSiRu2,247.412,247.412,247.412,mp-864966
MgMoN2,247.0,245.524,246.262,mp-864954
Mn2AlCr,193.97,193.97,193.97,mp-864988
MnSnRu2,176.935,176.935,176.935,mp-864971
Mg2PdRh,106.207,106.207,106.207,mp-864969
MnZnIr2,226.37,226.37,226.37,mp-864985
Mn2AlW,237.182,237.182,237.182,mp-864990
MnInRh2,155.882,155.882,155.882,mp-864968
MnSbRu2,200.874,200.874,200.874,mp-864957
CaAcZn2,38.641,38.641,38.641,mp-864962
Mn2AlRe,255.756,255.756,255.756,mp-864989
DyBr3,6.853,0.217,3.535,mp-864982
MnNbRu2,218.17,218.17,218.17,mp-864992
MnVRu2,228.444,228.444,228.444,mp-864983
MnAlRu2,218.933,218.933,218.933,mp-864980
Dy2MgIn,52.775,52.775,52.775,mp-865007
HfGaRu2,197.202,197.202,197.202,mp-865010
HfTaRe2,244.954,244.954,244.954,mp-865025
DyAl3,72.362,71.002,71.682,mp-864995
HfTc2Sb,201.069,201.069,201.069,mp-865023
Mn2VSi,242.884,242.884,242.884,mp-865026
Mn3Ge,195.84,195.84,195.84,mp-865027
Dy2MgAl,55.262,55.262,55.262,mp-865006
Be2RuPt,219.105,219.105,219.105,mp-865021
LiSiPd2,139.601,139.601,139.601,mp-864997
HfMgIr2,187.046,187.046,187.046,mp-865020
Be2IrPd,214.003,214.003,214.003,mp-865003
MnIr3,287.932,287.839,287.886,mp-865022
AcTlTe2,41.684,41.684,41.684,mp-865028
HfScOs2,197.703,197.703,197.703,mp-865001
Mn2NbAl,195.796,195.796,195.796,mp-865011
HfMgRh2,154.665,154.665,154.665,mp-865050
HfTaTc2,222.224,222.224,222.224,mp-865038
NaAcTl2,31.125,31.125,31.125,mp-865090
HfScRu2,172.957,172.957,172.957,mp-865030
NaCa2Tl,22.925,22.925,22.925,mp-865051
HfMgPd2,128.55,128.55,128.55,mp-865049
NaCd2Pt,69.41,69.41,69.41,mp-865076
Mn2PtRh,174.551,174.551,174.551,mp-865032
MgInPd2,109.21,109.21,109.21,mp-865043
TiZnNi2,160.513,160.513,160.513,mp-865093
TiZnIr2,226.509,226.509,226.509,mp-865048
NaLaAu2,55.109,55.109,55.109,mp-865098
NaHoTl2,38.106,38.106,38.106,mp-865096
NaInHg2,25.727,25.727,25.727,mp-865100
HfMnRh2,175.043,175.043,175.043,mp-865091
TiZnPd2,150.486,150.486,150.486,mp-865079
NaHgPd2,80.025,80.025,80.025,mp-865097
MgGaNi2,116.982,116.982,116.982,mp-865092
HfNbTc2,218.707,218.707,218.707,mp-865094
LiSmTl2,41.722,41.722,41.722,mp-865116
NaMgTl2,24.965,24.965,24.965,mp-865110
NaNdHg2,42.221,42.221,42.221,mp-865115
NaPrHg2,41.671,41.671,41.671,mp-865119
NaPaO3,132.432,132.432,132.432,mp-865120
NaMgPb2,15.404,15.404,15.404,mp-865107
MgGaRh2,155.284,155.284,155.284,mp-865125
NaErTl2,37.926,37.926,37.926,mp-865117
NaTl2Cd,23.718,23.718,23.718,mp-865127
Hf2MnIr,192.899,192.899,192.899,mp-865138
Hf2OsRh,201.65,201.65,201.65,mp-865131
NaSmAu2,59.904,59.904,59.904,mp-865111
MgGaPd2,120.303,120.303,120.303,mp-865123
PaAlRu2,178.546,178.546,178.546,mp-865149
PaAlTc2,181.984,181.984,181.984,mp-865148
MgAlPd2,124.171,124.171,124.171,mp-865152
MgAsPt5,182.583,182.235,182.409,mp-865146
HfPd5,167.065,167.022,167.044,mp-865166
Ca2CdPb,32.385,32.385,32.385,mp-865167
MgGeRh2,162.451,162.451,162.451,mp-865162
MgFeRh2,154.144,154.144,154.144,mp-865187
MgGaIr2,187.256,187.256,187.256,mp-865186
FeGeRu2,223.605,223.605,223.605,mp-865191
MgGaAg2,68.65,68.65,68.65,mp-865183
HfCdRh2,169.501,169.501,169.501,mp-865174
MgAlRh2,155.745,155.745,155.745,mp-865155
HfScCo2,138.178,138.178,138.178,mp-865165
Mg(BeAs)2,76.299,75.915,76.107,mp-865185
Hf2FeOs,201.248,201.248,201.248,mp-865179
HfBeRh2,189.784,189.784,189.784,mp-865163
YbHg3,38.49,38.464,38.477,mp-865171
YbTaRu2,171.591,171.591,171.591,mp-865172
TmGaRh2,147.294,147.294,147.294,mp-865195
TmF3,152.56,151.575,152.068,mp-865194
TmInRh2,134.846,134.846,134.846,mp-865211
Co3Pt,211.842,211.764,211.803,mp-865193
Dy2PdRu,104.247,104.247,104.247,mp-865216
Th2BiTe,80.336,80.336,80.336,mp-865224
TmMgRh2,116.23,116.23,116.23,mp-865230
TaZnRu2,226.089,226.089,226.089,mp-865234
TmCdRh2,127.101,127.101,127.101,mp-865206
Be2NiIr,231.437,231.437,231.437,mp-865229
Ti6Al16Ni7,128.39,128.39,128.39,mp-865235
TmHfRu2,161.823,161.823,161.823,mp-865215
LiScTl2,44.718,44.718,44.718,mp-865231
DyZnRh2,129.806,129.806,129.806,mp-865257
TmSnRu2,153.366,153.366,153.366,mp-865249
NbAlFe2,209.082,209.082,209.082,mp-865280
Lu2MgIn,55.4,55.4,55.4,mp-865240
LuNbRu2,182.535,182.535,182.535,mp-865255
TbYbHg2,52.205,52.205,52.205,mp-865254
Tm2AgRu,96.69,96.69,96.69,mp-865282
TmNbRu2,179.898,179.898,179.898,mp-865248
TmTaRu2,188.12,188.12,188.12,mp-865262
NbAlOs2,260.723,260.723,260.723,mp-865278
UTlO3,132.86,132.86,132.86,mp-865322
Ho2InAg,65.284,65.284,65.284,mp-865297
Lu2IrRu,137.722,137.722,137.722,mp-865321
Zn3Rh,129.2,128.081,128.64,mp-865342
Lu2PdRu,115.779,115.779,115.779,mp-865320
Lu2CoRu,118.848,118.848,118.848,mp-865325
TmZnRh2,135.447,135.447,135.447,mp-865299
Be2CuRh,171.518,171.518,171.518,mp-865308
Zn3Pd,111.553,110.713,111.133,mp-865357
TmI3,5.311,0.161,2.736,mp-865353
YMg3,43.03,43.03,43.03,mp-865376
DyTaRu2,181.822,181.822,181.822,mp-865364
Zn3Pt,137.153,137.066,137.109,mp-865355
V3Ru,221.654,221.654,221.654,mp-865382
Tm2MgGe2,76.437,76.325,76.381,mp-865403
Zn3Ir,146.399,146.313,146.356,mp-865362
LuSnRu2,156.439,156.439,156.439,mp-865379
TmAlCu,85.693,85.689,85.691,mp-865402
ThPt3,175.105,174.393,174.749,mp-865400
YCo,55.122,51.737,53.429,mp-865373
V3Re,233.519,233.519,233.519,mp-865385
Tm2MgAl,58.554,58.554,58.554,mp-865356
LiSc2Pt,89.908,89.908,89.908,mp-865444
TiAlPd2,158.18,158.18,158.18,mp-865441
LuZrRu2,156.979,156.979,156.979,mp-865434
YTe,60.257,58.085,59.171,mp-865430
Lu2AgHg,73.413,73.413,73.413,mp-865446
Pm2SiPd,75.342,75.342,75.342,mp-865468
V2CrOs,261.007,261.007,261.007,mp-865485
VGaTc2,229.778,229.778,229.778,mp-865471
TiGaRu2,212.674,212.674,212.674,mp-865448
V2CrFe,231.816,231.816,231.816,mp-865490
VI3,7.433,6.2620000000000005,6.8469999999999995,mp-865493
VSiTc2,258.765,258.765,258.765,mp-865472
VIr3,321.154,320.976,321.065,mp-865496
VTc2Ge,243.003,243.003,243.003,mp-865482
Pm2SnAu,65.878,65.878,65.878,mp-865467
ThGa3,85.694,85.656,85.675,mp-865450
Lu2AgRu,98.781,98.781,98.781,mp-865459
Ti2MnRu,193.143,193.143,193.143,mp-865469
VZnRu2,225.829,225.829,225.829,mp-865486
V2ReOs,289.662,289.662,289.662,mp-865497
VSiRu2,250.046,250.046,250.046,mp-865507
YAgHg2,69.569,69.569,69.569,mp-865502
YMgCd2,53.873,53.873,53.873,mp-865512
YCdPd2,97.382,97.382,97.382,mp-865520
TiMn2Al,159.093,159.093,159.093,mp-865531
V2TcRu,254.239,254.239,254.239,mp-865501
VSiOs2,286.547,286.547,286.547,mp-865506
LuI3,5.368,0.331,2.849,mp-865521
YCdAu2,87.395,87.395,87.395,mp-865522
YTaRu2,179.127,179.127,179.127,mp-865519
Lu2InAg,69.509,69.509,69.509,mp-865505
YMgZn2,59.874,59.874,59.874,mp-865515
TiMnRh2,183.807,183.807,183.807,mp-865523
YCdHg2,76.015,76.015,76.015,mp-865525
V2TcOs,275.44,275.44,275.44,mp-865499
YCdAg2,71.324,71.324,71.324,mp-865503
YAl3,71.156,69.649,70.402,mp-865527
LuZnPd2,111.102,111.102,111.102,mp-865563
Mn2VGe,224.329,224.329,224.329,mp-865554
TiMnCo2,168.613,168.613,168.613,mp-865537
LuZnRh2,138.683,138.683,138.683,mp-865566
VGaRu2,236.904,236.904,236.904,mp-865586
Y2CuRu,92.142,92.142,92.142,mp-865588
Y2AgRu,90.313,90.313,90.313,mp-865561
Be3Ru,180.623,180.254,180.438,mp-865562
Pm2SiAu,74.428,74.428,74.428,mp-865545
Ti2RePd,193.113,193.113,193.113,mp-865538
VGeRu2,236.881,236.881,236.881,mp-865585
Ti2NiMo,170.681,170.681,170.681,mp-865591
Pm2CuSi,68.269,68.269,68.269,mp-865547
Y2ZnRu,87.008,87.008,87.008,mp-865592
Ti2MnIr,212.034,212.034,212.034,mp-865569
Li2CdAu,44.869,44.869,44.869,mp-865577
NdPbAu2,75.68,75.68,75.68,mp-865597
Yb2CdPb,33.75,33.75,33.75,mp-865648
TiMn2W,243.092,243.092,243.092,mp-865656
GaSiRu2,228.828,228.828,228.828,mp-865615
TiMn2Si,207.779,207.779,207.779,mp-865652
Ti2TcRu,208.121,208.121,208.121,mp-865650
Ti2TcRh,203.459,203.459,203.459,mp-865649
Y2IrRh,119.564,119.564,119.564,mp-865603
Na2MgSn,23.903,21.993,22.948,mp-865625
Y2IrPd,109.327,109.327,109.327,mp-865600
Y2MgAl,54.789,54.789,54.789,mp-865602
TiNbRe2,250.96,250.96,250.96,mp-865653
LuGaRh2,149.694,149.694,149.694,mp-865609
YbMgCd2,38.38,38.38,38.38,mp-865661
TiGeRu2,228.106,228.106,228.106,mp-865640
MgRh3,181.406,181.188,181.297,mp-865611
TiSiTc2,228.921,228.921,228.921,mp-865669
TiSiRu2,244.997,244.997,244.997,mp-865681
HoGaRh2,143.634,143.634,143.634,mp-865696
Ti2ReIr,234.973,234.973,234.973,mp-865717
YbCdHg2,41.342,41.342,41.342,mp-865742
TiZnAu2,133.602,133.602,133.602,mp-865730
TiMn2V,195.509,195.509,195.509,mp-865678
Ti2ReNi,194.083,194.083,194.083,mp-865728
CoTc3,288.198,287.379,287.788,mp-865733
Li2InSn,35.36,35.36,35.36,mp-865737
LiPrHg2,47.688,47.688,47.688,mp-865738
TiRe2W,287.241,287.241,287.241,mp-865664
YbCdAg2,53.798,53.798,53.798,mp-865739
Ga2IrRh,198.415,198.415,198.415,mp-865743
Ti2MnNi,173.551,173.551,173.551,mp-865712
Li2HgPd,52.245,52.245,52.245,mp-865731
TiSiOs2,283.881,283.881,283.881,mp-865680
YbGaRh2,130.602,130.602,130.602,mp-865757
Y2MgGe2,72.93,72.762,72.846,mp-865747
BeSiNi2,196.801,196.801,196.801,mp-865792
Ti2MnOs,210.074,210.074,210.074,mp-865768
CrSiRu2,253.029,253.029,253.029,mp-865791
CrPd3,152.758,152.758,152.758,mp-865786
YbInAg2,55.757,55.757,55.757,mp-865789
LiSc2Rh,85.14,85.14,85.14,mp-865793
LiSc2Ru,87.654,87.654,87.654,mp-865795
Ti2MoPt,194.966,194.966,194.966,mp-865803
TiTc2Sb,210.128,210.128,210.128,mp-865809
Ti2MoIr,208.29,208.29,208.29,mp-865807
LuHfRu2,163.884,163.884,163.884,mp-865846
TiTc2W,257.893,257.893,257.893,mp-865810
Ti2OsRu,231.602,231.602,231.602,mp-865842
Lu2CuPt,101.128,101.128,101.128,mp-865847
YbMgTl2,35.189,35.189,35.189,mp-865813
LuCdRh2,128.593,128.593,128.593,mp-865796
TaZnCo2,201.21,201.21,201.21,mp-865805
Ti2TcIr,223.944,223.944,223.944,mp-865840
YbMgHg2,42.899,42.899,42.899,mp-865814
LiSmHg2,50.518,50.518,50.518,mp-865812
Yb2CuIr,69.855,69.855,69.855,mp-865845
YbNbRu2,163.841,163.841,163.841,mp-865857
Li2TlPd,48.609,48.609,48.609,mp-865863
Ti3Tl,108.987,108.756,108.872,mp-865900
LiZr2Os,134.753,134.753,134.753,mp-865870
YbPmAg2,51.003,51.003,51.003,mp-865896
Ti3Os,160.895,160.895,160.895,mp-865899
LiZr2Tc,117.351,117.351,117.351,mp-865893
Li2AgHg,37.398,37.398,37.398,mp-865874
Li2AgAu,49.503,49.503,49.503,mp-865879
YbPmAu2,68.459,68.459,68.459,mp-865894
LiZrRh2,137.351,137.351,137.351,mp-865868
Li2YTl,41.319,41.319,41.319,mp-865867
TiSnRu2,205.955,205.955,205.955,mp-865888
Be2CuPt,173.915,173.915,173.915,mp-865869
GaGeRu2,203.806,203.806,203.806,mp-865895
Li2AcIn,35.03,35.03,35.03,mp-865897
Ti2TcNi,168.312,168.312,168.312,mp-865878
Ti2TcOs,225.088,225.088,225.088,mp-865876
LuInRh2,138.075,138.075,138.075,mp-865884
TiZnCo2,180.042,180.042,180.042,mp-865898
YbPmPt2,91.912,91.912,91.912,mp-865903
BeCo2Si,226.523,226.523,226.523,mp-865901
LiZn2Rh,102.513,102.513,102.513,mp-865912
TiVRe2,257.696,257.696,257.696,mp-865916
Ti2TcPt,201.234,201.234,201.234,mp-865928
LiSc2Tc,82.734,82.734,82.734,mp-865936
Yb2HgPb,37.023,37.023,37.023,mp-865908
MgAlIr2,188.646,188.646,188.646,mp-865921
MgAlAg2,80.359,80.359,80.359,mp-865919
LiSiIr2,230.966,230.966,230.966,mp-865933
AcTiO3,179.412,179.412,179.412,mp-865927
TiZnCu2,130.031,130.031,130.031,mp-865930
LiMg2,30.207,30.134,30.17,mp-865939
BeSiIr2,268.28,268.28,268.28,mp-865904
TiVTc2,226.153,226.153,226.153,mp-865914
YbPmZn2,45.614,45.614,45.614,mp-865920
Cd2PtRh,136.955,136.955,136.955,mp-865929
Cd2PdRh,123.024,123.024,123.024,mp-865926
LiZrIr2,164.912,164.912,164.912,mp-865925
Ti2TcPd,182.368,182.368,182.368,mp-865931
Li2CaSn,34.099,34.099,34.099,mp-865964
CdPd3,135.856,135.704,135.78,mp-865985
Ti2ReRh,213.72,213.72,213.72,mp-865948
Li2CaSi,40.875,40.875,40.875,mp-865965
BeAlIr2,237.931,237.931,237.931,mp-865966
LiGaAg2,66.916,66.916,66.916,mp-865963
CoRe3,353.029,352.783,352.906,mp-865960
AcTlAu2,59.76,59.76,59.76,mp-865952
AcMgCd2,43.051,43.051,43.051,mp-865979
TmCdHg2,64.458,64.458,64.458,mp-865983
TmCdPd2,102.769,102.769,102.769,mp-865982
BaTlHg2,26.909,26.909,26.909,mp-865984
Ac2IrAu,75.286,75.286,75.286,mp-865951
Y3Al7Cu2,87.323,86.563,86.943,mp-865990
Er2InAg,65.736,65.736,65.736,mp-866004
YbSmZn2,45.837,45.837,45.837,mp-865991
Al2IrRu,218.535,218.535,218.535,mp-865989
YbSnAu2,70.05,70.05,70.05,mp-865995
YbSnRh2,126.934,126.934,126.934,mp-865992
Dy2TlCd,57.964,57.964,57.964,mp-866005
CaLaCd2,40.129,40.129,40.129,mp-866000
AlVRu2,236.108,236.108,236.108,mp-866001
CaSmHg2,49.261,49.261,49.261,mp-866014
ErI3,5.562,0.63,3.096,mp-866003
CaPrZn2,43.686,43.686,43.686,mp-866015
Dy2TlAg,61.975,61.975,61.975,mp-866008
Ac2ZnGe,47.092,47.092,47.092,mp-866018
Be2RhAu,183.765,183.765,183.765,mp-866024
YbSmHg2,50.682,50.682,50.682,mp-866020
Hf2ZnRe,160.36,160.36,160.36,mp-866012
YbPrZn2,43.874,43.874,43.874,mp-865997
MgTaOs2,228.974,228.974,228.974,mp-866071
AlZnRh2,184.832,184.832,184.832,mp-866033
GaNiRh2,173.642,173.642,173.642,mp-866037
HfSiRu2,228.517,228.517,228.517,mp-866062
Nd2CdIn,50.858,50.858,50.858,mp-866067
MgSc2Tl,58.309,58.309,58.309,mp-866080
Al2FeIr,203.229,203.229,203.229,mp-866031
MgSc2Cd,57.839,57.839,57.839,mp-866077
AcN,79.844,75.561,77.703,mp-866056
NdDyMg2,40.013,40.013,40.013,mp-866063
CaSmZn2,45.189,45.189,45.189,mp-866061
MgScRh2,127.869,127.869,127.869,mp-866069
MgSnRh2,147.583,147.583,147.583,mp-866073
HfZnAu2,137.013,137.013,137.013,mp-866117
MgSiRh2,179.203,179.203,179.203,mp-866087
CaCdHg2,38.807,38.807,38.807,mp-866104
Ac2IrPd,77.317,77.317,77.317,mp-866107
HoTaRu2,183.596,183.596,183.596,mp-866116
Tm2TlAg,66.273,66.273,66.273,mp-866120
HoNbRu2,173.786,173.786,173.786,mp-866112
V3Os,246.21,246.21,246.21,mp-866121
HfZnCu2,129.32,129.32,129.32,mp-866094
HfZn3,106.995,106.547,106.771,mp-866108
Hf2CoTc,177.082,177.082,177.082,mp-866088
HfTc2W,246.139,246.139,246.139,mp-866114
Ac2MgSn,38.111,38.111,38.111,mp-866103
LuTaOs2,218.717,218.717,218.717,mp-866127
NaTmTl2,37.535,37.535,37.535,mp-866128
Lu2TlAg,65.545,65.545,65.545,mp-866131
LuTaRu2,190.885,190.885,190.885,mp-866125
Be2PdRh,193.549,193.549,193.549,mp-866115
MgSiIr2,213.993,213.993,213.993,mp-866086
TiBeCo2,191.214,191.214,191.214,mp-866152
TiFe2Si,230.374,230.374,230.374,mp-866141
Y2PdRu,102.15,102.15,102.15,mp-866166
TiBe2Ir,189.33,189.33,189.33,mp-866139
Lu2TlCd,60.239,60.239,60.239,mp-866133
Na2TlSb,24.55,24.55,24.55,mp-866132
TiGaPd2,155.629,155.629,155.629,mp-866140
YMgHg2,61.585,61.585,61.585,mp-866164
TiBeRh2,203.582,203.582,203.582,mp-866143
KTl2Bi,22.656,22.656,22.656,mp-866169
Li2PdAu,68.175,68.175,68.175,mp-866176
YMgAu2,83.086,83.086,83.086,mp-866171
TiAlRu2,209.627,209.627,209.627,mp-866155
ThSnAu2,99.611,99.611,99.611,mp-866174
VFe3,195.459,195.459,195.459,mp-866134
TiBeIr2,241.903,241.903,241.903,mp-866154
YGaRh2,138.306,138.306,138.306,mp-866156
YMgRh2,109.638,109.638,109.638,mp-866165
TiInPd2,125.716,125.716,125.716,mp-866168
YMgAg2,64.686,64.686,64.686,mp-866162
YInRh2,127.682,127.682,127.682,mp-866163
Yb2CdIn,34.611,34.611,34.611,mp-866175
VRh3,251.269,250.809,251.039,mp-866161
HoMg3,40.634,40.634,40.634,mp-866172
LiSm2Os,74.266,74.266,74.266,mp-866150
Li2NdTl,39.457,39.457,39.457,mp-866179
Ti2MnRh,191.897,191.897,191.897,mp-866218
Li2PrIn,38.333,38.333,38.333,mp-866196
HfSnRu2,199.577,199.577,199.577,mp-866219
TiTc2Mo,248.307,248.307,248.307,mp-866213
Li2LaIn,37.747,37.747,37.747,mp-866193
AcYbHg2,42.483,42.483,42.483,mp-866203
Ti2ZnRe,168.977,168.977,168.977,mp-866183
Lu2CdIn,59.863,59.863,59.863,mp-866211
Ti2ZnTc,158.023,158.023,158.023,mp-866187
AcAg,43.963,43.963,43.963,mp-866199
Li2NdIn,40.663,40.663,40.663,mp-866181
CaNdZn2,44.441,44.441,44.441,mp-866220
Pm2SiHg,66.613,66.613,66.613,mp-866204
TlCdRh2,137.541,137.541,137.541,mp-866188
AcMgHg2,48.779,48.779,48.779,mp-866225
Be2NiPt,197.731,197.731,197.731,mp-866224
BeVCo2,44.835,44.835,44.835,mp-866288
ErSnRu2,150.594,150.594,150.594,mp-866285
CaDyHg2,51.03,51.03,51.03,mp-866228
AcMg,30.934,30.934,30.934,mp-866286
CaYHg2,52.306,52.306,52.306,mp-866223
Al2IrOs,233.311,233.311,233.311,mp-866284
DySnAu2,88.94,88.94,88.94,mp-866287
Ca2SnHg,36.778,36.778,36.778,mp-866229
Ca5Al2(SiN4)2,126.039,125.797,125.918,mp-866314
TiFe2Ge,210.464,210.464,210.464,mp-866375
ScCdAg2,80.644,80.644,80.644,mp-867127
BeGaIr2,238.142,238.142,238.142,mp-867116
BeSiOs2,286.259,286.259,286.259,mp-867107
Sc2CuPt,112.788,112.788,112.788,mp-867117
TaTiOs2,267.946,267.946,267.946,mp-867123
SmHoMg2,40.49,40.49,40.49,mp-867130
Sc2CoOs,137.844,137.844,137.844,mp-867110
ReOs3,395.857,394.907,395.382,mp-867141
SmMgCd2,52.617,52.617,52.617,mp-867131
TaBeRu2,234.983,234.983,234.983,mp-867114
TaMn2Al,201.123,201.123,201.123,mp-867120
LaSnAu2,77.314,77.314,77.314,mp-867118
Al2RuPt,201.068,201.068,201.068,mp-867125
ScVRu2,194.203,194.203,194.203,mp-867137
CaMgHg2,40.504,40.504,40.504,mp-867144
SmDyMg2,40.294,40.294,40.294,mp-867159
SmGa3,69.597,69.05,69.324,mp-867143
BaNaHg2,20.768,20.768,20.768,mp-867147
SrMgTl2,29.945,29.945,29.945,mp-867172
Sr2CdSn,29.052,29.052,29.052,mp-867149
LiHfRh2,145.866,145.866,145.866,mp-867148
LiCd2Au,64.741,64.741,64.741,mp-867160
SmMgHg2,59.687,59.687,59.687,mp-867181
Pm3Pb,44.905,44.905,44.905,mp-867189
SmCdHg2,60.568,60.568,60.568,mp-867157
SrLi2Sn,30.554,30.554,30.554,mp-867171
PrMgCd2,50.25,50.25,50.25,mp-867178
ScNbRu2,196.752,196.752,196.752,mp-867146
Sr2SnHg,30.248,30.248,30.248,mp-867169
ScGaRu2,167.594,167.594,167.594,mp-867156
PrCdHg2,57.938,57.938,57.938,mp-867177
LiCa2Tl,26.242,26.242,26.242,mp-867167
LiCa2In,27.505,27.505,27.505,mp-867211
Er2IrRu,130.801,130.801,130.801,mp-867214
Sr2HgPb,28.446,28.446,28.446,mp-867207
TcOs3,377.424,376.604,377.014,mp-867212
TaFeRu2,238.287,238.287,238.287,mp-867216
CaPrHg2,47.326,47.326,47.326,mp-867217
CaNdCd2,41.739,41.739,41.739,mp-867224
LiY2Ir,80.823,80.823,80.823,mp-867235
Sm2TlCd,53.486,53.486,53.486,mp-867191
TbMgHg2,61.719,61.719,61.719,mp-867234
Pm,35.283,35.282,35.282,mp-867200
LiCd2Pt,84.2,84.2,84.2,mp-867206
Ce3(TaN3)2,173.264,169.089,171.176,mp-867221
LiCd2Pd,71.539,71.539,71.539,mp-867196
SmAgHg2,67.274,67.274,67.274,mp-867218
Sc2ZnIr,119.005,119.005,119.005,mp-867233
Sc2ZnGa,78.569,78.569,78.569,mp-867242
LiZn2Pd,87.893,87.893,87.893,mp-867250
Be2CoNi,194.115,194.115,194.115,mp-867271
LiZn2Ni,41.35,41.35,41.35,mp-867252
Re3Os,374.759,374.32,374.539,mp-867264
Be2IrPt,238.159,238.159,238.159,mp-867280
TaAlFe2,219.675,219.675,219.675,mp-867249
LiZn2Pt,104.433,104.433,104.433,mp-867251
SmAgAu2,84.99,84.99,84.99,mp-867254
Ac2GePd,56.205,56.205,56.205,mp-867241
Sc2ZnOs,120.86,120.86,120.86,mp-867243
Be2CoIr,219.36,219.36,219.36,mp-867274
Ho2MgAl,55.443,55.443,55.443,mp-867277
LiAlCu2,87.133,87.133,87.133,mp-867272
BeVOs2,276.013,276.013,276.013,mp-867275
LiZn2Au,80.793,80.793,80.793,mp-867255
Be2CoPt,207.943,207.943,207.943,mp-867270
LiZn2Ir,116.817,116.817,116.817,mp-867253
CaPrCd2,40.978,40.978,40.978,mp-867257
ScCdHg2,68.137,68.137,68.137,mp-867263
LiZnPd2,109.393,109.393,109.393,mp-867258
Tc3Pt,286.948,285.212,286.08,mp-867281
CaMgTl2,33.477,33.477,33.477,mp-867266
Be2CuIr,210.143,210.143,210.143,mp-867273
TbGa3,71.534,70.868,71.201,mp-867246
TbHg3,60.055,59.711,59.883,mp-867288
Ga2RuRh,199.112,199.112,199.112,mp-867292
LiCo2Si,171.867,171.867,171.867,mp-867293
TbTe,61.543,59.26,60.402,mp-867290
Al2CoIr,199.848,199.848,199.848,mp-867319
LiInAu2,76.048,76.048,76.048,mp-867287
Be2RuAu,193.573,193.573,193.573,mp-867307
LiTb2Ir,81.503,81.503,81.503,mp-867285
AlCuAu2,134.721,134.721,134.721,mp-867306
BeVFe2,212.177,212.177,212.177,mp-867304
DyMgSn,58.022,57.911,57.967,mp-867348
Ca2MgIn,30.387,30.387,30.387,mp-867350
Al2RuRh,200.128,200.128,200.128,mp-867326
TcIr3,342.254,341.741,341.997,mp-867345
Tc3Ni,290.989,282.368,286.678,mp-867357
ThCdAg2,82.451,82.451,82.451,mp-867372
TcRu3,309.013,308.165,308.589,mp-867356
ThCdAu2,99.567,99.567,99.567,mp-867353
Hf2TcRu,193.02,193.02,193.02,mp-867327
ThCdHg2,72.453,72.453,72.453,mp-867346
AcPbAu2,65.405,65.405,65.405,mp-867422
CeTlAu2,83.944,83.944,83.944,mp-867361
TaGaFe2,222.56,222.56,222.56,mp-867507
CsTi6O12,118.587,113.452,116.019,mp-867568
ScSnRu2,169.616,169.616,169.616,mp-867748
DyMgAu2,84.578,84.578,84.578,mp-867762
TaCuRh2,224.467,224.467,224.467,mp-867771
Al3Cr,106.002,106.001,106.001,mp-867780
ScZnRh2,151.149,151.149,151.149,mp-867769
Sc2CoRu,135.073,135.073,135.073,mp-867761
DyMgCd2,54.341,54.341,54.341,mp-867773
Al2NiRu,180.486,180.486,180.486,mp-867775
LiYHg2,52.184,52.184,52.184,mp-867810
Sc2CuIr,129.422,129.422,129.422,mp-867794
ReIr3,359.215,358.576,358.896,mp-867792
LiYTl2,41.8,41.8,41.8,mp-867807
ScNbTc2,186.133,186.133,186.133,mp-867795
TaTiMn2,207.781,207.781,207.781,mp-867821
TaGaOs2,268.88,268.88,268.88,mp-867788
DyMgHg2,62.879,62.879,62.879,mp-867826
LiCa2Cd,23.718,23.718,23.718,mp-867803
ScNbOs2,220.674,220.674,220.674,mp-867786
Sc2CuOs,127.176,127.176,127.176,mp-867802
LiVRh2,179.191,179.191,179.191,mp-867829
LiHfPt2,146.996,146.996,146.996,mp-867834
BeNbRu2,227.135,227.135,227.135,mp-867828
SmYMg2,40.002,40.002,40.002,mp-867861
Ca2TlCd,32.155,32.155,32.155,mp-867849
SmCu4Ag,100.508,100.508,100.508,mp-867863
BeFeRh2,206.038,206.038,206.038,mp-867840
TaTiRe2,257.421,257.421,257.421,mp-867846
BeSiRu2,247.221,247.221,247.221,mp-867835
ScMnRh2,149.04,149.04,149.04,mp-867850
BeCrRu2,254.421,254.421,254.421,mp-867837
ScInRh2,149.145,149.145,149.145,mp-867842
SmCdAg2,67.735,67.735,67.735,mp-867853
SmMgAg2,62.849,62.849,62.849,mp-867862
AcAu3,77.484,72.369,74.927,mp-867838
BeVRu2,241.663,241.663,241.663,mp-867874
SmHg3,57.702,57.386,57.544,mp-867879
ScTlRh2,143.099,143.099,143.099,mp-867881
Sm2IrRh,110.279,110.279,110.279,mp-867899
SmAl3,69.393,68.07,68.731,mp-867870
LiTm2Al,53.804,53.804,53.804,mp-867873
AlGeRu2,214.114,214.114,214.114,mp-867904
AlFe2Si,214.474,214.474,214.474,mp-867878
ScZnCu2,99.218,99.218,99.218,mp-867896
ScTaRu2,204.892,204.892,204.892,mp-867897
Sm2MgAl,50.087,50.087,50.087,mp-867894
ScCdRh2,139.152,139.152,139.152,mp-867909
Sm2AgRu,83.326,83.326,83.326,mp-867869
LiSiRh2,186.513,186.513,186.513,mp-867902
ScCdPd2,113.454,113.454,113.454,mp-867911
SmCdAu2,82.573,82.573,82.573,mp-867882
LiCdPd2,93.448,93.448,93.448,mp-867924
SrAcHg2,37.418,37.418,37.418,mp-867925
LiVIr2,223.046,223.046,223.046,mp-867927
ScGaIr2,192.627,192.627,192.627,mp-867916
ScAlRh2,163.077,163.077,163.077,mp-867922
Sm2MgGe2,68.695,68.305,68.5,mp-867932
CuGeRh2,199.92,199.92,199.92,mp-867917
K2Rh2O5,95.061,73.699,84.38,mp-867920
ScGaRh2,163.021,163.021,163.021,mp-867928
ErNbRu2,177.241,177.241,177.241,mp-867919
SmPbAu2,77.954,77.954,77.954,mp-867985
LaInHg2,52.025,52.025,52.025,mp-867979
SmInRh2,121.874,121.874,121.874,mp-867978
ZrNiSn,115.909,115.909,115.909,mp-924129
TiNiSn,123.819,123.819,123.819,mp-924130
HfNiSn,127.878,127.878,127.878,mp-924128
NaSnSb,23.596,21.731,22.663,mp-952566
TiFeTe,146.311,146.311,146.311,mp-961673
TiSnPd,118.974,118.974,118.974,mp-961682
ZrSnPt,133.908,133.908,133.908,mp-961713
ZrSnPd,118.393,118.393,118.393,mp-961687
ZrInAu,106.206,106.206,106.206,mp-961693
NaCaAs,33.378,33.378,33.378,mp-961685
FeSb3,103.95,97.054,100.502,mp-971669
DyYHg2,66.15,66.15,66.15,mp-971799
SrSiPt,78.261,78.261,78.261,mp-971914
Zn3Cu,93.822,90.98,92.401,mp-972042
V3Mo,203.583,203.583,203.583,mp-972071
YbTmHg2,53.312,53.312,53.312,mp-972062
Zn6Mo,91.897,91.897,91.897,mp-972048
V2MoOs,263.582,263.582,263.582,mp-972205
Zr3As2,125.489,125.326,125.408,mp-972228
TaNbTc2,251.053,251.053,251.053,mp-972323
TcPt3,261.369,261.32,261.344,mp-972326
Ti2ReTc,217.331,217.331,217.331,mp-972241
YbMg,24.014,24.014,24.014,mp-972352
Ti2IrW,216.082,216.082,216.082,mp-972337
Ti2VIr,179.691,179.691,179.691,mp-972238
SmSnAu2,84.809,84.809,84.809,mp-972526
SmTmTl2,52.625,52.625,52.625,mp-972541
SmHgAu2,83.971,83.971,83.971,mp-972623
Sm2TlAg,57.182,57.182,57.182,mp-972536
SmHoTl2,52.516,52.516,52.516,mp-972653
SmErHg2,62.653,62.653,62.653,mp-972635
SmCoSi3,136.665,135.753,136.209,mp-972659
SiTc2W,286.173,286.173,286.173,mp-972810
ScTiRu2,177.267,177.267,177.267,mp-972957
Sc2RuAu,125.306,125.306,125.306,mp-972879
Sc2AlAg,78.735,78.735,78.735,mp-972907
MgInAg2,68.284,68.284,68.284,mp-973088
KTcO3,180.938,180.938,180.938,mp-973267
LuSi2Ni,130.058,127.58,128.819,mp-973633
Lu,44.891,44.811,44.851,mp-973571
Lu2ZnAg,69.957,69.957,69.957,mp-973653
Lu2Mo2C3,168.463,165.964,167.213,mp-973756
LaPrHg2,51.146,51.146,51.146,mp-973887
Lu2CdAg,66.319,66.319,66.319,mp-973956
LiIn(IO3)4,30.283,29.239,29.761,mp-973966
HoErTl2,52.564,52.564,52.564,mp-974221
Ir3Ru,337.871,337.87,337.871,mp-974358
OsRu3,331.586,330.805,331.196,mp-974326
Re2C,402.964,398.729,400.846,mp-974437
Re3Ru,353.162,352.819,352.99,mp-974455
Re3N,390.212,386.151,388.181,mp-974435
Pt3Rh,249.587,249.526,249.556,mp-974395
HfZrTc2,182.079,182.079,182.079,mp-974943
Li(SiRh)2,164.299,161.554,162.926,mp-975044
NdSmHg2,57.477,57.477,57.477,mp-975049
Rb(FeAs)2,41.586,37.581,39.583,mp-975359
PrZnSbO,62.78,59.438,61.109,mp-975646
Pr3(CuSn)4,79.803,79.539,79.671,mp-975640
PrTe2,54.866,54.808,54.837,mp-975652
PrNdHg2,55.153,55.153,55.153,mp-975883
PrNdTl2,50.892,50.892,50.892,mp-975896
PrNdZn2,51.524,51.524,51.524,mp-975822
MoRu3,295.941,295.579,295.76,mp-975834
Li3Cd,22.674,22.616,22.645,mp-867343
Pr2AgHg,54.491,54.491,54.491,mp-975788
NdHoIn2,55.325,55.325,55.325,mp-975933
Li3Hg,25.641,25.64,25.641,mp-976047
Hf3Tl,104.547,104.414,104.481,mp-976106
Hf3Ge2,134.328,133.515,133.921,mp-976273
Li2AcTl,33.082,33.082,33.082,mp-976333
LiBr,19.465,19.456,19.461,mp-976280
LiLuHg2,54.534,54.534,54.534,mp-976426
MgPd5,141.034,140.587,140.811,mp-977059
NaTcO3,190.453,190.453,190.453,mp-977176
Ta2ReMo,256.583,256.583,256.583,mp-977353
ZnGaIr2,216.901,216.901,216.901,mp-977356
TbMgRh2,113.246,113.246,113.246,mp-977396
Ho2MgIn,53.469,53.469,53.469,mp-977392
NpH3,95.752,94.748,95.25,mp-977385
Ta2TcMo,242.63,242.63,242.63,mp-977363
TbCdAu2,87.541,87.541,87.541,mp-977376
HoBr3,6.907,0.365,3.636,mp-977375
Ta3Ru,225.21,225.21,225.21,mp-977390
HoMgHg2,62.805,62.805,62.805,mp-977369
CdInRh2,144.382,144.382,144.382,mp-977367
NbGaRu2,233.221,233.221,233.221,mp-977401
ZnGaRh2,177.634,177.634,177.634,mp-977362
ZnSiRh2,204.49,204.49,204.49,mp-977384
TbCdAg2,71.476,71.476,71.476,mp-977398
Pm2SnHg,58.633,58.633,58.633,mp-977372
LiMg2Pd,57.675,57.675,57.675,mp-977380
LiMgPd2,84.673,84.673,84.673,mp-977399
Ta2VRu,227.823,227.823,227.823,mp-977382
Hf2ReRh,197.44,197.44,197.44,mp-977407
HoCdAu2,89.835,89.835,89.835,mp-977415
Zn2PtRh,174.554,174.554,174.554,mp-977427
LiMgAu2,68.967,68.967,68.967,mp-977418
ZrAlRu2,188.517,188.517,188.517,mp-977436
MgInRh2,136.968,136.968,136.968,mp-977438
TbGaRh2,132.553,132.553,132.553,mp-977421
Yb2ZnGa,37.583,37.583,37.583,mp-977442
MgNbRu2,188.842,188.842,188.842,mp-977430
Nb3Ru,208.891,208.891,208.891,mp-977434
Ta2CrRu,243.884,243.884,243.884,mp-977425
MgScAg2,72.567,72.567,72.567,mp-977554
LiNbIr2,209.556,209.556,209.556,mp-977563
MgMnRh2,136.68,136.68,136.68,mp-977463
MgZnRh2,140.599,140.599,140.599,mp-977547
ZrCdAu2,121.203,121.203,121.203,mp-977462
LiTbTl2,42.072,42.072,42.072,mp-977542
ZrGeRu2,205.066,205.066,205.066,mp-977443
ZrScOs2,188.108,188.108,188.108,mp-977550
Hf2TcOs,206.099,206.099,206.099,mp-977541
Zr2OsRu,196.255,196.255,196.255,mp-977549
ZrTc2W,238.342,238.342,238.342,mp-977545
Pm2ZnGa,56.628,56.628,56.628,mp-977546
PaAgO3,140.937,140.937,140.937,mp-977455
LiTaIr2,222.448,222.448,222.448,mp-977561
ZrNbTc2,203.512,203.512,203.512,mp-977534
Dy2MgGe2,73.963,73.675,73.819,mp-977559
MgScPd2,101.961,101.961,101.961,mp-977566
ZrCdRh2,161.156,161.156,161.156,mp-977537
Hf2MnRh,175.266,175.266,175.266,mp-977572
Tm2TlCd,60.245,60.245,60.245,mp-977589
Zr2TcPd,159.375,159.375,159.375,mp-977578
MgSc2Al,64.52,64.52,64.52,mp-977580
Zr3Tl,96.017,96.017,96.017,mp-977585
ZrZnRh2,172.759,172.759,172.759,mp-977582
Pr2TlAg,52.072,52.072,52.072,mp-978085
Mg2TlPb,35.144,35.144,35.144,mp-978256
Na(BH)6,12.816,9.255,11.036,mp-978278
MgB7,185.142,181.575,183.359,mp-978275
SmErMg2,40.708,40.708,40.708,mp-978513
SmDyTl2,54.144,54.144,54.144,mp-978527
SmTmHg2,63.549,63.549,63.549,mp-978529
SmYTl2,53.46,53.46,53.46,mp-978564
SmHoIn2,56.394,56.394,56.394,mp-978563
SmDyHg2,61.688,61.688,61.688,mp-978557
Si3MoPt2,193.812,193.812,193.812,mp-978568
Sm2AgHg,59.622,59.622,59.622,mp-978545
Sm2TlHg,57.031,57.031,57.031,mp-978807
Sr(GeIr)2,96.685,83.439,90.062,mp-978853
SrAcTl2,33.088,33.088,33.088,mp-978953
SrAcZn2,34.157,34.157,34.157,mp-978929
TbYHg2,64.962,64.962,64.962,mp-978911
Sm2ZnHg,56.78,56.78,56.78,mp-978973
SrGe3Pd,71.0,70.646,70.823,mp-978987
TbYTl2,54.245,54.245,54.245,mp-978975
TbTmHg2,68.08,68.08,68.08,mp-978988
Sr(GePd)2,76.537,76.453,76.495,mp-978986
Ta2FeMo,231.554,231.554,231.554,mp-979267
TbLuHg2,67.917,67.917,67.917,mp-979287
Ti2Ag,115.199,115.042,115.12,mp-979115
Tm2AgHg,71.509,71.509,71.509,mp-979176
TaW3,275.924,275.924,275.924,mp-979289
YLuTl2,55.052,55.052,55.052,mp-979430
SmCd3,54.547,54.201,54.374,mp-867158
VCuRh2,218.716,218.716,218.716,mp-979910
Yb2AgHg,38.785,38.785,38.785,mp-979961
YErHg2,63.799,63.799,63.799,mp-979934
Yb2GaHg,39.597,39.597,39.597,mp-979967
SmGa2Co,95.939,91.926,93.932,mp-980004
TbPmRh2,102.32,102.32,102.32,mp-980059
YbDyHg2,52.438,52.438,52.438,mp-980199
YbErHg2,52.673,52.673,52.673,mp-980064
YbErZn2,48.824,48.824,48.824,mp-980062
TmLuCo2,209.285,209.285,209.285,mp-980669
TmScRu2,132.156,132.156,132.156,mp-980206
Sm3Hg,44.955,44.813,44.884,mp-980429
SmNiGe2,100.927,98.99,99.958,mp-980760
SrTlHg2,29.409,29.409,29.409,mp-981311
V2ReRu,268.222,268.222,268.222,mp-981365
SmInPd,83.27,83.073,83.172,mp-982004
YErTl2,53.212,53.212,53.212,mp-981548
PrH3,83.093,83.001,83.047,mp-981547
HoGa2Pd,98.458,97.299,97.878,mp-982511
HoGa3,70.08,69.84,69.96,mp-982557
Pm2ZnHg,56.196,56.196,56.196,mp-982387
Pm2ZnAg,56.992,56.992,56.992,mp-982393
Pm2InHg,55.365,55.365,55.365,mp-982613
Pm2PtAu,87.278,87.278,87.278,mp-982772
PmSmHg2,58.175,58.175,58.175,mp-983063
Pm2ZnPt,75.923,75.923,75.923,mp-983154
Pm2ZnOs,87.655,87.655,87.655,mp-983236
PmDyHg2,60.869,60.869,60.869,mp-983427
HfMgAu2,121.119,121.119,121.119,mp-983123
Pm2ZnRh,74.896,74.896,74.896,mp-983229
PmDyIn2,55.936,55.936,55.936,mp-983428
Be3Fe,151.52,151.52,151.52,mp-983590
Al2CoOs,203.003,203.003,203.003,mp-984352
AcTlHg2,44.138,44.138,44.138,mp-984551
Ca3Tl,23.794,23.4,23.597,mp-984744
AcF3,114.087,113.925,114.006,mp-985278
DyHoIn2,57.572,57.572,57.572,mp-984767
CaAcIn2,37.832,37.832,37.832,mp-985450
Ag3Pd,105.244,105.186,105.215,mp-985296
BaPAu,57.858,56.48,57.169,mp-985439
HfS2,28.623,0.045,14.334,mp-985829
Al2Cu,96.231,96.231,96.231,mp-985806
HfSe2,26.099,7.523,16.811,mp-985831
Cs2LiInBr6,16.592,16.592,16.592,mp-989405
LiTl2InCl6,22.841,22.841,22.841,mp-989512
Cs2AlInH6,23.35,23.35,23.35,mp-989535
Cs2TlInF6,31.424,31.424,31.424,mp-989537
NaTl2InF6,39.944,39.944,39.944,mp-989533
Rb2NaAsF6,36.315,36.315,36.315,mp-989523
LaWN3,171.355,163.675,167.515,mp-989524
Sr6Sn2NO,43.347,43.347,43.347,mp-989540
NaTl2GaF6,42.375,42.375,42.375,mp-989561
Rb2NaTlF6,34.898,34.898,34.898,mp-989548
Rb2NaSbF6,33.711,33.711,33.711,mp-989541
Rb2NaSbCl6,18.041,18.041,18.041,mp-989545
LiTl2InF6,41.494,41.494,41.494,mp-989551
Rb2InGaF6,37.52,37.52,37.52,mp-989566
Rb2NaInF6,38.727,38.727,38.727,mp-989578
Cs2NaMgF6,31.063,31.063,31.063,mp-989568
Rb2LiInCl6,20.952,20.952,20.952,mp-989583
Sr6Sn2NF,37.078,37.078,37.078,mp-989592
Cs2KPbF6,26.386,26.386,26.386,mp-989585
Cs2AlTlH6,23.081,23.081,23.081,mp-989575
Ca6Sn2NF,45.559,45.559,45.559,mp-989590
Cs2RbInF6,28.556,28.556,28.556,mp-989605
CaMoN3,109.968,102.988,106.478,mp-989635
Cs2NaAlH6,23.548,23.548,23.548,mp-989642
NbCu3Te4,30.476,30.476,30.476,mp-991676
Na2ZrO3,83.228,78.563,80.895,mp-990440
Nb3AlC2,200.627,200.319,200.473,mp-996161
Nb2AlC,169.761,169.744,169.752,mp-996162
Cs2TlInBr6,14.846,14.846,14.846,mp-996944
CuAgO2,120.417,101.967,111.192,mp-996975
AgAuO2,70.987,56.221,63.604,mp-996983
BaAgO2,87.349,78.574,82.961,mp-996979
CuPdO2,146.516,126.275,136.396,mp-996971
TlAgO2,91.998,83.141,87.57,mp-997010
CsAuO2,32.395,19.318,25.856,mp-997024
BaCuO2,81.156,72.098,76.627,mp-997034
BOs,356.469,352.805,354.637,mp-997617
BaHfO3,159.196,159.196,159.196,mp-998552
TiGaFeCo,192.595,192.595,192.595,mp-998964
TiAlFeCo,189.547,189.547,189.547,mp-998980
TbTlTe2,29.62,29.368,29.494,mp-999121
ThCoC2,183.828,176.599,180.213,mp-999088
SmTlTe2,28.525,28.288,28.406,mp-999132
NaTbS2,46.496,43.275,44.885,mp-999126
NaTbSe2,38.516,36.181,37.348,mp-999127
TaPd,202.236,201.423,201.83,mp-999133
SmNi,71.087,70.155,70.621,mp-999145
RbSmTe2,25.096,24.879,24.988,mp-999269
Pd3Au,159.176,159.176,159.176,mp-999298
NbPt,229.609,229.582,229.595,mp-999376
NaSmSe2,36.935,34.437,35.686,mp-999450
NaScS2,51.951,50.281,51.116,mp-999460
NdPd,74.395,73.225,73.81,mp-999336
NaNdS2,43.246,39.765,41.505,mp-999470
NaSmS2,44.729,41.469,43.099,mp-999455
NaDyS2,47.308,44.228,45.768,mp-999490
MnSe,51.31,51.29,51.3,mp-999540
MoPt,275.394,274.881,275.137,mp-999502
NaHoSe2,39.102,36.763,37.932,mp-999474
LuSi,97.325,97.293,97.309,mp-1001612
InBi,35.088,35.088,35.088,mp-1001833
LiB,83.425,58.132,70.778,mp-1001835
LiScS2,56.903,54.398,55.65,mp-1001786
LaAu,64.419,63.646,64.033,mp-1002136
Sm2InHg,56.894,56.894,56.894,mp-1005693
Eu(MgBi)2,32.915,32.346,32.63,mp-1006146
HoTlTe2,29.849,29.605,29.727,mp-1007663
HoAu,85.253,81.926,83.589,mp-1007666
HfPt,180.293,172.66,176.476,mp-1007691
DyAu,83.902,81.036,82.469,mp-1007918
ErTlTe2,29.991,29.722,29.857,mp-1007907
FeB,254.969,247.879,251.424,mp-1007881
DyTlTe2,29.884,29.634,29.759,mp-1007908
BiPd,89.647,89.64,89.644,mp-1008488
BaGaSiH,49.849,46.864,48.357,mp-1008506
TmTlTe2,30.652,30.403,30.528,mp-1008561
TiGePt,151.635,151.635,151.635,mp-1008680
YbAg2,51.824,51.275,51.549,mp-1008617
MgAgSb,58.085,58.085,58.085,mp-1008903
FeH,173.813,173.813,173.813,mp-1009077
BeSiAs2,76.366,76.363,76.364,mp-1009087
BeGeAs2,68.999,68.985,68.992,mp-1009088
MnCo,192.154,192.154,192.154,mp-1009133
MnTe,35.201,35.201,35.201,mp-1009222
PaN,221.916,221.916,221.916,mp-1009545
CaN2,87.439,77.936,82.688,mp-1009657
Ca2Si,36.951,36.951,36.951,mp-1009733
Ca2Ge,34.833,34.833,34.833,mp-1009755
Cs2Se,11.808,11.808,11.808,mp-1011695
VS2,44.999,7.734,26.366,mp-849060
BeGeP2,83.097,83.083,83.09,mp-1013527
Ca3SbN,57.655,57.655,57.655,mp-1013548
Sr3AsN,47.628,47.628,47.628,mp-1013555
Sr3PN,49.284,49.284,49.284,mp-1013554
TiZn,110.695,110.695,110.695,mp-1014230
Ti2Zn,112.112,112.1,112.106,mp-1014229
Hf3ZnN,150.025,148.48,149.253,mp-1014252
Zr2N,175.065,174.51,174.788,mp-1014265
Ti3ZnN,147.03,144.431,145.73,mp-1014257
HfZnN2,188.584,188.292,188.438,mp-1014251
Hf2Zn,109.609,109.609,109.609,mp-1014231
ZrZnN2,177.392,176.953,177.173,mp-1014244
Ti2ZnN,149.32,145.961,147.64,mp-1014227
TiZnN2,154.722,153.936,154.329,mp-1016108
MgSiAs2,58.484,57.488,57.986,mp-1016197
LuTlTe2,30.747,30.459,30.603,mp-1017508
TmAu,88.505,84.939,86.722,mp-1017507
ZrCd,79.312,78.924,79.118,mp-1017540
CdNi3N,182.751,182.751,182.751,mp-1017554
HfBRh3,223.425,223.425,223.425,mp-1017578
Lu3AlN,99.463,99.463,99.463,mp-1017627
TiAg,102.925,101.985,102.455,mp-1017985
Tc3N,333.206,329.069,331.138,mp-1017987
KInO2,87.642,85.739,86.691,mp-1018031
MgSe,45.009,44.932,44.971,mp-1018040
TiS,141.502,137.884,139.693,mp-1018028
LuAgO2,118.219,112.253,115.236,mp-1018025
VN,336.359,331.646,334.002,mp-2394167
CuPd,147.228,147.228,147.228,mp-1018029
CrSnRh2,172.926,162.697,167.812,mp-1018066
LaNiC2,138.001,133.414,135.707,mp-1018048
FeSnRh2,177.437,177.161,177.299,mp-1018062
ZrTe2,18.214,8.741,13.477,mp-1018107
Zr2Cd,79.201,78.791,78.996,mp-1018104
Ti2Rh,162.654,161.646,162.15,mp-1018124
GaBi,36.141,36.141,36.141,mp-1018126
Li,13.813,13.796,13.804,mp-976411
HoNiBi,81.591,81.591,81.591,mp-1018139
ScCu2,101.757,101.503,101.63,mp-1018149
LiHPd,92.147,72.364,82.256,mp-1018133
LiCdAs,46.596,46.596,46.596,mp-1009006
ScAu2,118.448,116.691,117.569,mp-1018148
AlTc2,224.842,224.226,224.534,mp-1018166
LaH3,82.577,82.577,82.577,mp-1018144
Hf2Hg,111.61,111.389,111.5,mp-1018154
NbPd2,195.472,193.725,194.599,mp-1018151
ScAg2,88.996,88.677,88.836,mp-1018128
LaBiPt,78.997,78.997,78.997,mp-1018136
VI2,14.207,4.122,9.164,mp-1018138
Tm3AlN,96.02,96.02,96.02,mp-1018641
KCdSb,22.09,21.406,21.748,mp-1018652
ErZnGa,76.939,74.805,75.872,mp-1018690
HfVSi,161.195,160.717,160.956,mp-1018720
Hf2GaSb3,93.339,93.055,93.197,mp-1018709
HfGaCu,125.9,124.429,125.165,mp-1018714
HfVGe,156.903,156.854,156.878,mp-1018726
HoFeSi,103.121,99.321,101.221,mp-1018725
LaSbPd,82.992,74.26,78.626,mp-1018745
Li3HoSb2,44.527,44.404,44.465,mp-1018764
Li3PrBi2,37.333,37.317,37.325,mp-1018770
Li3SmBi2,38.288,38.237,38.262,mp-1018780
NdSbTe,58.849,57.915,58.382,mp-1018814
PrFeSi,84.497,69.961,77.229,mp-1018895
PrSbPt,95.101,78.532,86.816,mp-1018902
PrSbTe,57.835,56.921,57.378,mp-1018936
SmGeRu,90.674,89.017,89.845,mp-1019109
KMgAs,27.67,26.66,27.165,mp-1019089
SmCoSi,135.415,72.752,104.084,mp-1019108
KMgBi,20.185,19.514,19.85,mp-1019105
SmSbTe,60.389,59.477,59.933,mp-1019138
SmFeSi,89.517,80.099,84.808,mp-1019100
SrSnHg,38.268,34.056,36.162,mp-1019259
SrZnSn,40.37,34.666,37.518,mp-1019279
ThBiTe,65.84,65.7,65.77,mp-1019362
SrHgPb,33.502,31.02,32.261,mp-1019277
TcB2,314.676,304.841,309.759,mp-1019317
ThSbTe,69.133,69.061,69.097,mp-1019361
B2S2O9,42.173,21.983,32.078,mp-1019509
BaZrO3,147.122,147.005,147.064,mp-1019544
BeGeN2,189.465,189.393,189.429,mp-1019550
LiGe2N3,123.101,122.436,122.768,mp-1020059
LiC12,242.748,37.818,140.283,mp-1021323
H4C,0.79,0.79,0.79,mp-1021328
HoCuSn,80.491,78.713,79.602,mp-1018724
TmInCu4,109.749,109.749,109.749,mp-1024957
PrNiSb,92.496,84.171,88.333,mp-1024955
HoCu4Ag,104.289,104.289,104.289,mp-1024987
ErCu2,87.498,86.216,86.857,mp-1024991
DyB2Ir3,248.125,246.737,247.431,mp-1024993
HoCu4Au,110.424,110.424,110.424,mp-1024994
LuB2Ir3,252.221,250.992,251.607,mp-1024990
ErZn2,70.32,69.97,70.145,mp-1025096
TbB2Ir3,247.58,246.277,246.928,mp-1025075
PrSn2,54.676,52.794,53.735,mp-1025069
YbB2Ir3,232.999,232.304,232.651,mp-1025071
TiGaPd,142.614,137.741,140.178,mp-1025045
LuAlGe,84.547,84.224,84.386,mp-1025105
Zr(VGa2)2,131.998,131.172,131.585,mp-1025165
LuGa5Co,87.495,87.284,87.39,mp-1025155
UTl2O4,45.07,40.184,42.627,mp-1025154
K2PuO4,54.86,51.904,53.382,mp-1025158
TmCu4Ag,109.243,109.243,109.243,mp-1025116
EuAl3Cu2,80.103,79.417,79.76,mp-1025136
HoCu4Pd,115.869,115.869,115.869,mp-1025134
UNi2B2C,243.517,241.973,242.745,mp-1025123
InPPd5,154.668,154.285,154.477,mp-1025161
Hf(VGa2)2,133.671,132.859,133.265,mp-1025167
Ho2B4C,166.378,165.276,165.827,mp-1025183
Ti3B4,225.314,223.853,224.584,mp-1025170
Cs2CaCl4,17.306,17.303,17.305,mp-1025185
CdPPt5,198.004,197.131,197.567,mp-1025187
HfGa5Co,104.096,103.215,103.655,mp-1025193
Rb2PdCl4,10.339,10.324,10.332,mp-1025201
ScGa5Ni,84.754,84.332,84.543,mp-1025191
Mn(CrSe2)2,49.716,47.85,48.783,mp-1025180
Tm2Cr2C3,166.87,165.595,166.232,mp-1025181
Y2Re2Si2C,143.761,141.831,142.796,mp-1025205
Eu2TiO4,133.074,133.068,133.071,mp-1025200
Cs2PuO4,42.848,30.483,36.666,mp-1025208
Rb2CuF4,35.194,34.958,35.076,mp-1025177
InAsPt5,189.226,189.184,189.205,mp-1025212
Tm(TiGa2)2,97.193,96.394,96.793,mp-1025238
Hf4Al3,116.507,116.177,116.342,mp-1025223
ZnPPd5,157.657,157.433,157.545,mp-1025258
Er2B4C,168.106,166.64,167.373,mp-1025246
MgPPd5,145.074,144.764,144.919,mp-1025261
ScGa5Co,93.093,92.96,93.026,mp-1025242
ZnPd5Se,136.888,136.532,136.71,mp-1025222
ErGa5Co,86.199,86.177,86.188,mp-1025225
InPPt5,203.407,203.07,203.239,mp-1025213
TmGa5Co,97.472,97.188,97.33,mp-1025257
Cs2CaBr4,13.981,13.961,13.971,mp-1025267
Cs2CuF4,25.073,24.295,24.684,mp-1025265
GaPPt5,214.27,214.111,214.19,mp-1025270
Cs2NpO4,41.503,27.015,34.259,mp-1025274
SnPPd5,154.821,154.077,154.449,mp-1025296
TbGa5Co,92.2,91.991,92.096,mp-1025288
InAsPd5,144.793,144.789,144.791,mp-1025293
ZnPPt5,209.512,209.102,209.307,mp-1025272
Ti2NiS4,91.482,90.796,91.139,mp-1025263
Ce2Re2Si2C,115.308,113.113,114.211,mp-1025285
AlPPt5,218.912,218.892,218.902,mp-1025271
Tb2Cr2C3,156.465,156.413,156.439,mp-1025266
Rb2ZnF4,37.253,37.222,37.238,mp-1025286
AlAsPt5,197.617,197.001,197.309,mp-1025306
Zr(TiGa2)2,113.524,111.55,112.537,mp-1025304
Pr(Re2Si)2,166.161,165.083,165.622,mp-1025309
CdAsPt5,183.942,183.472,183.707,mp-1025311
SiSnPt5,201.499,200.928,201.214,mp-1025324
GaPPd5,163.286,163.041,163.164,mp-1025301
HgPPd5,148.78,147.745,148.263,mp-1025302
Y2Fe2Si2C,125.683,124.277,124.98,mp-1025339
Dy2Cr2C3,160.482,159.717,160.099,mp-1025323
Lu(TiGa2)2,98.705,97.759,98.232,mp-1025335
Mn(AlTe2)2,28.264,27.573,27.918,mp-1025315
Tl2CuF4,38.104,34.573,36.339,mp-1025338
TlPPd5,146.285,145.405,145.845,mp-1025348
GaAsPd5,152.094,152.091,152.092,mp-1025346
Er2Fe2Si2C,133.675,129.671,131.673,mp-1025354
YGa5Co,85.962,85.953,85.957,mp-1025375
InSiPt5,199.205,198.523,198.864,mp-1025370
ZnAsPt5,194.362,194.037,194.2,mp-1025356
Na2Ti2As2O,65.063,54.762,59.913,mp-1025360
Y2Cr2C3,156.457,155.394,155.926,mp-1025372
Sc(VGa2)2,118.589,118.365,118.477,mp-1025365
Cd(AgI2)2,10.123,10.106,10.114,mp-1025377
CePd7,143.898,143.898,143.898,mp-1025415
Tb2B4C,160.863,159.985,160.424,mp-1025379
ThSi2Ni,132.757,131.529,132.143,mp-1025413
TmPt,112.741,107.462,110.101,mp-1025409
SmSi2Ni,103.543,98.908,101.226,mp-1025420
TmSi2Ni,117.891,115.924,116.907,mp-1025393
LaSi2Ag,88.294,86.999,87.646,mp-1025390
NbTl3Se4,18.062,18.062,18.062,mp-1025396
SmPt,98.477,96.62,97.549,mp-1025431
CaZrF6,56.574,56.574,56.574,mp-1025456
YPt,104.177,100.128,102.153,mp-1025448
TbAu3,103.265,99.476,101.371,mp-1025478
LuAu3,112.858,111.402,112.13,mp-1025526
AlV2C,174.763,174.734,174.748,mp-1025497
TmGa2Ni,100.754,99.269,100.012,mp-1025504
Zr2TlC,115.756,114.617,115.186,mp-1025524
Ti2GaN,157.13,157.121,157.125,mp-1025550
CoMoP2,213.069,211.782,212.426,mp-1025557
GaPt,167.158,167.158,167.158,mp-1025551
PrSi2Ag,91.888,90.518,91.203,mp-1025554
Tl3VSe4,19.502,19.502,19.502,mp-1025549
LuGa2Ni,104.244,102.674,103.459,mp-1025552
Ca(ZnN)2,122.939,122.26,122.599,mp-1029258
VZn2N3,153.136,152.78,152.958,mp-1029262
RbVN2,41.892,37.978,39.935,mp-1029312
CsVN2,105.401,105.401,105.401,mp-1029293
LiRuN,107.249,101.832,104.541,mp-1029251
CaZrN2,160.36,158.817,159.589,mp-1029267
LiV2N3,148.865,146.009,147.437,mp-1029338
Y4Se3N2,69.866,65.36,67.613,mp-1029349
Hf2SeN2,159.856,158.497,159.176,mp-1029330
KPtN,84.577,47.458,66.018,mp-1029347
Mg2VN3,133.661,123.692,128.676,mp-1029368
LiTi2N3,138.908,129.781,134.345,mp-1029424
KGe2N3,135.695,134.901,135.298,mp-1029404
Li2SnN2,115.539,110.365,112.952,mp-1029385
CaHfN2,168.759,167.12,167.939,mp-1029359
NbZn2N3,139.149,138.82,138.984,mp-1029422
Mg2TaN3,124.833,119.936,122.385,mp-1029442
Mg2SbN3,115.133,114.438,114.786,mp-1029378
SrHfN2,115.157,114.299,114.728,mp-1029396
Li5OsN4,70.391,70.104,70.247,mp-1029448
ZnSnN2,131.515,131.408,131.461,mp-1029469
Ba(CoN)2,116.677,71.647,94.162,mp-1029457
Mg2CrN3,136.395,112.18,124.288,mp-1029520
Ca7SiN6,79.517,79.13,79.323,mp-1029474
Li6CrN4,84.63,83.991,84.311,mp-1029498
Ba3GaN3,40.904,34.59,37.747,mp-1029573
Ca2CoN2,74.941,74.155,74.548,mp-1029532
Sr3ReN3,58.81,58.555,58.683,mp-1029531
Li3InN2,85.511,85.511,85.511,mp-1029562
Sr4ZrN4,72.938,69.068,71.003,mp-1029580
Li7SbN4,75.104,75.104,75.104,mp-1029522
Li3YN2,80.904,80.904,80.904,mp-1029592
Ba3RuN3,45.027,44.136,44.581,mp-1029537
Ba3OsN3,48.949,48.839,48.894,mp-1029640
Ca3FeN3,72.432,71.309,71.871,mp-1029659
Cs2CN2,19.372,16.249,17.81,mp-1029699
CaSnN2,99.529,91.298,95.413,mp-1029633
Y3Si6N11,141.97,141.792,141.881,mp-1029652
Ca4ZrN4,87.414,86.578,86.996,mp-1029660
Ca4HfN4,89.23,88.133,88.682,mp-1029730
Sr3RuN3,61.748,61.005,61.376,mp-1029750
Sr3IrN3,66.065,65.731,65.898,mp-1029741
MgSnN2,119.958,119.628,119.793,mp-1029791
Sr3Al3N5,104.839,103.224,104.031,mp-1029733
Li6FeN4,76.92,76.4,76.66,mp-1029739
Sr4TiN4,73.379,72.56,72.97,mp-1029799
Li2GeN2,87.901,78.236,83.069,mp-1029776
Rb2CN2,26.329,25.521,25.925,mp-1029784
Li6OsN4,84.784,83.339,84.062,mp-1029826
Sr5(SiN3)2,83.29,79.405,81.348,mp-1029868
Ca3GaN3,79.586,79.585,79.585,mp-1029943
LiVN2,82.326,79.175,80.75,mp-1029932
LiNbN2,119.786,102.199,110.992,mp-1029903
Ca3Al3N5,114.835,110.401,112.618,mp-1029921
Zn(CuO2)2,81.983,44.463,63.223,mp-1047156
CsH,8.987,8.987,8.987,mp-1057286
LaNi,67.631,66.977,67.304,mp-1064719
BiRh,112.206,111.789,111.998,mp-1064554
CaSi3Pt,104.693,103.143,103.918,mp-1069604
NdSiNi4,167.876,167.41,167.643,mp-1070857
TbSiNi4,152.113,150.628,151.371,mp-1070859
CeGaCo,89.269,86.145,87.707,mp-1071448
TbSn2,61.217,59.122,60.169,mp-1072922
TmSn2,62.53,60.726,61.628,mp-1077102
La2CuO4,125.355,123.216,124.285,mp-1077929
MnB4,278.705,268.322,273.514,mp-1078253
CrB4,282.088,267.783,274.936,mp-1078278
YbGa2Ni,74.108,65.452,69.78,mp-1078497
MnGe,142.529,142.529,142.529,mp-1078464
Ho6MnTe2,56.241,55.232,55.737,mp-1079239
B3Os2,345.289,330.905,338.097,mp-1079348
Ba2TaInO6,140.02,140.02,140.02,mp-1079630
Ca2H6Ru,56.915,56.915,56.915,mp-1079896
CrB,305.035,304.835,304.935,mp-1080664
U(FeB3)2,202.265,199.945,201.105,mp-1087505
Ti3GeC2,173.602,173.552,173.577,mp-1095505
Tm3(CuSn)4,85.288,84.921,85.104,mp-1095591
DyNi3,132.947,128.824,130.886,mp-1102078
UReB4,277.109,276.627,276.868,mp-1102585
SmAsS,80.001,79.51,79.756,mp-1102762
Bi2Pd3Se2,50.873,50.534,50.704,mp-1103697
NdGa6,61.625,59.641,60.633,mp-1104008
Sr2YOsO6,138.825,138.81,138.817,mp-1105147
Sm(CoB)4,206.75,200.992,203.871,mp-1105839
Nd(FeB)4,218.112,215.449,216.78,mp-1106404
Re,364.911,364.886,364.898,mp-975065
Re3Ir,365.406,365.406,365.406,mp-974430
Re3Rh,330.507,327.487,328.997,mp-1186923
TiCu4,141.125,140.965,141.045,mp-1188441
BeCN2,310.333,310.141,310.237,mp-1189451
TmAlB4,185.038,176.976,181.007,mp-1191390
ScCoB4,226.911,220.838,223.874,mp-1191630
Sc2ReB6,227.209,225.594,226.401,mp-1196116
V5B6,278.031,276.255,277.143,mp-1206441
LuCoB4,219.973,216.324,218.149,mp-1210846
ZrTaB4,269.707,268.192,268.949,mp-1215209
ZrNbB4,261.21,259.816,260.513,mp-1215211
TiNbB4,269.993,266.527,268.26,mp-1216692
TcRu,307.117,305.033,306.075,mp-1217363
TaTiB4,278.6,275.039,276.819,mp-1217898
Ta3TiB4,266.591,266.081,266.336,mp-1217975
TaB2Mo,296.834,296.517,296.676,mp-1217965
ReOs,386.241,385.54,385.891,mp-1219509
RbBH4,11.822,11.822,11.822,mp-1219553
Rb3H(SeO4)2,19.527,19.058,19.292,mp-1219652
OsRu,355.921,355.38,355.651,mp-1220023
Mo2CN,355.211,351.06,353.135,mp-1221519
HfTaB4,278.513,276.865,277.689,mp-1224283
CsBH4,10.872,10.872,10.872,mp-1225884
Cs3H(SeO4)2,17.697,17.405,17.551,mp-1226195
Cr2Ir2C,307.984,307.677,307.831,mp-1226352
B4OsW,325.961,314.194,320.077,mp-1228631
B4C,238.936,237.111,238.023,mp-1238815
Fe,207.747,206.439,207.093,mp-13
Tb,38.74,38.158,38.449,mp-18
Pd,166.982,166.982,166.982,mp-2
Te,22.623,16.088,19.355,mp-19
Ru,310.48,309.645,310.062,mp-33
Os,400.984,399.836,400.41,mp-49
Ge,57.916,57.916,57.916,mp-998883
Th,55.005,55.005,55.005,mp-37
U,150.101,145.519,147.81,mp-44
Ca,17.224,17.224,17.224,mp-45
La,25.925,25.794,25.86,mp-26
Ni,173.808,173.808,173.808,mp-23
Cu,151.394,151.394,151.394,mp-989695
Ce,39.339,39.337,39.338,mp-28
Rh,252.9,252.9,252.9,mp-74
Cd,41.965,41.854,41.91,mp-94
In,35.252,35.238,35.245,mp-85
Cr,234.148,233.156,233.652,mp-17
Co,200.587,200.587,200.587,mp-102
Dy,40.433,40.06,40.246,mp-88
Tl,26.678,26.078,26.378,mp-82
Ir,345.128,345.128,345.128,mp-101
Sb,36.704,28.187,32.445,mp-104
Sm,36.693,36.692,36.692,mp-68
Be,120.143,119.894,120.019,mp-20
Nb,172.165,171.936,172.05,mp-75
Ti,112.955,112.807,112.881,mp-46
W,302.264,302.264,302.264,mp-91
Sc,54.573,54.493,54.533,mp-36
Hf,108.327,108.248,108.287,mp-103
Tc,296.018,295.997,296.007,mp-867351
Mo,262.529,262.529,262.529,mp-129
Ne,3.177,3.177,3.177,mp-111
Sr,11.543,11.516,11.529,mp-867202
Tm,45.526,45.506,45.516,mp-1018122
Zr,93.989,93.673,93.831,mp-1077723
Ga,50.194,49.854,50.024,mp-142
Sn,35.858,35.858,35.858,mp-1022725
Si,88.916,88.916,88.916,mp-971661
Nd,33.845,33.842,33.844,mp-123
Ba,8.934,8.934,8.934,mp-56
Pt,248.014,248.014,248.014,mp-126
Y,41.723,41.712,41.717,mp-9
Ho,43.161,43.091,43.126,mp-973986
V,181.232,181.232,181.232,mp-146
B,212.455,207.99,210.223,mp-160
VNi3,217.13,217.128,217.129,mp-171
SrGa2,42.438,40.036,41.237,mp-182
Mg,36.451,36.445,36.448,mp-973364
MnAl6,110.79,110.778,110.784,mp-173
Zr2Cu,105.775,105.639,105.707,mp-193
SiRu,203.638,203.638,203.638,mp-189
YRh,106.896,106.896,106.896,mp-191
Al5Co2,124.136,124.122,124.129,mp-196
HoPt3,174.749,174.749,174.749,mp-195
ZrRh3,209.808,209.808,209.808,mp-229
YSb,57.085,57.085,57.085,mp-215
WS2,53.797,2.8120000000000003,28.304,mp-1025571
ZrRu,180.261,180.261,180.261,mp-214
Sm2O3,130.35,130.35,130.35,mp-218
DyRh,112.175,112.175,112.175,mp-232
SmCu5,105.315,104.541,104.928,mp-227
MoP,223.201,215.455,219.328,mp-219
CdF2,95.332,95.332,95.332,mp-241
SrB6,144.836,144.836,144.836,mp-242
TiF3,102.445,101.952,102.198,mp-246
Nb5Sb4,96.987,96.982,96.984,mp-274
LaN,121.33,121.33,121.33,mp-256
NaHg,17.327,17.115,17.221,mp-255
BaS3,33.243,32.915,33.079,mp-239
BeTe,56.315,56.315,56.315,mp-252
TaIr3,323.564,323.564,323.564,mp-265
AlMo3,224.498,224.498,224.498,mp-259
Zr2Pd,124.384,123.404,123.894,mp-266
TbNi2,119.456,119.456,119.456,mp-276
MnV,243.086,243.086,243.086,mp-316
TiOs,248.343,248.343,248.343,mp-291
B2O3,42.59,23.739,33.164,mp-306
ThAg2,85.295,82.581,83.938,mp-309
Th3Ge2,85.641,85.616,85.628,mp-314
TiFe,198.715,198.715,198.715,mp-305
LiIr,155.22,128.352,141.786,mp-279
PbF2,67.722,67.722,67.722,mp-315
V3As,195.129,195.129,195.129,mp-292
HoAs,77.463,77.463,77.463,mp-295
PtS,139.097,123.283,131.19,mp-288
SrIr2,146.445,146.445,146.445,mp-318
SnRh,140.398,140.398,140.398,mp-317
YbPt3,158.564,158.564,158.564,mp-300
BaZn5,47.626,47.61,47.618,mp-303
AlCo,178.781,178.781,178.781,mp-284
Yb3Si5,52.433,52.405,52.419,mp-349
Zr2Ni,118.584,117.031,117.807,mp-328
TmPd,97.651,97.651,97.651,mp-348
Zr5Te4,68.345,68.322,68.334,mp-350
PrN,133.177,133.177,133.177,mp-1009639
HfO2,209.068,200.74,204.904,mp-775757
PbF4,45.491,16.548000000000002,31.019,mp-341
SmPd3,120.483,120.483,120.483,mp-357
SiNi,167.313,162.325,164.819,mp-999192
ScAl,78.486,78.486,78.486,mp-331
Nd5Si4,65.48,63.483,64.481,mp-355
Cu2O,111.715,111.715,111.715,mp-361
Ni3S2,127.151,126.706,126.928,mp-362
BaGa4,47.993,47.242,47.617,mp-335
SmTe,60.983,60.983,60.983,mp-342
NbGe2,145.777,142.703,144.24,mp-363
MgB4,161.517,155.877,158.697,mp-365
MgP4,58.095,56.831,57.463,mp-384
TiO2,186.874,181.619,184.247,mp-2420244
UO3,153.034,153.034,153.034,mp-375
AlRh,194.408,194.408,194.408,mp-364
KCd13,38.647,38.647,38.647,mp-397
LuRh,122.628,122.628,122.628,mp-377
PrSn3,56.073,56.073,56.073,mp-376
VPt3,237.489,237.489,237.489,mp-372
Te2Pt,55.357,34.994,45.176,mp-399
ZrAl3,102.818,102.591,102.705,mp-395
ZnNi,144.716,144.674,144.695,mp-429
CdTe,35.041,35.041,35.041,mp-2872104
FeAs,161.946,158.722,160.334,mp-427
DyAl,64.613,64.375,64.494,mp-433
Nd2S3,74.77,73.984,74.377,mp-438
GePd2,155.208,150.311,152.76,mp-423
Sc2S3,56.007,55.857,55.932,mp-401
Mg2Ge,49.429,49.429,49.429,mp-1018794
PrMg3,38.445,38.445,38.445,mp-428
MgAu,81.405,81.405,81.405,mp-437
SmRh,101.019,101.019,101.019,mp-436
NdAl2,72.11,72.11,72.11,mp-400
YbB6,154.194,154.194,154.194,mp-419
MnRh,183.708,183.708,183.708,mp-417
BeS,92.273,92.273,92.273,mp-422
NaGa4,39.261,39.186,39.224,mp-454
PrZn,50.277,50.277,50.277,mp-460
AlF3,47.118,31.119,39.119,mp-468
CdAs2,37.513,35.941,36.727,mp-471
ScPt3,198.156,198.156,198.156,mp-481
CoAs3,108.351,108.351,108.351,mp-452
Ti2O3,215.156,213.631,214.394,mp-776456
SmGa2,74.609,69.094,71.852,mp-477
KF,29.839,29.839,29.839,mp-463
CaAu2,70.517,61.085,65.801,mp-443
Th3N4,156.194,137.878,147.036,mp-467
Rb2Te,11.393,11.393,11.393,mp-441
NbB2,287.537,285.587,286.562,mp-450
HoSe,82.998,82.998,82.998,mp-464
GeO2,211.214,194.617,202.915,mp-223
CuAu,141.111,135.292,138.201,mp-522
Te3As2,19.654,10.79,15.222,mp-484
TiN,278.511,278.511,278.511,mp-998908
SrSi2,58.246,58.246,58.246,mp-496
HfZn2,110.274,110.274,110.274,mp-514
ZrNi3,174.598,172.401,173.5,mp-485
LuGa3,68.978,68.978,68.978,mp-495
ThS,118.095,118.095,118.095,mp-503
LuSb,63.1,63.1,63.1,mp-516
SrHg,27.259,27.259,27.259,mp-542
TmAu2,106.265,104.064,105.164,mp-560
CaAg,35.619,33.017,34.318,mp-538
ZrNi,139.608,138.565,139.087,mp-556
Ta3Sb,187.381,187.381,187.381,mp-541
YPd3,124.541,124.541,124.541,mp-559
Sb2Pt,105.593,105.593,105.593,mp-562
BaCd,19.668,19.668,19.668,mp-527
Ga2S3,32.423,30.028,31.225,mp-539
HoRh2,156.517,156.517,156.517,mp-546
ScSb,65.333,65.333,65.333,mp-549
B13C2,224.211,222.08,223.146,mp-576
TePd,98.016,97.9,97.958,mp-564
PrP,75.919,75.919,75.919,mp-601
NdTe,58.456,58.456,58.456,mp-570
TiSb2,89.664,88.698,89.181,mp-568
TiRu,215.387,215.387,215.387,mp-592
SmCd,51.061,51.061,51.061,mp-572
Ta2Co,213.65,213.614,213.632,mp-574
GaAg2,82.709,82.514,82.611,mp-578
CeIr2,195.743,195.743,195.743,mp-582
Te2Mo,29.941,3.947,16.944,mp-602
U3As4,100.456,100.456,100.456,mp-606
YMg,41.771,41.771,41.771,mp-615
Te2Pd3,108.562,104.111,106.336,mp-613
LaSn3,56.392,56.392,56.392,mp-633
NpSe,76.476,76.476,76.476,mp-627
TiC,251.478,251.478,251.478,mp-631
ScRh3,185.005,185.005,185.005,mp-635
YB4,177.715,177.122,177.419,mp-637
TbP,85.585,85.585,85.585,mp-645
ThO2,188.295,188.295,188.295,mp-643
Mg3Ru2,105.762,105.762,105.762,mp-625
YbZn2,47.299,46.856,47.078,mp-657
HoNi2,124.103,124.103,124.103,mp-673
ThAl2,89.305,84.232,86.769,mp-669
PrGa2,70.914,67.207,69.061,mp-668
Na2S,28.189,28.189,28.189,mp-648
ZrW2,213.964,213.964,213.964,mp-675
FePt3,263.838,263.838,263.838,mp-649
LuS,104.585,104.585,104.585,mp-656
SnSe2,21.138,2.045,11.592,mp-665
NaF,46.136,46.136,46.136,mp-682
PrCd,47.806,47.806,47.806,mp-646
Be5Pd,142.084,142.084,142.084,mp-650
AlN,195.038,194.202,194.62,mp-661
NdGe,71.497,71.131,71.314,mp-663
CdS,53.117,53.115,53.116,mp-370
LaPd3,109.965,109.965,109.965,mp-674
Er2O3,145.923,145.923,145.923,mp-679
VSe2,27.277,8.68,17.979,mp-694
RhO2,239.205,230.613,234.909,mp-725
P2Pt,175.121,175.121,175.121,mp-730
SiPt,173.874,173.469,173.672,mp-696
HgF,39.642,22.432,31.037,mp-706
TbCd,54.797,54.797,54.797,mp-721
GeSe,22.381,16.64,19.51,mp-700
TlF,8.073,5.582,6.828,mp-720
Cr3Si,246.829,246.829,246.829,mp-729
Tb2C,58.0,55.028,56.514,mp-692
LaAs,66.566,66.566,66.566,mp-708
SmP,80.277,80.277,80.277,mp-710
SnPd3,145.871,145.871,145.871,mp-718
SeO2,19.757,15.468,17.612,mp-726
SnSe,25.456,22.222,23.839,mp-691
Li2Pd,52.42,48.977,50.698,mp-728
HoP,88.424,88.424,88.424,mp-744
MgB2,151.6,143.268,147.434,mp-763
Ti2Cu,131.237,130.619,130.928,mp-742
RbN3,18.111,17.862,17.987,mp-743
ZnSb,47.798,47.667,47.732,mp-753
TbAl2,79.498,79.498,79.498,mp-756
Yb3Ge5,44.175,43.492,43.833,mp-767
La2Sb,49.851,49.375,49.613,mp-759
TiP,139.599,138.571,139.085,mp-739
Sb2Au,72.555,72.555,72.555,mp-738
Li3As,34.872,34.746,34.809,mp-757
BaPt2,103.144,103.144,103.144,mp-747
FeSe2,125.794,125.142,125.468,mp-760
Li3P,39.582,39.455,39.519,mp-736
SmN,145.3,145.3,145.3,mp-749
As2Ru,152.996,148.764,150.88,mp-766
Te2Pd,55.094,51.012,53.053,mp-782
Ca5Si3,40.879,40.316,40.597,mp-793
TmB2,175.11,174.904,175.007,mp-800
GaN,172.144,172.144,172.144,mp-804
DySe,81.802,81.802,81.802,mp-814
LaCd,45.631,45.631,45.631,mp-776
NiSb,108.461,107.785,108.123,mp-810
MnAl,128.984,116.074,122.529,mp-771
LuPt3,182.998,182.998,182.998,mp-790
DyPd3,127.136,127.136,127.136,mp-797
BaPt5,150.943,144.526,147.734,mp-811
MnSb,56.906,56.743,56.824,mp-1009217
TiCo,351.113,351.113,351.113,mp-823
KN3,20.881,20.154,20.517,mp-827
ThN,176.864,176.864,176.864,mp-834
TbZn,57.624,57.624,57.624,mp-836
V3Au,186.748,186.748,186.748,mp-839
TmAl2,83.144,83.144,83.144,mp-858
SmRh2,146.007,146.007,146.007,mp-840
Li2O2,72.955,72.346,72.65,mp-841
ErNi5,151.9,151.572,151.736,mp-853
Ca3N2,67.434,67.434,67.434,mp-1013524
RuO2,256.936,247.527,252.231,mp-1008785
TmTl3,46.269,46.269,46.269,mp-817
ErPd,95.906,95.906,95.906,mp-851
SnO2,176.318,167.548,171.933,mp-1390618
CaPd2,93.613,93.613,93.613,mp-833
CaPt2,132.905,132.905,132.905,mp-842
SiNi3,209.083,209.083,209.083,mp-828
SiRh,201.301,189.797,195.549,mp-818
ScNi2,142.02,142.02,142.02,mp-850
CaB6,146.893,146.893,146.893,mp-865
NpSn3,54.068,54.054,54.061,mp-881
FeSi,201.745,201.745,201.745,mp-871
CaAs,46.169,46.098,46.134,mp-888
ZnPt,174.463,173.929,174.196,mp-894
Ga2O3,156.516,154.573,155.545,mp-886
ErCd,59.501,59.501,59.501,mp-867
Er2In,56.247,55.695,55.971,mp-877
LaF3,102.33,101.894,102.112,mp-323
NdIr2,183.307,183.307,183.307,mp-890
La3Te4,50.175,50.175,50.175,mp-879
HoN,167.77,167.77,167.77,mp-883
BaSn,28.5,28.273,28.386,mp-872
ScPt,137.028,137.028,137.028,mp-892
TaAl3,132.439,132.39,132.414,mp-869
NdSi2,82.467,81.161,81.814,mp-884
CoPt3,227.99,227.99,227.99,mp-922
Hg4Pt,60.904,60.904,60.904,mp-936
ThP,112.228,112.228,112.228,mp-931
PrIr2,179.692,179.692,179.692,mp-946
YRh2,152.291,152.291,152.291,mp-921
Au2S,66.577,66.577,66.577,mp-947
YCd,56.99,56.99,56.99,mp-915
HoTe,65.126,65.126,65.126,mp-919
YAs,75.352,75.352,75.352,mp-933
GeTe,37.905,28.127,33.016,mp-938
NaZn13,64.356,64.356,64.356,mp-950
As2Se3,12.244,2.793,7.518,mp-909
CoPt,218.832,217.668,218.25,mp-949
CuP2,88.269,87.094,87.682,mp-927
ScGa3,73.065,73.065,73.065,mp-932
NiPt,217.073,216.219,216.646,mp-945
CeRh2,144.079,144.079,144.079,mp-951
SrF2,65.882,65.882,65.882,mp-981
BaB6,141.127,141.127,141.127,mp-954
K2O,27.218,27.218,27.218,mp-971
TmPd3,132.296,132.296,132.296,mp-982
NbZn3,118.284,118.284,118.284,mp-953
LaAl3,62.476,61.451,61.963,mp-959
USi2,122.842,118.737,120.789,mp-980
SF6,5.711,5.385,5.548,mp-975
ZnCu,116.179,116.179,116.179,mp-987
MoPt2,271.919,271.684,271.801,mp-952
LuIn3,54.557,54.557,54.557,mp-977
TmCu,74.896,74.896,74.896,mp-985
ZrSb2,81.633,81.461,81.547,mp-979
HoAu2,101.95,99.714,100.832,mp-990
DySb,60.478,60.478,60.478,mp-1007
TaRh3,260.037,260.037,260.037,mp-1020
ThAu2,113.252,101.591,107.422,mp-1025
FeP,212.361,202.504,207.432,mp-1005
GdCd,53.093,53.093,53.093,mp-1031
K2S,18.259,18.259,18.259,mp-1022
Si3N4,234.755,234.383,234.569,mp-988
OsO2,288.276,274.124,281.2,mp-996
BaF2,54.086,54.086,54.086,mp-1029
YP,85.85,85.85,85.85,mp-994
BaTe,28.286,28.286,28.286,mp-1000
HfRh3,215.169,215.169,215.169,mp-1027
Nd2O3,124.063,124.063,124.063,mp-1045
TiNi,152.412,141.091,146.751,mp-597
HfSi,151.561,151.123,151.342,mp-1042
UIr3,303.949,303.949,303.949,mp-1044
Ni3S4,119.054,119.054,119.054,mp-1050
LaSb,49.747,49.747,49.747,mp-1065
NbSn2,96.935,96.753,96.844,mp-1046
NdCd,48.816,48.816,48.816,mp-1059
MgCu2,91.482,91.482,91.482,mp-1038
LiAl,48.228,48.228,48.228,mp-1067
NaAu2,71.011,71.011,71.011,mp-1052
PrPt5,181.805,181.19,181.498,mp-1037
Tb2O3,141.499,141.499,141.499,mp-1056
CdSe,44.38,44.379,44.379,mp-1070
NdZn,52.019,52.019,52.019,mp-1053
Al3Ni2,131.505,130.976,131.24,mp-1057
CaCd,31.367,31.367,31.367,mp-1073
TaC,323.894,323.894,323.894,mp-1009832
V3S4,98.374,95.719,97.046,mp-1081
CeS,87.161,87.161,87.161,mp-1006886
ThGe,86.356,86.356,86.356,mp-1093
BaO2,65.763,64.558,65.16,mp-1105
B2Ru,286.044,280.642,283.343,mp-1077
KB6,133.72,133.72,133.72,mp-1076
SrS,48.468,48.468,48.468,mp-1087
NiGe,139.543,134.577,137.06,mp-1099
TmAs,79.857,79.857,79.857,mp-1101
TiIr3,294.735,294.735,294.735,mp-1089
LuN,178.449,178.449,178.449,mp-1102
TaB,286.236,286.033,286.134,mp-1097
TaB2,304.206,302.122,303.164,mp-1108
BW2,329.553,329.552,329.552,mp-1113
GaCo,173.828,173.828,173.828,mp-1121
ScIr,166.725,166.725,166.725,mp-1129
SmPt2,156.601,156.601,156.601,mp-1127
SiNi2,196.062,186.739,191.4,mp-507
Li2S,40.49,40.49,40.49,mp-1153
VP,179.138,159.512,169.325,mp-1114
HgS,50.248,50.248,50.248,mp-634
NdCu5,102.286,101.477,101.881,mp-1140
GaSb,44.793,44.793,44.793,mp-1018059
MgZn2,63.358,63.182,63.27,mp-1124
Al2O3,232.111,229.896,231.003,mp-2637304
TiB2,256.596,251.843,254.22,mp-1145
TiRh3,228.591,228.591,228.591,mp-1152
ThS2,90.983,89.936,90.46,mp-1146
SiIr,225.979,204.02,215.0,mp-1128
CdO,127.369,127.369,127.369,mp-1132
LiF,69.649,69.649,69.649,mp-1138
URh3,214.274,214.274,214.274,mp-1150
HfTe5,19.029,4.517,11.773,mp-1168
ThIr2,203.203,203.203,203.203,mp-1187
MgRh,115.355,115.355,115.355,mp-1172
PrAl2,73.605,73.605,73.605,mp-1189
ZrS2,30.289,7.834,19.062,mp-1186
RbAu5,77.848,66.143,71.996,mp-1209
ErAl2,82.064,82.064,82.064,mp-1208
DyNi5,152.237,151.884,152.06,mp-1179
LuPd3,134.504,134.504,134.504,mp-1158
CF4,4.682,4.595,4.638,mp-1167
ScCu,86.854,86.854,86.854,mp-1169
ThC,97.603,97.603,97.603,mp-1164
ZnSe,56.491,56.491,56.491,mp-380
ThCd2,66.817,65.977,66.397,mp-1210
HoMg,41.356,41.356,41.356,mp-1199
SnS2,25.276,2.249,13.762,mp-1170
Sb2Te3,24.104,14.084,19.094,mp-1201
CdPt,140.028,139.754,139.891,mp-1194
CuF2,78.134,55.759,66.947,mp-1229
Ti2O,183.434,182.945,183.19,mp-1215
Sb2Ir,118.882,115.916,117.399,mp-1247
Sb3Ir,98.2,98.2,98.2,mp-1239
V3Ge,184.157,184.157,184.157,mp-1221
ScCd,67.024,67.024,67.024,mp-1211
MgF2,92.741,91.679,92.21,mp-1180279
Be5Au,138.173,138.173,138.173,mp-1220
HgO,26.433,18.351,22.392,mp-1224
HoS,99.911,99.911,99.911,mp-1240
NdAg,55.86,55.86,55.86,mp-1236
Sr2N,26.387,22.953,24.67,mp-1245
BaGa2,36.155,35.684,35.919,mp-1219
Lu2In,58.681,58.072,58.376,mp-1250
TiIr,227.391,227.38,227.385,mp-1235
HoGa2,78.746,69.712,74.229,mp-1256
MgO,151.45,151.45,151.45,mp-775808
PtO2,212.055,206.553,209.304,mp-617
BaSe,35.501,35.501,35.501,mp-1253
ErIn3,55.358,55.358,55.358,mp-1291
SrPd5,107.367,105.234,106.301,mp-1260
EuZn,37.377,37.377,37.377,mp-1261
SmS,90.438,90.438,90.438,mp-1269
TaN,306.824,305.785,306.305,mp-1009833
Zr2Si,127.313,127.272,127.293,mp-1278
SiMo3,251.363,251.363,251.363,mp-1275
YbAl3,59.791,59.791,59.791,mp-1259
Na2Se,23.909,23.909,23.909,mp-1266
ThAl3,85.62,85.571,85.595,mp-1306
MgS,74.305,74.305,74.305,mp-1315
CdSb,39.225,38.881,39.053,mp-1321
CoSb3,84.037,84.037,84.037,mp-1317
Ga2Se3,28.319,27.418,27.869,mp-1340
SiPt2,208.362,203.855,206.108,mp-1024071
NdMg,37.564,37.564,37.564,mp-1327
YCd2,57.592,53.307,55.449,mp-1331
Y2C,61.497,56.983,59.24,mp-1334
PdO,162.329,149.115,155.722,mp-1336
LiGa,42.172,42.172,42.172,mp-1307
Si3Mo5,241.254,240.291,240.773,mp-1332
ZrN,247.481,247.481,247.481,mp-1009836
Mg2Si,54.228,54.228,54.228,mp-1367
Th3P4,108.466,108.466,108.466,mp-1347
DyIr2,198.438,198.438,198.438,mp-1358
B6O,231.913,225.466,228.689,mp-1346
BaO,68.281,68.281,68.281,mp-1008500
Sb2Pd,87.651,87.651,87.651,mp-1356
P3Rh,149.168,149.168,149.168,mp-1357
SrPt2,117.262,117.262,117.262,mp-1349
CaP,52.802,52.748,52.775,mp-1345
ThCu2,97.108,91.933,94.521,mp-1377
YNi,78.142,75.054,76.598,mp-1364
NbIr,259.362,258.274,258.818,mp-1359
IrSe2,106.232,105.488,105.86,mp-1361
Zn3Ru,135.478,135.432,135.455,mp-1380
LiC,42.525,39.013,40.769,mp-1378
Zn8Cu5,105.749,105.749,105.749,mp-1368
TiNi3,189.934,189.843,189.888,mp-1409
AlAu,109.101,75.774,92.438,mp-1399
VRu,230.974,230.974,230.974,mp-1395
FeNi3,199.381,199.381,199.381,mp-1007855
CeZn2,54.805,44.585,49.695,mp-1385
Rh3Se8,74.681,74.321,74.501,mp-1407
P2Ru,190.476,183.797,187.136,mp-1413
HfW2,222.256,222.256,222.256,mp-1400
ZrZn2,103.307,103.307,103.307,mp-1401
DyRh2,154.129,154.129,154.129,mp-1388
Ag2F,83.558,73.254,78.406,mp-1391
TbGe,80.97,80.447,80.709,mp-1405
SmNi2,110.17,110.17,110.17,mp-1402
MgHg,45.593,45.593,45.593,mp-1408
CaSe,47.761,47.761,47.761,mp-1008223
Ti3Sb,119.611,119.611,119.611,mp-1412
Sm2S3,77.351,76.568,76.96,mp-1403
DyN,163.58,163.58,163.58,mp-1410
ZrIr3,267.921,267.921,267.921,mp-1438
CaCd2,38.106,33.644,35.875,mp-1078
Lu2O3,156.458,156.458,156.458,mp-1427
NdSe,73.49,73.49,73.49,mp-1453
GePd,123.401,122.084,122.742,mp-1424
NbNi3,205.155,205.002,205.078,mp-999188
Nb3Ir,218.977,218.977,218.977,mp-1458
SmSe,76.17,76.17,76.17,mp-1447
LiCd,35.162,35.162,35.162,mp-1437
LaIr2,174.499,174.499,174.499,mp-1463
ZrB2,238.244,237.283,237.763,mp-1472
BaSi2,31.859,31.084,31.472,mp-1477
ScS,99.417,99.417,99.417,mp-1476
Re3P4,185.566,182.02,183.793,mp-1474
AlAu4,127.118,127.118,127.118,mp-1490
ErIr2,202.819,202.819,202.819,mp-1495
AlNi,157.34,157.34,157.34,mp-1487
BP,162.017,162.017,162.017,mp-1008559
VB2,286.989,280.61,283.799,mp-1491
Zr3Al,100.33,100.33,100.33,mp-1471
HoTl,55.065,55.065,55.065,mp-1540
TmMg,43.263,43.263,43.263,mp-1505
Al3Pt5,200.313,199.585,199.949,mp-1501
BaS,41.171,41.171,41.171,mp-1500
CaTe,37.042,37.042,37.042,mp-1519
Sn2S3,20.346,13.344,16.845,mp-1509
ZrP2,127.03,125.851,126.441,mp-1523
UB2,212.025,209.669,210.847,mp-1514
Al2Pt,129.675,129.675,129.675,mp-1502
ZrSi2,127.944,124.147,126.046,mp-1515
FeS2,162.931,161.196,162.063,mp-226
LuIr,147.522,147.522,147.522,mp-1529
ZrTe,97.022,91.25,94.136,mp-1319
CeRh3,171.204,171.204,171.204,mp-1518
TbCu2,84.942,83.304,84.123,mp-1527
YS,93.243,93.243,93.243,mp-1534
BeSe,74.87,74.87,74.87,mp-1008524
YB2,163.076,163.072,163.074,mp-1542
ThBe13,117.752,117.752,117.752,mp-1562
Nb3Rh,201.402,201.402,201.402,mp-1545
SrPd2,80.634,80.634,80.634,mp-1558
CaC2,59.067,57.287,58.177,mp-2382752
TbPt3,169.757,169.757,169.757,mp-1549
TbSe,80.122,80.122,80.122,mp-2416214
AlP,82.769,82.769,82.769,mp-1550
CaSi,53.805,53.338,53.572,mp-1563
PrPd3,111.571,111.571,111.571,mp-1571
DyMg3,41.005,41.005,41.005,mp-1546
V3Sb,171.734,171.734,171.734,mp-1555
Be2C,200.504,200.504,200.504,mp-1569
PrMg,37.078,37.078,37.078,mp-1548
Mg3N2,110.105,110.105,110.105,mp-1559
HoNi5,149.715,149.196,149.455,mp-1553
Mo2C,295.279,295.143,295.211,mp-1552
ThNi5,155.39,152.777,154.083,mp-1567
LaTe,54.332,54.332,54.332,mp-1009008
V3Rh,216.564,216.564,216.564,mp-1578
V3Co,208.895,208.895,208.895,mp-1585
Na3P,24.791,24.772,24.781,mp-1598
UO2,206.152,206.152,206.152,mp-1597
Al4C3,159.538,159.226,159.382,mp-1591
NbAu2,176.908,176.797,176.852,mp-1606
YbCu5,99.13,96.902,98.016,mp-1607
Ag2Te,54.182,51.636,52.909,mp-1592
Pt3O4,213.174,213.174,213.174,mp-1604
SiS2,11.254,0.926,6.09,mp-1602
Ho2C,62.508,57.912,60.21,mp-1640
Si2W,220.031,218.855,219.443,mp-1620
Al12Re,98.031,98.031,98.031,mp-1648
ZnPd,140.597,140.493,140.545,mp-1652
TbMg,40.716,40.716,40.716,mp-1635
TbS,96.236,96.236,96.236,mp-1610
Zr3Hg,105.27,105.27,105.27,mp-1630
ErS,99.884,99.884,99.884,mp-1623
Re2P,299.675,293.604,296.64,mp-1637
HfRe2,262.427,262.427,262.427,mp-1689
PrSe,71.671,71.671,71.671,mp-1674
V3Pd,194.62,194.62,194.62,mp-1664
ZnAu,114.545,114.545,114.545,mp-1684
BaPd2,73.421,73.421,73.421,mp-1687
Th2S5,96.76,96.589,96.675,mp-1666
ZrSe3,24.495,5.821,15.158,mp-1683
CdPd,111.885,111.826,111.855,mp-1696
ErAs,79.218,79.218,79.218,mp-1688
ZrAs,118.518,117.456,117.987,mp-1682
Be2Mo,197.618,197.577,197.598,mp-1677
SrSn,32.773,32.695,32.734,mp-1698
LaRh2,131.545,131.545,131.545,mp-1702
MnPt,167.004,165.351,166.177,mp-1670
CaS,56.852,56.852,56.852,mp-1672
CuO,152.093,136.637,144.365,mp-1692
Er3Ge4,78.392,78.095,78.243,mp-1711
SmAs,72.532,72.532,72.532,mp-1738
Sb2O5,126.623,124.45,125.537,mp-1705
BaGe,30.709,29.902,30.305,mp-1730
PuN,159.157,158.251,158.704,mp-1719
FeSi2,182.946,181.164,182.055,mp-1714
Zn13Fe,84.104,82.593,83.349,mp-1722
UAl3,88.376,88.376,88.376,mp-1723
U2Ti,131.1,130.331,130.716,mp-1709
CaZn2,45.128,44.757,44.942,mp-1725
CaZn5,60.234,59.132,59.683,mp-1734
Mo5As4,152.718,152.337,152.527,mp-1743
ThB6,195.95,195.95,195.95,mp-1756
SbPd,104.839,104.807,104.823,mp-1769
ReB2,343.065,332.401,337.733,mp-1773
TmS,102.797,102.797,102.797,mp-1766
Tm2O3,150.148,150.148,150.148,mp-1767
Li15Ge4,28.204,28.204,28.204,mp-1777
ScRh,138.583,138.583,138.583,mp-1780
ErRh2,160.655,160.655,160.655,mp-1762
ErB2,171.53,171.485,171.507,mp-1774
K2Te,13.039,13.039,13.039,mp-1747
ThAs,100.068,100.068,100.068,mp-1753
ThSb,79.402,79.402,79.402,mp-1751
SnAu,73.078,72.651,72.865,mp-1775
YbTe,39.676,39.676,39.676,mp-1779
NdS,86.452,86.452,86.452,mp-1748
UN2,256.399,256.399,256.399,mp-1776
CsF,21.461,21.461,21.461,mp-1784
CeMg3,45.536,45.536,45.536,mp-1798
WSe2,42.737,3.679,23.208,mp-1023936
PrSb,54.454,54.454,54.454,mp-1785
Ti3Au,137.742,137.742,137.742,mp-1786
Zr3Te,105.458,105.446,105.452,mp-1793
SbO2,94.874,70.217,82.545,mp-1400172
YbS,62.187,62.187,62.187,mp-1820
TiAs,118.951,118.279,118.615,mp-1822
ScSe,81.738,81.738,81.738,mp-1782
Al5Rh2,131.338,131.023,131.181,mp-1791
NdMg3,38.838,38.838,38.838,mp-1787
BaAg5,54.035,50.515,52.275,mp-1814
SiF4,7.258,7.258,7.258,mp-1818
SrGa4,48.223,47.873,48.048,mp-1827
TlSe,20.913,19.876,20.394,mp-1836
UF5,21.797,6.771,14.284,mp-1852
LaPt5,178.934,177.725,178.329,mp-1832
Mn2P,193.835,193.262,193.549,mp-1849
YbCd,31.809,31.809,31.809,mp-1857
Ti3Al,114.065,113.856,113.96,mp-999027
SrAu5,90.714,90.319,90.516,mp-1831
TbCu,71.128,71.128,71.128,mp-1837
NbAl3,126.235,126.075,126.155,mp-1842
SnPd2,132.711,128.405,130.558,mp-1851
EuPd2,91.067,91.067,91.067,mp-1854
SiIr3,298.9,297.877,298.389,mp-1841
UN,206.53,206.53,206.53,mp-1865
BaAl4,51.06,50.415,50.737,mp-1903
GaPd2,152.126,148.83,150.478,mp-1869
CaCu5,91.186,89.373,90.279,mp-1882
AlIr,229.406,229.406,229.406,mp-1885
Ta2Ni,229.195,226.871,228.033,mp-1867
TiTe2,25.135,16.234,20.685,mp-1907
SbF3,15.82,10.713,13.266,mp-1880
CeSi2,90.102,88.065,89.084,mp-1898
HfBe13,125.555,125.555,125.555,mp-1878
SnTe,38.189,38.189,38.189,mp-1481
BMo,311.15,311.108,311.129,mp-999198
ZnF2,97.037,92.627,94.832,mp-1873
WC,381.324,379.092,380.208,mp-1008630
CeSn3,58.694,58.694,58.694,mp-1911
LiZn,41.652,41.652,41.652,mp-1934
CeNi5,150.812,141.882,146.347,mp-1910
ErPt3,177.756,177.756,177.756,mp-1913
FeRh,198.729,198.729,198.729,mp-1918
TaAs,177.321,174.228,175.774,mp-1936
BaMg2,21.706,21.696,21.701,mp-1935
CoP3,143.928,143.928,143.928,mp-1944
Fe2B,221.379,220.353,220.866,mp-1915
YGa2,76.824,70.562,73.693,mp-1914
NdB6,174.362,174.362,174.362,mp-1929
ThTe,83.002,83.002,83.002,mp-1921
YbCu,39.004,37.992,38.498,mp-1937
TbSi,90.723,90.714,90.719,mp-1924
Nb3Os,232.709,232.709,232.709,mp-1932
RuSe2,137.146,137.146,137.146,mp-1922
ErNi2,123.362,123.362,123.362,mp-1939
TiMn2,193.082,170.864,181.973,mp-1949
HoCu,73.432,73.432,73.432,mp-1971
TiAl,113.507,113.46,113.483,mp-1953
NbRh,227.641,226.817,227.229,mp-1963
NbSb2,97.015,95.427,96.221,mp-1969
NdSn3,56.558,56.558,56.558,mp-1977
HoPd3,127.535,127.535,127.535,mp-1979
NbGa3,123.195,122.75,122.973,mp-1973
TmGa2,76.467,75.576,76.021,mp-1956
PuO2,196.245,196.245,196.245,mp-1959
ErCu,73.462,73.462,73.462,mp-1955
LaAg,48.529,48.529,48.529,mp-1948
SrTe,32.317,32.317,32.317,mp-1958
TmN,172.542,172.542,172.542,mp-1975
Li2O,78.6,78.6,78.6,mp-1960
La2O3,120.45,111.594,116.022,mp-1968
Al21Pt8,133.252,132.069,132.661,mp-1982
LiHg,32.253,32.253,32.253,mp-2012
V3Ir,239.084,239.084,239.084,mp-2006
FeAs2,138.71,133.236,135.973,mp-2008
RuS2,172.042,172.042,172.042,mp-2030
DyP,87.469,87.469,87.469,mp-2014
HfB2,253.066,251.541,252.303,mp-1994
PrC2,101.112,93.85,97.481,mp-1995
Mg3As2,49.199,49.199,49.199,mp-1990
Ta5Si3,215.425,215.235,215.33,mp-1989
CuSe2,70.59,68.671,69.631,mp-2000
Be2Cu,135.017,135.017,135.017,mp-2031
HfBe5,130.988,130.924,130.956,mp-2025
LaTl3,44.459,44.459,44.459,mp-2001
UP,99.646,99.646,99.646,mp-2011
HfCo,123.98,123.98,123.98,mp-2027
ScMn2,173.388,172.995,173.191,mp-2039
LaCu2,69.447,65.173,67.31,mp-2051
HoSb,61.329,61.329,61.329,mp-2050
MnS,60.757,59.996,60.377,mp-1783
LaSi2,79.783,78.484,79.133,mp-2062
Nb3Sb,173.865,173.865,173.865,mp-2053
Zn3P2,64.529,64.499,64.514,mp-2071
Ni3Se2,105.914,104.596,105.255,mp-2056
Ni3B,219.908,216.019,217.964,mp-2058
ScAs,85.701,85.701,85.701,mp-2052
DyB2,167.705,167.698,167.701,mp-2057
CoS2,127.327,127.327,127.327,mp-2070
RhF3,58.372,51.945,55.159,mp-2068
ThTl3,58.019,58.019,58.019,mp-2061
NbAs,163.264,159.255,161.259,mp-2059
ZrSe2,24.254,7.51,15.882,mp-2076
YN,159.077,159.077,159.077,mp-1017533
Sn2Ir,110.242,110.242,110.242,mp-2083
Ti5Si3,140.588,138.995,139.791,mp-2108
PrGe,70.379,70.212,70.295,mp-2102
Rb2P3,14.76,14.575,14.668,mp-2079
TbC2,119.294,109.523,114.409,mp-2119
PIr2,275.878,275.878,275.878,mp-2082
DyMg,41.646,41.646,41.646,mp-2077
CeAl2,74.275,74.275,74.275,mp-2088
TbN,157.952,157.952,157.952,mp-2117
Hf3Si2,144.852,142.554,143.703,mp-2105
FeCo,189.836,189.836,189.836,mp-2090
TiCu,127.975,127.512,127.744,mp-2078
V3B2,258.072,257.131,257.602,mp-2091
SnO,40.401,19.109,29.755,mp-1065811
LuNi2,72.926,72.922,72.924,mp-2130
HfIr3,278.691,278.691,278.691,mp-2126
Mg2Ni,72.885,69.237,71.061,mp-2137
BaTe2,28.367,28.237,28.302,mp-2150
Mg17Al12,49.768,49.768,49.768,mp-2151
ZnO,128.255,128.079,128.167,mp-1986
YNi5,147.648,147.055,147.351,mp-2152
Te2Os,130.119,130.119,130.119,mp-2142
TiS2,31.136,4.869,18.003,mp-1008682
HoAg2,76.511,75.496,76.004,mp-2120
Nb3Au2,174.054,174.037,174.046,mp-2123
CeP,69.44,69.44,69.44,mp-2154
DyTe,64.339,64.339,64.339,mp-2159
ThSe,101.246,101.246,101.246,mp-2183
HoRh,113.966,113.966,113.966,mp-2163
AlAs,67.291,67.291,67.291,mp-988939
PbSe,46.512,46.512,46.512,mp-2201
TiRe,228.62,228.62,228.62,mp-2179
Fe3Si,210.833,210.833,210.833,mp-2199
P2O5,50.952,29.838,40.395,mp-990076
HfSb2,84.523,84.207,84.365,mp-1018717
ErSb,58.352,58.352,58.352,mp-2191
DyAg,66.847,66.847,66.847,mp-2167
Li2Pt,71.575,62.361,66.968,mp-2170
TiSb,91.263,89.002,90.133,mp-2187
ZnTe,42.833,42.833,42.833,mp-948
DyPd,91.251,91.251,91.251,mp-2226
LuPd,102.592,102.592,102.592,mp-2205
NbSe2,35.13,7.248,21.189,mp-2207
FeNi,185.282,184.521,184.902,mp-2213
ThHg2,79.33,75.85,77.59,mp-2215
ScCo,119.727,119.727,119.727,mp-2212
Er2S3,69.616,69.104,69.36,mp-2234
ErMg,42.316,42.316,42.316,mp-2228
GeS,25.968,16.795,21.382,mp-2242
V3Pt,219.134,219.134,219.134,mp-2211
Zr2Ag,97.936,97.936,97.936,mp-2221
Be2Fe,154.36,154.324,154.342,mp-2225
SnS,25.545,21.128,23.336,mp-1876
HoB2,168.396,168.389,168.393,mp-2267
TbAg,65.884,65.884,65.884,mp-2268
ScB2,192.353,189.907,191.13,mp-2252
Cu3Au,104.875,104.875,104.875,mp-2258
Li3N,51.992,51.977,51.984,mp-2251
Si2Ni,141.692,141.692,141.692,mp-2291
Li2Se,33.677,33.677,33.677,mp-2286
SmSb,55.79,55.79,55.79,mp-2281
AgF2,34.761,25.914,30.338,mp-2284
ErGe,80.876,80.329,80.602,mp-2264
ZrCo,128.339,128.339,128.339,mp-2283
FePt,200.398,200.383,200.39,mp-2260
UF6,4.721,4.714,4.717,mp-2275
LaMg3,37.949,37.949,37.949,mp-2306
DyCu,71.228,71.228,71.228,mp-2334
LaNi5,121.263,107.241,114.252,mp-2317
TmZn,63.975,63.975,63.975,mp-2316
NdC2,105.814,97.651,101.733,mp-2297
MgIn,39.005,38.835,38.92,mp-2313
AsRh2,189.638,189.638,189.638,mp-2302
MoC,351.796,347.205,349.501,mp-1009218
YAl2,79.891,79.891,79.891,mp-2322
NdPd3,115.77,115.77,115.77,mp-2333
Ti3Pt,157.855,157.855,157.855,mp-2339
Al3Ir,150.878,150.405,150.642,mp-2294
TiZn16,79.484,79.107,79.295,mp-2327
Ni3P,199.927,199.91,199.918,mp-2296
B2Mo,301.811,298.487,300.149,mp-960
NiP3,125.545,125.545,125.545,mp-2301
NbO,242.599,242.599,242.599,mp-2311
TbZn2,66.11,65.727,65.918,mp-2338
DyZn,59.752,59.752,59.752,mp-2303
CaGe,48.146,47.996,48.071,mp-2360
Mg2Sn,40.919,40.919,40.919,mp-2343
SnPd,98.784,96.37,97.577,mp-2369
Na2O,45.868,45.868,45.868,mp-1974948
Na2O2,49.935,49.798,49.866,mp-2340
Ti3Hg,118.442,118.442,118.442,mp-2354
Zr2Au,119.277,119.127,119.202,mp-2348
Dy2O3,143.814,143.814,143.814,mp-2345
LaP,71.271,71.271,71.271,mp-2384
LaC2,95.627,88.975,92.301,mp-2367
Ga2Te5,14.601,12.486,13.543,mp-2371
CoSi2,173.636,173.636,173.636,mp-2379
PrNi5,139.794,139.056,139.425,mp-2370
LaS,83.314,83.314,83.314,mp-2350
ErRh,114.582,114.582,114.582,mp-2381
YCd3,56.024,55.043,55.533,mp-2349
TmPt3,179.331,179.331,179.331,mp-2351
PaO2,206.71,206.71,206.71,mp-862855
YbPd3,107.848,107.848,107.848,mp-2391
SrAg5,61.358,60.271,60.814,mp-2410
YTl3,46.531,46.531,46.531,mp-2393
LiAg,41.392,41.392,41.392,mp-1018026
YHg,65.407,65.407,65.407,mp-2399
ErTl3,47.25,47.25,47.25,mp-2431
NaSi,20.825,15.097,17.961,mp-2402
YPt3,169.488,169.488,169.488,mp-2403
Ce3Al,43.376,43.376,43.376,mp-2413
ErGa2,79.266,69.455,74.361,mp-2422
CaAl2,55.933,55.929,55.931,mp-2404
ZrGe2,109.059,107.299,108.179,mp-2430
SrTl,25.126,25.126,25.126,mp-2434
DyPt3,172.498,172.498,172.498,mp-2465
As2Os,169.071,163.741,166.406,mp-2455
GaRh,179.773,179.773,179.773,mp-2444
CaSn,37.582,37.541,37.561,mp-2450
PrCu5,100.176,99.436,99.806,mp-2462
DyS,96.9,96.9,96.9,mp-2470
YAg,65.962,65.962,65.962,mp-2474
SrO,84.99,84.99,84.99,mp-2472
YbIn,35.186,35.186,35.186,mp-2459
ErAu2,104.91,102.711,103.81,mp-2466
Mg2Cu,56.446,56.389,56.418,mp-1052023
SmSn3,57.389,57.389,57.389,mp-2484
YZn,60.055,60.055,60.055,mp-2516
UC,178.518,178.518,178.518,mp-2489
CeN,143.06,143.06,143.06,mp-2493
SiOs,209.102,209.102,209.102,mp-2488
AlCu,113.146,112.011,112.579,mp-2500
ThRh3,170.311,170.311,170.311,mp-2509
As2Pt,136.486,136.486,136.486,mp-2513
ErSe,83.657,83.657,83.657,mp-2491
TmSb,62.342,62.342,62.342,mp-2520
PrS,84.639,84.639,84.639,mp-2495
GaS,28.129,8.416,18.273,mp-2507
AsPd5,152.119,151.478,151.799,mp-2512
BaSi,32.544,31.48,32.012,mp-2499
CrPt3,231.851,231.851,231.851,mp-2515
GaP,76.335,76.335,76.335,mp-2490
Ni2B,241.879,234.359,238.119,mp-2536
GaAs,60.742,60.742,60.742,mp-2362466
PrAg,54.408,54.408,54.408,mp-2525
BeO,208.037,208.037,208.037,mp-1778
VTc,254.937,254.937,254.937,mp-2540
NdGa2,72.327,68.027,70.177,mp-2524
Al3V,122.056,121.981,122.019,mp-1008554
CeSe,93.807,93.807,93.807,mp-2563
PrRh2,138.487,138.487,138.487,mp-2529
PrTe,57.203,57.203,57.203,mp-2532
Li2Te,26.076,26.076,26.076,mp-2530
PuAs,71.138,71.138,71.138,mp-2548
SmMg,36.23,36.23,36.23,mp-2558
SrMg2,25.649,25.631,25.64,mp-2572
Si2Mo,206.298,205.194,205.746,mp-2592
NpN,151.141,151.141,151.141,mp-2596
BaPd5,100.65,98.008,99.329,mp-2606
MgTe2,37.266,37.266,37.266,mp-2604
NiTe2,66.605,49.041,57.823,mp-2578
Ta5Sb4,105.63,105.555,105.592,mp-2598
V3Si,192.13,192.13,192.13,mp-2567
NdAs,71.185,71.185,71.185,mp-2602
NbB,264.021,263.746,263.884,mp-2580
TiRh,188.005,186.997,187.501,mp-2583
CaO,105.841,105.841,105.841,mp-2605
TbAs,76.698,76.698,76.698,mp-2640
NbN,313.598,311.533,312.566,mp-999357
YbNi5,133.132,128.879,131.006,mp-2645
LaZn,49.02,49.02,49.02,mp-2615
Ti3Cu4,132.628,132.587,132.608,mp-2643
NpO2,192.353,192.353,192.353,mp-2616
YSe,78.292,78.292,78.292,mp-2637
DyAg2,75.033,74.074,74.554,mp-2618
AlSb,49.576,49.576,49.576,mp-1018100
GdMg,216.967,216.967,216.967,mp-2636
CdAg,73.469,73.469,73.469,mp-2642
DyAs,76.57,76.57,76.57,mp-2627
ErAg,69.968,69.968,69.968,mp-2621
SrSi,44.39,43.899,44.145,mp-2661
AlFe,170.575,170.575,170.575,mp-985578
LiN3,40.22,31.578,35.899,mp-2659
Al2Au,104.282,104.282,104.282,mp-2647
ScPd3,143.721,143.721,143.721,mp-2677
MnP,181.129,165.947,173.538,mp-999516
Nb3Pt,203.6,203.6,203.6,mp-2663
CsAu,10.059,10.059,10.059,mp-2667
Y2O3,138.413,138.413,138.413,mp-775907
K2O2,32.623,32.202,32.413,mp-2672
VPt,241.792,241.55,241.671,mp-1017531
Sb2Os,131.353,126.374,128.863,mp-2695
TbGa2,77.324,69.712,73.518,mp-2684
Sb2Rh,105.335,102.829,104.082,mp-2682
LaAl2,64.416,64.416,64.416,mp-2694
ThFe5,118.298,117.406,117.852,mp-2689
SrO2,74.826,67.468,71.147,mp-2697
MgAg,63.271,63.271,63.271,mp-2696
YCu2,87.063,82.599,84.831,mp-2698
ErIr,140.411,140.411,140.411,mp-2713
HgPd,114.758,114.733,114.745,mp-2685
Ca2N,36.255,31.492,33.874,mp-2686
CaSi2,63.664,60.769,62.216,mp-862
SnF4,57.156,16.567,36.861,mp-2706
LaB6,181.75,181.75,181.75,mp-2680
CoAs2,123.383,120.208,121.796,mp-1018672
NdPt2,151.763,151.763,151.763,mp-2720
HgTe,34.16,34.16,34.16,mp-1811
MnIr,265.336,265.335,265.335,mp-2728
TbIr2,196.495,196.495,196.495,mp-2725
IrO2,276.282,262.587,269.435,mp-1014261
CeAs,62.335,62.335,62.335,mp-2748
Cr2Te3,42.865,41.222,42.043,mp-2750
Al8Mo3,142.942,142.559,142.751,mp-2733
CaF2,80.16,80.16,80.16,mp-2741
TbPd3,126.101,126.101,126.101,mp-2747
DyNi,80.253,76.341,78.297,mp-2738
Nb6C5,235.543,235.384,235.464,mp-2760
TiGa3,97.951,97.561,97.756,mp-2731
SrSe,41.256,41.256,41.256,mp-2758
TbSb,59.906,59.906,59.906,mp-2724
TiBe2,124.06,124.06,124.06,mp-2749
PRh2,223.688,223.688,223.688,mp-2732
YIr2,196.294,196.294,196.294,mp-2762
LiPd,81.566,78.058,79.812,mp-2743
TiGa,116.344,116.03,116.187,mp-2767
Ga2Au,65.975,65.975,65.975,mp-2776
SrAl4,54.391,53.622,54.006,mp-2775
NO2,5.601,5.601,5.601,mp-2789
HfRu,198.115,198.115,198.115,mp-2802
HoAg,68.602,68.602,68.602,mp-2778
AuSe,14.848,3.183,9.015,mp-2793
USi3,129.573,129.573,129.573,mp-2800
YCu5,108.759,108.141,108.45,mp-2797
Na2Te,19.229,19.229,19.229,mp-2784
ZrAl2,113.629,113.551,113.59,mp-2772
ScPd,110.671,110.671,110.671,mp-2781
ZrC,219.051,219.051,219.051,mp-1009894
Ta2Si,214.691,214.511,214.601,mp-2783
BeCo,196.762,196.762,196.762,mp-2773
Ca5Zn3,27.533,27.345,27.439,mp-2786
Sb2S3,21.357,10.871,16.114,mp-2809
ScP,90.559,90.559,90.559,mp-1009746
Lu2S3,77.154,76.377,76.765,mp-2826
NdP,78.398,78.398,78.398,mp-2823
Cr2Se3,56.402,54.561,55.481,mp-2832
AlPd2,158.407,156.795,157.601,mp-2824
HfN,270.382,270.382,270.382,mp-1001834
ErB4,181.356,180.57,180.963,mp-2847
TmSe,84.968,84.968,84.968,mp-2822
MoN,336.999,328.95,332.975,mp-999503
ErPd3,129.717,129.717,129.717,mp-2825
UNi5,183.584,183.584,183.584,mp-2838
ZrO2,188.579,177.638,183.109,mp-775910
B2Os,314.205,308.462,311.334,mp-2850
CeCd3,41.295,41.295,41.295,mp-2863
SrSnO3,137.575,137.455,137.515,mp-2879
Nd(CuSi)2,115.759,115.554,115.656,mp-2877
Mn4Al11,123.582,122.798,123.19,mp-2856
ScN,200.491,200.491,200.491,mp-1009750
BaNd2O4,100.072,95.306,97.689,mp-2892
HoAlNi,87.654,87.204,87.429,mp-2909
Dy(CuSi)2,119.498,119.133,119.315,mp-2917
Li2TiO3,112.528,108.074,110.301,mp-2931
Ho(NiP)2,152.023,151.63,151.827,mp-2906
ScSnAu,88.353,88.353,88.353,mp-2894
Mg2SiO4,121.083,117.165,119.124,mp-2895
Ho(SiNi)2,132.056,129.983,131.02,mp-2924
Pr2(ReB2)3,213.558,212.341,212.95,mp-2933
Dy(SiRh)2,153.457,153.446,153.451,mp-2893
LaSi3Ir,122.868,122.696,122.782,mp-2914
Y2Si4Mo3,156.048,155.996,156.022,mp-2932
LiAg2Sn,59.483,59.483,59.483,mp-2927
Ca(NiGe)2,80.49,80.289,80.39,mp-2949
NaMgF3,69.298,68.994,69.146,mp-2955
MgSiP2,73.147,71.265,72.206,mp-2961
Dy(BC)2,203.587,157.374,180.481,mp-2958
La(CoB)2,129.018,122.606,125.812,mp-2967
HfSnRh,150.086,147.418,148.752,mp-2960
Ce(MnSi)2,123.772,123.184,123.478,mp-2965
SmB2Rh3,205.418,204.617,205.017,mp-2947
Li2GeAu,61.01,61.01,61.01,mp-2935
Cs2UO4,43.54,27.387,35.463,mp-2991
ZnGeN2,161.892,161.782,161.837,mp-1029779
Li2GaRh,81.563,81.563,81.563,mp-2988
HoInCu,80.745,80.055,80.4,mp-3015
P2Pd3S8,5.655,5.322,5.487999999999999,mp-3006
Th(GeRh)2,146.294,145.646,145.97,mp-3011
ThB2C,181.556,181.054,181.305,mp-2997
Nd(MnSi)2,119.325,117.943,118.634,mp-3018
Ce(FeSi)2,144.219,140.168,142.193,mp-3035
MgAl2Cu,76.462,75.949,76.205,mp-3034
Al2HgSe4,31.497,31.368,31.433,mp-3038
BaNbO3,167.842,167.842,167.842,mp-3020
U2SeN2,127.842,124.661,126.252,mp-3048
BaSi2O5,58.94,57.86,58.4,mp-3031
RbBF4,16.91,16.651,16.78,mp-3032
Y3Al5O12,170.395,170.395,170.395,mp-3050
TbCo3B2,205.762,205.673,205.718,mp-3040
DyB2Ru3,223.117,223.113,223.115,mp-3092
CdSiAs2,59.018,58.847,58.932,mp-3078
ErB2Ru3,225.064,225.045,225.055,mp-3093
Tb(SiRh)2,152.149,152.099,152.124,mp-3097
TbNiC2,154.436,136.964,145.7,mp-3061
NdB2Rh3,201.13,198.179,199.655,mp-3055
BeAl2O4,214.848,214.277,214.562,mp-3081
LaBRh3,165.301,165.301,165.301,mp-3088
SrAl2O4,83.903,82.355,83.129,mp-3094
ErCoSi2,125.544,123.148,124.346,mp-3128
UGeTe,72.79,68.294,70.542,mp-3109
TaCuS3,42.982,36.847,39.914,mp-3102
Na8SnSb4,18.677,18.677,18.677,mp-3138
AlCuO2,184.312,172.397,178.355,mp-3098
Ca(NO3)2,3.748,3.748,3.748,mp-3142
HoNbO4,143.658,138.408,141.033,mp-3144
BaZrN2,101.962,98.687,100.324,mp-3104
Lu(SiRh)2,158.963,158.811,158.887,mp-3108
Al2CdSe4,31.957,31.879,31.918,mp-3159
LiAlSi,63.069,63.069,63.069,mp-3161
Li2SbPt,79.179,79.179,79.179,mp-3158
Sc3FeC4,175.553,173.046,174.3,mp-3155
BaSO4,52.217,51.333,51.775,mp-3164
Th(SiOs)2,183.411,183.057,183.234,mp-3166
DyBRh3,183.388,183.388,183.388,mp-3183
TbB2Ru3,222.109,222.108,222.108,mp-3186
BaSnO3,133.913,133.913,133.913,mp-3163
Li2GaPd,67.604,67.604,67.604,mp-3201
Tb2Al3Si2,87.024,86.606,86.815,mp-3194
Er(FeB)2,120.934,120.924,120.929,mp-3190
Sr(NiGe)2,64.747,59.378,62.062,mp-3207
Ca(CoP)2,93.988,89.636,91.812,mp-3210
Nd2SO2,107.658,107.325,107.491,mp-3211
NdTaO4,149.865,143.159,146.512,mp-3203
Li2ZrN2,137.264,127.607,132.436,mp-3216
ZrGeTe,68.896,36.288,52.592,mp-3208
ThB2Ru3,230.345,229.662,230.004,mp-3223
Er(SiPd)2,136.389,132.126,134.258,mp-3218
Th(NiGe)2,115.726,114.606,115.166,mp-3264
Pr2SO2,105.11,104.806,104.958,mp-3236
Sr(CuGe)2,77.694,77.384,77.539,mp-3241
Er(CoSi)2,133.928,130.026,131.977,mp-3239
NiGePd,167.547,164.059,165.803,mp-3274
Tb(CoSi)2,113.884,113.064,113.474,mp-3292
Sr(FeP)2,106.416,83.158,94.787,mp-3299
BAsO4,53.93,50.578,52.254,mp-3277
Ti3AlC,153.159,153.159,153.159,mp-3271
Al5BO9,160.971,157.564,159.267,mp-3281
RbNbO3,43.979,36.434,40.207,mp-3283
Ce(AlZn)2,72.035,72.019,72.027,mp-3286
Dy(SiPd)2,135.619,132.247,133.933,mp-3301
TaAlCo2,203.111,203.111,203.111,mp-3340
CaPd3O4,161.478,161.478,161.478,mp-3315
Tb(NiGe)2,112.513,112.494,112.504,mp-3329
LiBIr,163.894,163.544,163.719,mp-3348
HoZrSb,80.484,79.927,80.205,mp-3346
SrHfO3,155.364,155.334,155.349,mp-3378
Sc2Ni2Sn,105.113,104.928,105.02,mp-3363
Y2Sn2O7,164.271,164.271,164.271,mp-3370
Sr3Ti2O7,139.443,139.44,139.441,mp-3349
Rb2SO4,25.208,25.106,25.157,mp-3372
Er3Al5O12,173.762,173.762,173.762,mp-3384
U(SiRu)2,380.851,272.102,326.477,mp-3388
Ba2SnO4,96.639,96.247,96.443,mp-3359
Y(CuSi)2,118.726,117.852,118.289,mp-3390
Sr(PPd)2,104.234,103.389,103.811,mp-3385
Tl(MoSe)3,44.0,25.299,34.649,mp-3411
Ba2TiO4,64.884,64.602,64.743,mp-3397
NaAl11O17,154.5,149.752,152.126,mp-3405
Ho2Ni2Pb,75.911,74.017,74.964,mp-3398
Yb(SiRu)2,135.055,131.349,133.202,mp-3415
Lu(MnGe)6,141.515,140.593,141.054,mp-3400
Na3AlF6,51.203,50.784,50.993,mp-3416
Eu(CuSi)2,85.956,85.924,85.94,mp-3412
UTeN,67.424,8.731,38.078,mp-3402
Tb(CuSi)2,120.153,119.789,119.971,mp-3456
Ce(CoSi)2,137.774,136.808,137.291,mp-3437
YMgNi4,90.883,90.883,90.883,mp-3433
Y(SiRh)2,151.492,151.468,151.48,mp-3441
ErTaO4,149.311,127.622,138.466,mp-3444
FeSiRu2,232.733,232.733,232.733,mp-3464
PrAlO3,185.608,183.21,184.409,mp-3466
KMgF3,74.789,74.789,74.789,mp-3448
ScNiSb,103.751,103.751,103.751,mp-3432
Er(NiP)2,151.308,151.308,151.308,mp-3455
ZrNi2Sb,147.438,143.586,145.512,mp-3469
Na2Ti3O7,100.34,93.865,97.103,mp-3488
Nd(FeSi)2,120.658,115.821,118.239,mp-3489
CeGa3Pd2,102.468,101.518,101.993,mp-3494
Lu(SiPd)2,138.761,133.754,136.258,mp-3507
La2Ni5B4,137.999,135.564,136.781,mp-3471
PbSO4,38.415,38.115,38.265,mp-3472
Li6WN4,84.765,84.023,84.394,mp-3503
Dy2Al3Si2,87.792,87.374,87.583,mp-3513
KSnSb,20.149,19.62,19.885,mp-3486
Y(CoB)2,159.035,148.869,153.952,mp-3515
MgAl2O4,182.861,182.861,182.861,mp-3536
LiPN2,135.963,134.737,135.35,mp-3524
NaBF4,28.08,27.949,28.014,mp-3521
Na3AgO2,50.087,49.927,50.007,mp-3527
ZrSO,130.347,130.347,130.347,mp-3519
MgCuSb,66.779,66.779,66.779,mp-3522
CrAgSe2,65.03,60.397,62.714,mp-3532
NdPO4,116.893,112.42,114.656,mp-3584
HfGaCo2,172.836,172.836,172.836,mp-3576
Nd(Sb3Os)4,100.469,100.469,100.469,mp-3569
Mg(BC)2,178.33,137.171,157.751,mp-1079629
Tm2SO2,127.703,127.511,127.607,mp-3556
UGeSe,86.276,80.769,83.522,mp-3579
KTeAu,33.164,21.478,27.321,mp-3553
NdBRh3,174.728,174.728,174.728,mp-3591
NaErS2,48.467,45.5,46.984,mp-3613
YAl4Ni,92.623,92.336,92.48,mp-3602
La(SiIr)2,150.226,141.107,145.667,mp-3585
Sc(SiNi)2,156.413,146.643,151.528,mp-3587
BPO4,63.308,56.162,59.735,mp-3589
ZnSiAs2,66.291,66.291,66.291,mp-3595
KTaO3,188.716,188.716,188.716,mp-3614
Sc2FeSi2,110.749,110.206,110.477,mp-3618
Th(CoGe)2,142.647,142.329,142.488,mp-3605
ScCuO2,144.395,130.696,137.545,mp-3642
HfCu2Te3,42.966,39.816,41.391,mp-3650
Nb6Si7Ni16,218.334,218.334,218.334,mp-3640
Cu2P2O7,101.015,59.529,80.272,mp-3638
YOF,132.527,130.909,131.718,mp-3637
MnAlCo2,188.169,188.169,188.169,mp-3623
RbCaF3,48.191,48.191,48.191,mp-3654
TiCo2Si,206.714,206.714,206.714,mp-3657
LiTaO3,123.039,119.727,121.383,mp-3666
Tb(SiRu)2,152.531,151.572,152.051,mp-3678
YbBRh3,161.964,161.964,161.964,mp-3686
MgCu4Sn,97.854,97.854,97.854,mp-3676
MgSiN2,173.669,172.878,173.274,mp-1017514
Sc(Al2Fe)4,128.999,128.876,128.938,mp-3701
SrAlSi,55.945,48.698,52.321,mp-3698
CdGeP2,65.343,65.337,65.34,mp-3668
LiYF4,80.52,78.965,79.743,mp-3700
Ho2Co12P7,201.633,201.306,201.47,mp-3706
HoBRh3,184.167,184.167,184.167,mp-3710
NaNbO2,150.604,142.932,146.768,mp-3744
AlTlF4,45.662,44.858,45.26,mp-3751
Ti3AlC2,158.837,157.645,158.241,mp-3747
LiNbO3,103.805,102.437,103.121,mp-3731
TbNiSb,89.316,89.316,89.316,mp-3716
Ti2CS,179.924,179.575,179.75,mp-3732
LuBRh3,188.744,188.744,188.744,mp-3717
Li2GaPt,82.351,82.351,82.351,mp-3726
NdCuSe2,63.481,61.351,62.416,mp-3739
MgTiO3,163.61,158.565,161.087,mp-3771
VCu3S4,43.389,43.389,43.389,mp-3762
Eu(NiP)2,109.116,107.279,108.198,mp-3758
ScCo2Sn,137.52,137.52,137.52,mp-3791
NaZnF3,69.135,68.513,68.824,mp-3795
SrCO3,62.295,58.8,60.547,mp-3822
K2PtF6,24.494,23.964,24.229,mp-3821
GdSF,100.488,100.474,100.481,mp-3799
Al(FeB)2,226.252,222.749,224.5,mp-3805
K2UO4,62.562,57.664,60.113,mp-3808
Ce(SiPd)2,126.817,122.852,124.834,mp-3826
Sr(PRu)2,100.978,73.657,87.317,mp-3804
CdSnAs2,47.196,47.195,47.195,mp-3829
Li5ReN4,71.919,71.801,71.86,mp-3838
GaCuTe2,46.029,46.028,46.028,mp-3839
Ba3(PO4)2,66.627,66.459,66.543,mp-3857
Y(MnSi)2,125.82,125.819,125.819,mp-3854
Ca(AlGe)2,59.693,58.479,59.086,mp-3862
NaBO2,50.688,40.197,45.442,mp-3889
BaZnF4,60.737,54.594,57.665,mp-3881
Ti2SnC,134.155,134.045,134.1,mp-3871
Li3GaN2,98.991,98.991,98.991,mp-3887
Ho(SiRh)2,156.387,156.364,156.376,mp-3895
NdNbO4,119.593,92.646,106.12,mp-3901
ZrAlCo2,162.789,162.789,162.789,mp-3909
SmSF,101.678,101.565,101.622,mp-3931
TmSnPd2,113.153,113.153,113.153,mp-3942
Cd2GeO4,101.183,98.279,99.731,mp-3917
ZrSiS,127.086,125.106,126.096,mp-3938
Th2MnN3,199.024,196.945,197.985,mp-3923
Mg2PN3,152.085,146.698,149.391,mp-3933
LiNbO2,163.815,149.519,156.667,mp-3924
Cu3PS4,78.317,77.72,78.018,mp-3934
CaAsAu,67.212,54.744,60.978,mp-3927
CaUO4,138.974,137.015,137.995,mp-3960
K2TiF6,28.021,27.668,27.845,mp-3970
LaPO4,107.487,101.766,104.626,mp-3962
BaY2O4,114.659,112.888,113.773,mp-3952
CaCO3,78.414,72.048,75.231,mp-2717324
K2CO3,32.355,22.578,27.466,mp-3963
KCuO2,43.583,24.772,34.178,mp-3982
Er(SiOs)2,175.526,175.403,175.465,mp-3958
BaPdS2,40.397,39.528,39.963,mp-4009
PrSF,96.179,96.1,96.139,mp-3992
ErPO4,146.853,137.028,141.94,mp-4006
BaTaS3,50.256,47.728,48.992,mp-4001
UMoC2,260.35,250.663,255.507,mp-3991
TmNiSb,91.824,91.824,91.824,mp-4025
CaTiO3,172.28,172.268,172.274,mp-3442
Rb2Pt3S4,27.988,16.405,22.197,mp-4030
Nd(SiRu)2,137.22,131.966,134.593,mp-4013
Pr(CuSi)2,108.707,108.265,108.486,mp-4014
Nd(SiNi)2,148.721,145.531,147.126,mp-4007
Zr2CoSi2,167.71,166.463,167.087,mp-4022
ZnGeAs2,59.57,59.568,59.569,mp-4008
KCrS2,55.592,54.98,55.286,mp-4026
CaSc2O4,145.649,142.663,144.156,mp-4056
TmNiC2,182.149,158.618,170.384,mp-4037
Sm(CoB)2,159.278,146.631,152.954,mp-4073
Cs2SiF6,16.017,16.017,16.017,mp-4047
Sm(SiRu)2,144.421,141.759,143.09,mp-4072
Dy(SiIr)2,176.121,175.451,175.786,mp-4065
YAl3Ni,96.571,96.431,96.501,mp-4054
Er2(NiB2)3,194.753,193.817,194.285,mp-4071
NbCu3Se4,33.566,33.566,33.566,mp-4043
Ca(NiP)2,105.678,105.189,105.433,mp-4064
TbZrSb,79.747,79.449,79.598,mp-4075
TaCu3Se4,41.99,41.99,41.99,mp-4081
Tl2SO4,24.271,23.332,23.802,mp-4112
Ba(AsRu)2,82.421,70.822,76.622,mp-4109
VCoSb,141.89,141.89,141.89,mp-4076
HoPO4,143.35,133.252,138.301,mp-4104
La(FeSi)2,119.136,109.355,114.246,mp-4088
CaCuAs,67.905,60.96,64.433,mp-4120
Ni2Mo3N,278.976,278.976,278.976,mp-4091
Ce(SiRh)2,143.382,143.184,143.283,mp-4090
Sc3AlC,100.358,100.358,100.358,mp-4079
Li2Si2O5,78.789,77.286,78.037,mp-4117
Ho(CuSi)2,114.103,113.157,113.63,mp-4105
Sc(CoSi)2,155.126,154.727,154.927,mp-4131
KUO3,134.466,134.466,134.466,mp-4126
Ho(SiPd)2,135.301,131.268,133.284,mp-4148
CaCN2,74.647,65.077,69.862,mp-4124
Sr(NO3)2,31.616,31.616,31.616,mp-4157
Li2ZrO3,115.339,85.91,100.625,mp-4156
Rb2CO3,27.966,21.755,24.861,mp-4138
DySi2Ni,113.36,109.369,111.364,mp-4171
Pr2CuO4,134.198,130.979,132.588,mp-4181
Tm(NiGe)2,108.764,108.099,108.431,mp-4195
HoNiSb,92.38,92.38,92.38,mp-4174
ZnSnP2,64.548,64.548,64.548,mp-4175
ScPO4,157.45,142.119,149.784,mp-4200
BaAl2O4,84.009,83.991,84.0,mp-4202
Ca3AsN,59.959,59.841,59.9,mp-4192
UAs2Pd,118.525,117.163,117.844,mp-4206
Dy(SiRu)2,155.957,155.365,155.661,mp-4177
NdFeSi2,114.616,112.028,113.322,mp-4196
CaIrO3,157.396,152.289,154.842,mp-1016872
Sc3TlC,97.309,97.309,97.309,mp-4230
Nd(AgGe)2,81.83,81.806,81.818,mp-4229
MnFeAs,159.976,158.792,159.384,mp-4238
BaZnO2,82.685,82.425,82.555,mp-4236
Nd(CoSi)2,122.144,118.143,120.144,mp-4228
Tb(SiPd)2,132.872,129.094,130.983,mp-4250
Pr(Sb3Os)4,100.567,100.478,100.522,mp-4251
YCoC2,173.099,156.425,164.762,mp-4248
LiCrS2,65.509,62.903,64.206,mp-4226
BeAlB,140.226,140.226,140.226,mp-4262
Ca(CoGe)2,73.749,73.402,73.576,mp-4259
NaSi2Pd3,111.096,100.641,105.869,mp-4276
PrAgAs2,74.963,73.547,74.255,mp-4308
Nd(NiGe)2,112.217,111.62,111.919,mp-4302
Er(CuSi)2,122.805,122.473,122.639,mp-4305
Ho(NiGe)2,115.335,115.121,115.228,mp-4291
Yb2Si2O7,91.535,86.07,88.802,mp-4300
Sm(SiPd)2,128.882,126.601,127.742,mp-4275
LaSi2Pt,117.514,116.695,117.105,mp-4283
Sr2SnO4,107.543,105.916,106.729,mp-3376
TbNiGe2,97.02,94.632,95.826,mp-4288
Nd(SiPd)2,124.433,122.148,123.29,mp-4323
Sr(NiAs)2,61.933,29.713,45.823,mp-4316
Tm2CdS4,64.903,64.903,64.903,mp-4324
Pr(CoB)2,149.246,139.785,144.516,mp-4322
Sr2PdO3,102.383,93.296,97.839,mp-4359
Sr(AsPd)2,79.638,79.401,79.52,mp-4370
CdCO3,95.755,83.374,89.565,mp-4385
TbScGe,71.804,70.834,71.319,mp-4395
NbGaCo2,193.763,193.763,193.763,mp-4364
YB2Ru3,221.79,221.786,221.788,mp-4382
UAsS,79.54,76.697,78.118,mp-4374
SrZrO3,145.812,145.795,145.804,mp-1020622
SbPdSe,83.274,83.274,83.274,mp-4368
Ho(CoGe)2,136.152,135.528,135.84,mp-4415
CaSO4,65.132,63.353,64.243,mp-4406
Rb3AuO,15.595,15.595,15.595,mp-4405
Ba(NO3)2,27.443,27.443,27.443,mp-4396
Sm2Zr2O7,162.119,162.119,162.119,mp-4408
CaSiO3,93.408,91.691,92.549,mp-3387
Pr(SiNi)2,126.492,126.472,126.482,mp-4439
Th(MnSi)2,149.886,149.327,149.607,mp-4458
Ca(CuGe)2,79.349,79.142,79.246,mp-4441
Cd(GaS2)2,36.727,36.64,36.683,mp-4452
Y3AlC,79.684,79.684,79.684,mp-4448
CaSnO3,143.643,143.103,143.373,mp-4438
Tb(SiNi)2,120.364,119.944,120.154,mp-4466
CuSbS2,46.831,46.342,46.586,mp-4468
KPrO2,70.504,64.755,67.63,mp-4519
Ca2SiO4,90.298,88.216,89.257,mp-2379939
Ba(PRu)2,95.547,80.49,88.019,mp-4484
MnCo2Si,218.693,218.693,218.693,mp-4492
Sr(FeAs)2,95.962,72.622,84.292,mp-4488
ZrNbP,173.683,173.668,173.675,mp-4500
ZnGeP2,73.52,73.511,73.515,mp-4524
KLiTe,20.01,19.796,19.903,mp-4495
NaYbS2,36.87,35.561,36.215,mp-4494
NaNbO3,101.559,99.94,100.75,mp-1105765
ErInPd,90.079,89.342,89.71,mp-4508
DyNiSb,90.475,90.475,90.475,mp-4510
CaSiPt,82.686,82.686,82.686,mp-4478
La3AlN,66.117,66.117,66.117,mp-4505
Y(CuGe)2,103.792,102.967,103.38,mp-4520
NaNO3,28.57,25.021,26.795,mp-4531
ScNi2Sn,126.056,126.056,126.056,mp-4536
NaCuO2,69.498,47.048,58.273,mp-997041
Na2SiO3,61.373,61.302,61.337,mp-4533
Li2SO4,45.14,44.859,45.0,mp-4556
SrSiN2,99.382,92.701,96.042,mp-4549
K2SO4,28.697,28.679,28.688,mp-4529
CaZrO3,149.349,148.737,149.043,mp-4571
Mn3AlC,235.077,235.077,235.077,mp-4593
TlSbTe2,29.109,28.104,28.606,mp-4573
Tl3BO3,20.23,20.074,20.152,mp-4584
LiAlTe2,27.657,27.482,27.57,mp-4586
Li7VN4,82.448,82.448,82.448,mp-4604
LaNi4B,141.332,141.222,141.277,mp-4634
TiCo2Ge,188.455,188.455,188.455,mp-4612
TlCrTe2,34.697,34.506,34.601,mp-4638
KPF6,27.131,19.6,23.365,mp-4608
Yb(SiPd)2,109.102,107.64,108.371,mp-4633
Zr2SnC,126.598,126.099,126.349,mp-4613
Y(SiIr)2,174.208,173.573,173.891,mp-3896
SrTiO3,168.404,168.036,168.22,mp-4651
ScOF,143.66,141.921,142.79,mp-4661
CdSiP2,74.468,74.362,74.415,mp-4666
Y(Al2Fe)4,124.062,123.479,123.771,mp-4656
Dy(SiNi)2,114.683,114.459,114.571,mp-4692
Ag2CO3,67.33,28.615,47.972,mp-4691
Zn(CrSe2)2,72.426,72.426,72.426,mp-4697
BNF8,16.155,15.948,16.052,mp-4674
Ga2HgSe4,30.917,30.719,30.818,mp-4730
Nd(GePd)2,108.706,106.891,107.798,mp-4725
Ca(NiAs)2,84.803,84.394,84.598,mp-4744
Si2Ni6B,214.4,207.654,211.027,mp-4720
Cu2GeSe3,59.602,59.247,59.424,mp-4728
ErTiGe,90.689,90.661,90.675,mp-4743
UGa5Co,105.644,104.868,105.256,mp-4732
PrScGe,64.55,64.456,64.503,mp-4738
ZnSnSb2,40.984,40.984,40.984,mp-4756
CeAl3Pd2,110.588,106.003,108.295,mp-4785
KReO4,18.268,18.259,18.263,mp-4757
ZnSiP2,84.97,84.937,84.953,mp-4763
Na2SO4,43.2,42.232,42.716,mp-3143
TiAlCu2,134.483,134.483,134.483,mp-4771
Ce(SiOs)2,168.405,168.403,168.404,mp-4767
Eu(SiNi)2,94.905,94.429,94.667,mp-4768
U(SiPd)2,143.682,140.221,141.952,mp-4793
PrRhO3,179.391,176.979,178.185,mp-4789
Sc(AlC)3,167.59,164.922,166.256,mp-4798
Zn4B6O13,179.033,179.033,179.033,mp-4812
Gd2SO2,112.553,112.297,112.425,mp-4805
Ga2HgS4,36.041,35.895,35.968,mp-4809
Pr(SiRh)2,139.103,136.722,137.912,mp-4815
CeAl5Ni2,97.182,96.641,96.912,mp-4817
ZrSiO4,205.354,198.707,202.03,mp-4820
Y(SiPd)2,132.583,128.581,130.582,mp-4822
NaZnP,43.182,41.658,42.42,mp-4824
LaCuSi,82.827,81.395,82.111,mp-4835
GaCuSe2,55.603,55.585,55.594,mp-4840
Al2ZnS4,84.975,84.975,84.975,mp-4842
Sr(CuAs)2,57.081,56.639,56.86,mp-4861
Na2ThF6,52.961,49.315,51.138,mp-4829
NdScGe,65.89,65.673,65.782,mp-4854
CaAl4O7,114.074,113.565,113.819,mp-4867
Er(NiGe)2,122.05,122.05,122.05,mp-4865
CaMgSn,40.892,40.585,40.739,mp-962068
HoGa5Co,86.145,86.145,86.145,mp-4856
Er(SiNi)2,123.294,122.687,122.991,mp-4881
BaCeN2,103.56,103.364,103.462,mp-4887
GdTaO4,148.491,136.905,142.698,mp-4875
Pr(SiRu)2,133.753,126.843,130.298,mp-4904
Y(GeRh)2,132.977,132.943,132.96,mp-4889
LiGa2Rh,103.896,103.896,103.896,mp-4913
Y(CoGe)2,136.229,136.225,136.227,mp-4908
Hf2SnC,138.006,137.29,137.648,mp-4893
Y2MgCu2,63.094,62.227,62.66,mp-4901
Ba(FeP)2,86.238,81.0,83.619,mp-4883
ZrGeSe,103.625,102.42,103.022,mp-4878
ScSnPd2,123.983,123.983,123.983,mp-4897
Tm(CuSi)2,116.899,116.615,116.757,mp-4903
Tl3SbSe3,14.239,14.239,14.239,mp-4876
GaAgTe2,40.233,40.217,40.225,mp-4899
UTeAs,71.61,70.707,71.159,mp-4895
AlVCo2,195.177,195.177,195.177,mp-4955
Yb(SiPt)2,123.92,121.764,122.842,mp-4936
MnAlNi2,158.539,158.539,158.539,mp-4922
Nd(GeRh)2,123.775,122.994,123.385,mp-4920
Dy(FeSi)2,148.516,148.105,148.31,mp-4939
YSbPt,96.369,96.369,96.369,mp-4964
La(SiPd)2,121.062,120.091,120.576,mp-4954
Pr(CuGe)2,96.285,95.528,95.907,mp-4924
CdGeAs2,52.271,52.206,52.238,mp-4953
Na2HgO2,45.415,39.231,42.323,mp-4961
TbCoSi2,128.849,123.004,125.927,mp-4969
LuInCu2,89.584,89.584,89.584,mp-4972
MnSnRh2,169.635,169.635,169.635,mp-4990
AlCuS2,82.186,82.144,82.165,mp-4979
Li2SiO3,76.881,76.729,76.805,mp-5012
Nd(CoGe)2,112.579,109.971,111.275,mp-4999
Dy(MnSi)2,129.141,128.717,128.929,mp-4985
Ti2AlN,156.725,156.676,156.701,mp-4978
Tl(CuSe)2,30.591,27.691,29.141,mp-5000
ZrGeS,118.672,118.649,118.661,mp-4997
SmBRh3,175.916,175.916,175.916,mp-4982
ScCrC2,208.181,207.963,208.072,mp-4992
CeSF,84.357,84.344,84.351,mp-4973
CrNiAs,130.287,129.925,130.106,mp-4989
TlAsS2,9.72,8.026,8.873,mp-4988
Er(SiRu)2,157.167,156.469,156.818,mp-5022
BeSO4,40.489,35.226,37.858,mp-5046
YCo3B2,203.882,202.621,203.252,mp-5019
CsGaS2,14.312,11.385,12.848,mp-5038
LiGaTe2,26.27,26.145,26.207,mp-5048
YTiGe,86.874,85.437,86.156,mp-5042
Zr2CS,165.729,165.273,165.501,mp-5025
ZrP2O7,131.49,131.49,131.49,mp-5024
Sc3CoC4,177.637,176.816,177.226,mp-5075
Na6MnS4,30.577,30.425,30.501,mp-5055
SrZnF4,61.765,61.44,61.603,mp-5078
Al2SiO5,172.932,171.213,172.073,mp-4753
DyZrSb,79.945,79.616,79.781,mp-5068
YAl3Ni2,110.256,109.918,110.087,mp-5063
Rb2HgO2,25.905,22.024,23.964,mp-5072
Mn2SiS4,58.492,56.684,57.588,mp-5056
NaLi2Sb,29.136,29.136,29.136,mp-5077
ZnSO4,73.857,68.363,71.11,mp-5126
Pr(CoSi)2,122.449,118.893,120.671,mp-5112
TbCoC2,185.45,166.454,175.952,mp-5106
Zr2SbP,114.466,113.621,114.043,mp-5137
LiCuO,71.359,67.894,69.627,mp-1009014
Na3AlP2,29.491,27.216,28.353,mp-5122
Dy(CoB)2,159.849,151.728,155.789,mp-5135
Y(CoSi)2,134.825,131.468,133.147,mp-5129
Y(NiGe)2,102.853,101.409,102.131,mp-5109
HoNiC2,175.132,158.691,166.911,mp-5154
HoSi2Ni,130.259,127.348,128.804,mp-5150
Th(SiRu)2,169.459,167.551,168.505,mp-5165
Zn(RhO2)2,168.078,168.078,168.078,mp-5146
Ca(PRu)2,118.012,86.682,102.347,mp-5157
NaInO2,93.784,87.594,90.689,mp-5175
Na2SeO4,38.221,37.062,37.641,mp-5141
LiGa2Pd,83.371,83.371,83.371,mp-5159
NbAlCo2,195.157,195.157,195.157,mp-5149
KNO3,17.996,16.629,17.312,mp-5158
Ce(SiAu)2,112.568,111.744,112.156,mp-5173
Sm(NiGe)2,101.804,101.78,101.792,mp-5167
La2SiO5,108.488,90.451,99.469,mp-5152
LaRhO3,173.694,173.027,173.36,mp-5163
NdCoSi2,120.242,119.499,119.87,mp-5170
Y(SiNi)2,127.442,126.754,127.098,mp-5176
HfAlCo2,172.038,172.038,172.038,mp-5221
ErB2Ir3,250.508,249.111,249.809,mp-5197
ZnSnAs2,53.381,53.363,53.372,mp-5190
CdSnP2,57.007,57.007,57.007,mp-5213
PrBRh3,169.867,169.867,169.867,mp-5200
Ho(SiOs)2,174.011,173.878,173.944,mp-5219
NdNiGe2,101.438,99.701,100.569,mp-5215
GaCuS2,71.489,71.383,71.436,mp-5238
NdSiRu,88.645,76.038,82.341,mp-5239
Ho(GeRu)2,135.743,135.722,135.733,mp-5260
Ti2SbP,114.42,114.161,114.291,mp-5244
Ca4CN4,67.707,65.327,66.517,mp-5251
U2SbN2,102.824,95.875,99.35,mp-5268
Ca(SiNi)2,117.214,113.401,115.307,mp-5292
Y(FeSi)2,147.329,146.877,147.103,mp-5288
SrSO4,61.114,60.075,60.595,mp-5285
KAuF4,22.158,22.056,22.107,mp-5309
Na4UO5,53.273,39.941,46.607,mp-5327
Yb(CoSi)2,111.587,110.119,110.853,mp-5326
CuAsS,66.237,65.977,66.107,mp-5305
HoCo3B2,206.257,200.552,203.405,mp-5313
CsNaTe,14.571,14.545,14.558,mp-5339
MgCO3,108.112,98.792,103.452,mp-5348
RbFeS2,20.742,17.75,19.246,mp-5372
Zn(GaS2)2,42.02,41.764,41.892,mp-5350
ErCo3B2,213.67,213.021,213.346,mp-5353
ErNbO4,145.428,140.566,142.997,mp-5370
Lu(CuSi)2,121.464,120.889,121.177,mp-5346
YTaO4,146.273,128.788,137.531,mp-5377
U2PN2,154.402,152.787,153.594,mp-5381
YbBO3,84.284,76.401,80.342,mp-5364
GaAgS2,59.196,58.997,59.096,mp-5342
Ca4P2O,61.795,61.762,61.778,mp-5380
Pr(MnSi)2,115.944,113.573,114.758,mp-5423
Er(SiRh)2,157.308,157.308,157.308,mp-5386
NdNiC2,153.573,137.698,145.636,mp-5383
LaSF,90.408,90.222,90.315,mp-5394
Tb(FeSi)2,146.009,145.733,145.871,mp-5399
MnCo2Sb,174.535,174.535,174.535,mp-5396
TiAlCo2,179.963,179.963,179.963,mp-5407
YNbO4,136.561,130.081,133.321,mp-5387
NaSbS2,24.837,21.83,23.333,mp-5414
LiGa2Ir,121.949,121.949,121.949,mp-5419
Er(FeGe)2,134.152,134.087,134.12,mp-5451
Ce(CuSi)2,113.094,112.978,113.036,mp-5452
Tb(SiOs)2,170.281,170.094,170.188,mp-5429
TmBRh3,186.37,186.37,186.37,mp-5438
BaTeO3,44.353,41.702,43.028,mp-5431
Nb2SnC,161.348,160.936,161.142,mp-5443
Nd2TeO2,72.393,70.184,71.289,mp-5459
Sr2CuO3,98.372,94.927,96.649,mp-5456
NaTaN2,146.016,126.072,136.044,mp-5475
LuTaO4,153.233,123.951,138.592,mp-5489
TlPd3O4,139.649,139.649,139.649,mp-5478
PrSi2Ni,107.108,105.841,106.474,mp-5493
Ca(CuSi)2,98.036,97.538,97.787,mp-5486
CaMgSi,50.639,50.344,50.491,mp-5473
MnAlAu2,121.118,121.118,121.118,mp-5491
BaCO3,54.259,49.486,51.872,mp-2506699
U2TeN2,88.914,82.918,85.916,mp-5505
GaAgSe2,49.464,49.197,49.331,mp-5518
Er(CoGe)2,134.98,134.82,134.9,mp-5497
Tl3VS4,21.006,21.006,21.006,mp-5513
Th(SiPd)2,143.727,138.62,141.173,mp-5508
La(CoSi)2,119.172,115.945,117.558,mp-5526
Ni3(SnS)2,65.614,56.078,60.846,mp-5528
HoGeAu,95.802,90.795,93.299,mp-5519
Sr2TiO4,127.096,127.091,127.094,mp-5532
Ce(GeRh)2,129.984,129.718,129.851,mp-5577
U(SiRh)2,163.334,161.06,162.197,mp-5556
Pr(AgGe)2,81.287,81.239,81.263,mp-5564
NaReO4,22.406,20.647,21.527,mp-5558
ZrVSi,156.415,156.254,156.335,mp-5541
YSnPd2,107.794,107.794,107.794,mp-5538
Ta2Cd2O7,155.679,155.679,155.679,mp-5548
MgSnAu,65.619,65.619,65.619,mp-5549
Cr2HgSe4,67.353,67.353,67.353,mp-5602
LuB2Ru3,227.954,227.861,227.908,mp-5578
Sc2Si2O7,161.428,158.873,160.151,mp-5594
Ca(FeP)2,112.576,75.032,93.804,mp-5597
YMgGa,59.985,59.957,59.971,mp-5590
CaAgAs,60.576,60.548,60.562,mp-5615
TmB2Ru3,225.924,225.897,225.91,mp-5620
BaUO4,91.592,89.51,90.551,mp-5611
Mg2As2O7,106.378,101.46,103.919,mp-5618
Nd(CoP)2,129.913,116.011,122.962,mp-5622
Pr(FeSi)2,117.219,110.9,114.059,mp-5627
Sr(CoP)2,90.722,85.382,88.052,mp-5671
NbCu3S4,44.381,44.381,44.381,mp-5621
Ag2SO4,58.657,37.43,48.044,mp-5625
Ti3SiC2,183.673,183.666,183.669,mp-5659
DyAsO4,130.808,124.221,127.515,mp-5632
SrZnO2,93.059,91.404,92.231,mp-5637
MnSbPt,110.879,110.879,110.879,mp-5676
NaCrS2,61.469,59.318,60.393,mp-5693
Ag3Te2Au,41.009,41.009,41.009,mp-5710
TbRhO3,190.891,180.476,185.684,mp-5692
Er(FeSi)2,134.014,131.521,132.768,mp-5688
Cu3SbS4,68.85,68.849,68.849,mp-5702
TmCo3B2,211.494,208.974,210.234,mp-5714
Ho(SiRu)2,159.484,158.722,159.103,mp-5720
NdSF,98.394,98.333,98.364,mp-5760
U2SN2,135.371,131.19,133.28,mp-5739
ZrAlNi,131.401,129.785,130.593,mp-5723
HfAlNi2,160.645,160.645,160.645,mp-5748
YAgSn,72.309,70.033,71.171,mp-5729
CeB2Rh3,206.09,205.337,205.713,mp-5757
Tb(SiIr)2,176.203,175.257,175.73,mp-5752
DyPO4,137.317,127.518,132.418,mp-5767
Cu3PSe4,62.812,62.595,62.703,mp-5756
BaTiO3,107.356,88.377,97.867,mp-2998
NaUO3,83.988,83.478,83.733,mp-5788
AlAgS2,62.762,62.62,62.691,mp-5782
CaMg2N2,102.63,100.98,101.805,mp-5795
Na2GeO3,54.862,52.961,53.912,mp-5784
AlVFe2,220.899,220.899,220.899,mp-5778
Zn(GaO2)2,168.278,168.278,168.278,mp-5794
Ce(CoP)2,143.316,138.128,140.722,mp-5820
TaAgS3,87.828,77.936,82.882,mp-5821
Pr(NiGe)2,116.167,116.12,116.144,mp-5819
ErZrSb,80.574,79.786,80.18,mp-5848
ThSiO4,167.35,157.968,162.659,mp-5836
Ho(CoSi)2,137.825,133.55,135.687,mp-5835
LiScO2,135.355,102.224,118.79,mp-5840
LiSi2N3,158.407,157.768,158.088,mp-5853
Pr(SiOs)2,147.012,145.412,146.212,mp-5852
KZnF3,71.15,71.15,71.15,mp-5878
CoSbS,118.427,118.238,118.332,mp-4962
Ba2ZrF8,50.873,45.298,48.085,mp-5900
Hf2NiP,180.105,179.954,180.029,mp-5918
Yb(SiNi)2,106.96,106.571,106.765,mp-5916
CaCuSb,56.595,47.493,52.044,mp-5910
Al2CdS4,38.54,38.468,38.504,mp-5928
Na5SiP3,30.56,29.533,30.046,mp-5929
Yb(CuSi)2,99.329,98.578,98.953,mp-5934
TlNO3,21.686,21.629,21.657,mp-5915
LiAlGe,55.853,55.853,55.853,mp-961645
NaMgAs,33.163,33.163,33.163,mp-5962
Th(CuSi)2,133.038,133.013,133.026,mp-5948
Dy(CoSi)2,122.132,118.035,120.084,mp-5976
TiCoSb,141.018,141.018,141.018,mp-5967
YBPt2,159.442,158.894,159.168,mp-5971
Nd2Zr2O7,158.964,158.964,158.964,mp-5977
Tm(CoGe)2,131.945,131.944,131.945,mp-5983
Sm2Ti2S2O5,132.337,128.636,130.487,mp-5999
K2NaScF6,41.223,41.223,41.223,mp-6058
LaCuSO,80.32,78.442,79.381,mp-6088
KRb2TiF6,34.699,34.699,34.699,mp-6074
Ba2Ti(SiO4)2,86.88,75.634,81.257,mp-6081
NdNi2B2C,185.339,184.843,185.091,mp-6102
ErNi2B2C,170.694,170.122,170.408,mp-6098
TbNi2B2C,174.764,173.67,174.217,mp-6092
CaTiSiO5,121.407,109.727,115.567,mp-6109
LiCaAlF6,66.39,66.38,66.385,mp-6134
Ba2NdSbO6,121.581,119.838,120.71,mp-6122
Na4Zr2(SiO4)3,97.911,84.713,91.312,mp-6150
Mg2Al4Si5O18,123.538,123.008,123.273,mp-6174
Ba2NdNbO6,124.765,123.882,124.323,mp-6167
Ba2Ho(CuO2)4,110.571,97.525,104.048,mp-6205
Cs2NaScF6,34.148,34.148,34.148,mp-6204
Na2TiGeO5,85.343,80.315,82.829,mp-6228
DyNi2B2C,175.15,174.292,174.721,mp-6223
LiScSiO4,109.084,109.036,109.06,mp-6224
Ba2LiReO6,84.792,84.792,84.792,mp-6270
Y2Si4CN6,171.621,162.872,167.246,mp-6353
Na2MgAlF7,64.397,63.999,64.198,mp-6319
Sr2TbIrO6,138.531,138.471,138.501,mp-6362
Na2ZnSiO4,78.443,77.243,77.843,mp-6391
ZnCu2GeS4,68.72,68.715,68.717,mp-6408
CaMg(CO3)2,93.541,84.376,88.959,mp-6459
K2Ca(CO3)2,50.6,41.922,46.261,mp-6494
Ca5P3O12F,84.778,81.23,83.004,mp-6473
Ba3MgNb2O9,127.396,127.394,127.395,mp-6474
CaMgSiO4,101.581,99.378,100.479,mp-6493
Ba2YSbO6,129.55,129.55,129.55,mp-6492
Sr2MgSi2O7,86.662,86.269,86.466,mp-6564
K2NaAlF6,45.766,45.766,45.766,mp-6586
K2Cu(PO3)4,39.937,28.508,34.223,mp-6598
Tb2Fe2Si2C,129.349,125.68,127.515,mp-6624
BaTi(SiO3)3,109.445,108.385,108.915,mp-6661
HoNi2B2C,158.98,156.928,157.954,mp-6646
LiTiPO5,102.099,92.404,97.252,mp-6668
Sr5P3O12F,75.485,75.194,75.339,mp-6669
Sr2HoRuO6,137.662,137.604,137.633,mp-6676
K2NaInF6,39.509,39.509,39.509,mp-6686
Sr3ZnIrO6,108.039,107.576,107.808,mp-6723
TmNi2B2C,156.445,152.197,154.321,mp-6754
CaMg(SiO3)2,105.949,98.078,102.013,mp-6766
CaBe2(PO4)2,86.171,83.154,84.663,mp-6772
LaB2Rh2C,185.964,185.947,185.956,mp-6794
Ba2Pr(CuO2)4,105.944,98.826,102.385,mp-6779
KBaPO4,55.849,55.07,55.459,mp-6812
KCaCO3F,51.676,51.651,51.664,mp-6867
KBe2BO3F2,69.923,29.366,49.645,mp-6870
CaGa,37.937,36.139,37.038,mp-6914
TmAgSn,74.611,72.432,73.521,mp-2990
Sm(BC)2,194.553,153.37,173.961,mp-6916
Ca(PPd)2,111.595,109.469,110.532,mp-6926
Sr(AlSi)2,59.194,58.125,58.659,mp-6931
RbCdF3,55.222,55.222,55.222,mp-6951
BaSb3,27.171,27.06,27.116,mp-6950
U2IrC2,186.052,184.618,185.335,mp-6940
SrAgAs,52.071,45.706,48.889,mp-6954
ZnRh,171.239,171.239,171.239,mp-6938
Sr(BIr)2,166.078,165.526,165.802,mp-6939
Ce(FeP)2,146.141,112.916,129.529,mp-6957
Cs2KCuF6,34.359,34.359,34.359,mp-6968
CsNaS,20.649,20.579,20.614,mp-6973
FeN,272.864,272.864,272.864,mp-1008929
ThGeS,98.766,98.608,98.687,mp-6979
ScCuS2,79.996,79.741,79.868,mp-6980
Sc(CuSi)2,125.092,124.317,124.705,mp-6969
Rb2SiAs2,18.823,16.905,17.864,mp-6960
SiO2,30.156,29.439,29.797,mp-2374583
SmB6,174.855,174.855,174.855,mp-6996
CaHgO2,74.136,59.106,66.621,mp-7041
TlPd2Se3,27.778,17.17,22.474,mp-7038
InBO3,157.086,142.734,149.91,mp-7027
HfMoP,207.065,206.89,206.978,mp-7032
CePPd,114.256,105.849,110.052,mp-7003
NaMgSb,26.991,26.972,26.982,mp-7090
RbFeSe2,17.304,14.791,16.048,mp-7086
KMgSb,23.701,23.153,23.427,mp-7089
KAuS,14.713,11.327,13.02,mp-7077
TiSi,146.341,145.297,145.819,mp-7092
Mn3PtN,179.569,179.569,179.569,mp-7070
Er2Si2O7,149.281,145.839,147.56,mp-7064
Ca(CdAs)2,49.925,48.907,49.416,mp-7067
Sr3(AlSi)2,43.693,42.599,43.146,mp-7068
Li5(NiN)3,99.083,55.172,77.127,mp-7080
ScNiGe,124.622,123.703,124.163,mp-7066
LaSi,65.905,64.189,65.047,mp-1860
Ta2C,260.495,260.434,260.465,mp-7088
CsCaF3,47.44,47.44,47.44,mp-7104
Dy(AlSi)2,78.542,78.519,78.53,mp-7121
ScRu3C,236.198,236.198,236.198,mp-7130
Al2Os,190.012,190.011,190.012,mp-7188
La3TlC,54.494,54.494,54.494,mp-7159
TbPPt,135.217,119.967,127.592,mp-7168
TiAlNi2,164.644,164.644,164.644,mp-7187
Sr3GaN3,60.507,59.849,60.178,mp-7191
TmPPt,140.454,120.082,130.268,mp-7169
NdAl3Ni2,108.289,102.906,105.597,mp-7186
Sc2Sb,72.397,71.68,72.039,mp-7192
ScSbPt,112.645,112.645,112.645,mp-7173
AlPd,149.85,149.85,149.85,mp-829
Na2ZrSe3,35.238,34.547,34.893,mp-7219
Cs2HgO2,21.925,18.265,20.095,mp-7232
V3Ni,202.988,202.988,202.988,mp-7226
PrMgGa,53.775,53.653,53.714,mp-7239
ScUS3,79.919,79.225,79.572,mp-7276
Sc2SO2,139.478,139.477,139.478,mp-7288
ZnAs2,51.504,51.404,51.454,mp-7262
LaB4,170.081,170.078,170.08,mp-7283
Ba2YNbO6,133.322,133.322,133.322,mp-7251
LiSnPd2,108.005,108.005,108.005,mp-7243
CaGaN,80.466,78.258,79.362,mp-7263
CrP4,128.951,122.568,125.759,mp-7302
Li(CuP)2,94.994,89.797,92.396,mp-7298
Cs2SnF6,18.726,18.6,18.663,mp-7297
MgCuP,91.331,91.284,91.308,mp-7352
ErCd3,57.325,56.731,57.028,mp-7303
Y3Pt,56.216,55.014,55.615,mp-7343
Ba(BRh)2,90.311,76.576,83.444,mp-7349
Dy2Se3,67.713,66.121,66.917,mp-7368
BaAgAs,46.186,43.261,44.723,mp-7359
KAgF4,23.763,22.788,23.276,mp-7387
Sr(SiAu)2,86.662,85.509,86.085,mp-7365
Ca(SiAu)2,94.079,92.1,93.089,mp-7364
KNbO3,103.65,102.994,103.322,mp-935811
TbMg3,40.267,40.267,40.267,mp-7381
Sr(CoGe)2,78.096,64.058,71.077,mp-7361
Ba3(AlSn)2,31.666,31.193,31.429,mp-7377
SrGe2,47.663,46.179,46.921,mp-7390
SmF3,114.898,109.298,112.098,mp-7384
Ba(CuO)2,58.384,54.623,56.503,mp-7374
Sr3(AlSn)2,36.823,35.685,36.254,mp-7376
Li3Tl,23.258,23.258,23.258,mp-7396
KHgAs,29.561,20.658,25.11,mp-7420
KZnAs,34.496,27.305,30.9,mp-7421
NaAlGe,39.943,38.639,39.291,mp-7400
Ca(CdSb)2,39.693,39.014,39.354,mp-7430
Ba(ZnP)2,55.546,55.169,55.357,mp-7426
Sr(ZnSb)2,42.297,41.843,42.07,mp-7431
KZnSb,28.042,20.84,24.441,mp-7438
SmAlO3,181.756,177.786,179.771,mp-7405
Sr(CdSb)2,37.839,37.283,37.561,mp-7432
BPd2,173.533,172.864,173.199,mp-7424
Ba(ZnAs)2,51.943,50.885,51.414,mp-7427
KCuTe,33.2,25.549,29.374,mp-7436
K3Cu3P2,26.381,24.666,25.523,mp-7439
NaP,29.172,28.923,29.048,mp-7440
KCuSe,39.084,32.067,35.575,mp-7435
Ca(ZnSb)2,43.833,43.255,43.544,mp-7429
KZnP,40.366,32.649,36.508,mp-7437
La2S3,70.21,68.558,69.384,mp-7475
RbErO2,82.946,80.548,81.747,mp-7477
RbHgF3,50.69,50.69,50.69,mp-7482
NaCuO,48.142,47.178,47.66,mp-7469
RbCuO,28.077,27.972,28.024,mp-7470
RbDyO2,79.22,76.88,78.05,mp-7476
LiCu2Si,105.396,105.396,105.396,mp-7473
RbLuO2,85.401,83.556,84.479,mp-7480
KHgF3,50.671,50.671,50.671,mp-7483
RbTmO2,83.542,81.521,82.532,mp-7478
CaSb2,37.175,31.257,34.216,mp-7493
ThSi2,106.005,105.175,105.59,mp-2844
Ti5Te4,68.295,67.914,68.104,mp-7498
BaSe2,30.71,29.816,30.263,mp-7547
ZrSiRu,191.407,190.986,191.197,mp-7544
Th2TeN2,82.4,76.51,79.455,mp-7523
SnP3,46.479,40.045,43.262,mp-7541
ThSb2,73.887,72.334,73.11,mp-7568
LiZnN,112.773,112.773,112.773,mp-7575
AlBMo,211.688,210.608,211.148,mp-7574
MgSO4,76.188,68.396,72.292,mp-7572
Co(BW)2,335.397,335.352,335.374,mp-7573
CoSi,226.984,226.984,226.984,mp-7577
LiMgSnPd,73.754,73.754,73.754,mp-7555
YNi4B,150.91,145.661,148.286,mp-7559
NbGaO4,163.244,162.715,162.98,mp-7601
NbAs2,126.311,124.001,125.156,mp-7598
MgAs4,43.438,43.244,43.341,mp-7623
Li2PdO2,94.594,88.3,91.447,mp-7608
GeF2,8.866,7.702,8.284,mp-7595
KTcO4,17.37,16.9,17.135,mp-7621
Li2TiF6,52.117,52.07,52.093,mp-7603
Th(FeSi)2,148.363,145.059,146.711,mp-7600
LuAsO4,140.148,132.651,136.399,mp-7644
NiMoP,238.525,238.05,238.287,mp-7632
Na2CuP,34.677,34.432,34.554,mp-7639
K2AgSb,17.346,17.181,17.264,mp-7643
Zr(SiNi)2,181.866,177.727,179.797,mp-7707
Al(CrB)2,228.493,226.127,227.31,mp-7692
K2S3,14.947,14.46,14.703,mp-7667
Li4UO5,87.147,83.752,85.449,mp-7714
Ca(AlSi)2,61.904,59.657,60.78,mp-7704
Sr(ZnAs)2,54.066,53.928,53.997,mp-7770
Sr(CdAs)2,47.099,46.492,46.795,mp-7771
Sr3SbN,45.977,45.977,45.977,mp-7752
CsCu3S2,12.66,7.66,10.16,mp-7786
MgGeN2,146.325,146.023,146.174,mp-7798
CaGeN2,126.095,95.58,110.837,mp-7801
MnNbSi,200.744,195.645,198.194,mp-7829
Ba(MgGe)2,43.342,43.121,43.231,mp-7876
BW,341.801,341.8,341.8,mp-1008487
ZrS,119.034,113.147,116.09,mp-1925
TiB,207.873,206.938,207.405,mp-7857
Sr(CuSi)2,86.736,86.395,86.566,mp-7877
Ba(MgSi)2,49.163,48.852,49.007,mp-7875
K2ReF6,26.511,25.762,26.136,mp-7824
Cs2ZrF6,19.309,18.661,18.985,mp-7903
BaCdO2,78.564,78.405,78.484,mp-7899
Rb3As,10.493,10.486,10.489,mp-7898
Sr(AgGe)2,60.186,59.347,59.767,mp-7879
K3P,13.976,13.974,13.975,mp-7897
Al2ZnTe4,28.876,28.795,28.836,mp-7908
Al2CdTe4,25.511,25.325,25.418,mp-7909
Al2ZnSe4,36.965,36.808,36.886,mp-7907
KCuO,33.445,32.944,33.195,mp-7911
BeSiN2,221.064,220.848,220.956,mp-7913
NaScO2,104.097,97.394,100.745,mp-7914
Sr(SiAg)2,72.103,71.365,71.734,mp-7880
Al2HgTe4,25.201,25.023,25.112,mp-7910
CdP4,55.68,55.167,55.424,mp-7904
Mn2AlB2,204.234,195.65,199.942,mp-7892
Al2HgS4,37.664,37.392,37.528,mp-7906
HfSiS,134.827,133.731,134.279,mp-7916
HfGeS,126.676,126.489,126.583,mp-7918
Rb2GeF6,21.357,19.972,20.664,mp-7949
Zr3(Cu2Si)2,132.56,132.195,132.377,mp-7930
K2PtS2,37.448,32.648,35.048,mp-7928
CaPdF6,24.567,18.87,21.718,mp-7922
MgPdF6,35.677,25.288,30.483,mp-7921
HfGeSe,111.125,110.937,111.031,mp-7917
SrP,44.78,44.719,44.749,mp-7931
NaTiS2,50.684,49.416,50.05,mp-7942
LiNbS2,84.052,81.457,82.755,mp-7936
USbTe,62.4,61.424,61.912,mp-7935
NaNbS2,76.765,76.012,76.388,mp-7937
NaNbSe2,61.348,60.773,61.06,mp-7939
Na3Sb,19.485,19.439,19.462,mp-7956
Li3Sb,28.723,28.531,28.627,mp-2074
K2PdF6,24.247,23.288,23.767,mp-7979
Sr3SnO,44.124,44.124,44.124,mp-7961
YbAgS2,66.971,66.668,66.819,mp-7962
RbNdO2,70.765,67.172,68.969,mp-7973
RbGdO2,77.292,75.076,76.184,mp-7976
ThSe2,78.54,77.324,77.932,mp-7951
RbSmO2,74.407,71.196,72.801,mp-7974
Cs2O,8.652,4.399,6.526,mp-7988
KErO2,85.432,81.729,83.58,mp-7959
CsSmO2,73.018,70.71,71.864,mp-7977
V2PC,227.857,226.666,227.261,mp-8044
RbRuF6,14.977,6.982,10.98,mp-8014
KRuF6,17.089,6.016,11.553,mp-8013
AlCuTe2,49.907,49.903,49.905,mp-8017
NdNi4B,142.75,137.646,140.198,mp-8048
AlCuSe2,63.575,63.573,63.574,mp-8016
LiAlO2,147.95,137.452,142.701,mp-3427
AsPd2,133.549,115.028,124.288,mp-8073
Ba2Cd,14.897,14.757,14.827,mp-8093
Ba2Hg,16.254,15.953,16.104,mp-8094
LuCuSi,105.404,95.581,100.492,mp-8125
ErCuSi,101.576,94.042,97.809,mp-8122
YCuSi,95.974,90.179,93.076,mp-8126
Li(TiSe2)3,31.824,14.4,23.112,mp-8132
Ba(CdSb)2,36.134,35.852,35.993,mp-8150
TmCuSi,102.772,94.02,98.396,mp-8123
ThSO,136.466,135.3,135.883,mp-8136
KScO2,96.628,95.026,95.827,mp-8188
Li2CeN2,111.836,109.154,110.495,mp-8181
LiNO3,41.125,38.415,39.77,mp-8180
HgF2,86.276,86.276,86.276,mp-8177
KTlO2,72.356,71.123,71.739,mp-8175
CaPdF4,76.08,74.523,75.302,mp-8161
K2ZnO2,42.369,41.92,42.145,mp-8187
RbTlO2,69.545,69.08,69.312,mp-8176
As3Rh,115.538,115.538,115.538,mp-8182
Cs2PtF6,18.235,16.422,17.328,mp-8191
Cd(PtO2)3,193.864,190.948,192.406,mp-8212
Mg(PtO2)3,187.876,187.612,187.744,mp-8208
Zn(PtO2)3,193.923,193.421,193.672,mp-8207
LiAlB14,195.568,192.957,194.262,mp-8204
Zr(CuP)2,127.532,127.277,127.405,mp-8219
Ba(PPd)2,63.019,59.969,61.494,mp-8236
GaGeTe,23.171,7.284,15.227,mp-8211
LaYbS3,56.344,53.552,54.948,mp-8215
TlPS3,11.573,9.933,10.753,mp-8249
ZrAsRu,186.503,186.487,186.495,mp-8221
La(NiP)2,128.782,121.1,124.941,mp-8250
Na5ReO6,56.523,56.068,56.295,mp-8253
Ba(MgP)2,51.081,51.059,51.07,mp-8278
KPS3,10.617,9.892,10.254,mp-8267
Ba(CdAs)2,44.556,44.446,44.501,mp-8281
CaPtF6,23.242,15.855,19.548,mp-8255
ZnPtF6,37.653,30.053,33.853,mp-8256
Sr(CdP)2,54.265,53.615,53.94,mp-8277
Ba(CdP)2,50.735,50.679,50.707,mp-8279
Ti2N,204.071,203.696,203.884,mp-7790
Sr(ZnP)2,63.538,63.454,63.496,mp-8276
Ba(MgAs)2,45.091,45.087,45.089,mp-8280
BaSnF6,36.558,34.808,35.683,mp-8290
SnF3,50.256,50.256,50.256,mp-8289
CaNi4B,133.749,131.707,132.728,mp-8307
Li(NiP)2,115.301,106.973,111.137,mp-8310
BaTiF6,49.117,49.035,49.076,mp-8291
Ba4As2O,38.955,38.882,38.918,mp-8300
Ba2ZrO4,105.859,105.799,105.829,mp-8335
Ca3Ni7B2,103.131,102.061,102.596,mp-8308
Sr4As2O,46.781,46.701,46.741,mp-8299
Ba3FeN3,35.477,26.982,31.23,mp-8306
Sr4P2O,50.252,50.22,50.236,mp-8298
Si3NiP4,104.557,104.278,104.417,mp-8311
TeO2,21.208,20.957,21.082,mp-557
Th(SiTc)2,151.248,151.244,151.246,mp-8375
TlSbF6,15.275,15.143,15.209,mp-8348
Na6ZnS4,31.31,31.149,31.23,mp-8389
Li3LaP2,56.822,56.811,56.817,mp-8407
CsCdF3,53.871,53.871,53.871,mp-8399
ZrCoP,199.479,199.137,199.308,mp-8418
KYO2,80.268,76.901,78.584,mp-8409
K2CuP,22.017,21.756,21.887,mp-8446
NaLiS,35.566,35.493,35.529,mp-8452
K2Se,15.851,15.851,15.851,mp-8426
Ca5(AlSb3)2,39.382,38.99,39.186,mp-8439
Ca(BRh)2,151.774,151.23,151.502,mp-8431
NaPrO2,94.428,74.157,84.293,mp-8470
BaAsPt,68.239,68.239,68.239,mp-8458
Ta2PdSe6,31.766,3.123,17.445,mp-8436
SrAsPt,78.087,66.646,72.367,mp-8456
CaCuP,76.728,69.783,73.255,mp-8432
Ta2PdS6,37.05,1.577999999999999,19.314,mp-8435
CdSO4,65.235,59.417,62.326,mp-8459
CaSbPt,84.125,79.213,81.669,mp-8487
LiPrGe,53.453,52.592,53.023,mp-8481
Tm(SiRh)2,157.705,157.69,157.698,mp-8528
SrSnP,41.518,41.501,41.51,mp-8539
Ho2Cr2C3,161.516,159.789,160.653,mp-8499
S(OF)2,3.696,3.675,3.686,mp-8537
Na3AlAs2,25.012,21.661,23.337,mp-8543
ErSi2Rh3,172.797,170.261,171.529,mp-8535
BaPaO3,109.369,109.369,109.369,mp-8557
Ag,88.449,88.448,88.449,mp-124
Eu(PRh)2,133.042,133.042,133.042,mp-8582
Te4Mo3,32.707,32.659,32.683,mp-8601
Ba(PRh)2,83.611,78.514,81.062,mp-8583
SrSbPt,69.263,47.81,58.536,mp-8605
K2Te2Pt,24.033,20.978,22.506,mp-8623
NbBO4,256.872,241.832,249.352,mp-8615
BaSbPt,61.48,53.185,57.332,mp-8606
K(Cu2As)2,56.749,46.776,51.763,mp-8608
SbIrS,140.919,140.919,140.919,mp-8630
LuAlB4,186.239,178.202,182.221,mp-8631
Te4Pt3,57.11,37.927,47.518,mp-8628
K2PtSe2,30.112,26.201,28.157,mp-8621
K2Sn2O3,23.501,23.501,23.501,mp-7502
Tl(CuS)2,30.013,26.448,28.231,mp-8676
TiFeSi,189.327,186.343,187.835,mp-8648
Ca3CrN3,85.755,85.553,85.654,mp-8670
PrSiRu,85.53,70.143,77.836,mp-8654
CsAgO,21.371,21.37,21.37,mp-8666
ScBO3,165.662,151.914,158.788,mp-8697
Na3SbSe4,19.392,19.392,19.392,mp-8703
K2Au3,36.094,30.272,33.183,mp-8700
Na4CdP2,23.814,23.358,23.586,mp-8752
NaLiTe,24.915,24.748,24.832,mp-8754
K4HgP2,16.124,15.891,16.008,mp-8753
KLiSe,24.746,24.525,24.635,mp-8756
K2TeO3,23.976,22.651,23.313,mp-8724
Ta2Se,72.066,13.146,42.606,mp-8732
DyCoSi2,129.868,125.134,127.501,mp-8742
NdCoC2,163.091,158.974,161.032,mp-8761
Ca4As2O,56.962,56.872,56.917,mp-8789
ScB12,218.18,218.18,218.18,mp-8772
Ba2CuO3,78.603,75.622,77.113,mp-8790
Zr2NiAs2,141.9,134.653,138.277,mp-8786
Lu2(NiB2)3,202.924,202.302,202.613,mp-8771
SrSiPd,68.756,68.756,68.756,mp-8843
Ca2ZnN2,83.723,79.797,81.76,mp-8818
RbNaS,22.388,22.388,22.388,mp-8799
NaRhO2,115.32,104.617,109.969,mp-8830
Li6MoN4,83.829,83.015,83.422,mp-8804
CaSiPd,67.466,63.854,65.66,mp-8842
CsNa2BO3,47.292,46.74,47.016,mp-8871
Rb2MgF4,39.716,39.079,39.398,mp-8861
Li(Co3P2)2,202.79,202.157,202.474,mp-8864
K2Zr(BO3)2,79.659,50.197,64.928,mp-8891
Cd(SbO3)2,118.892,97.092,107.992,mp-8922
PtF4,45.583,33.887,39.735,mp-8943
Cs2SiP2,17.959,12.616,15.288,mp-8932
CrSi2,190.105,189.833,189.969,mp-1222
Rb2HgF4,32.933,32.092,32.512,mp-8962
NaSi2N3,187.506,185.837,186.672,mp-8973
Cs2HgF4,28.58,27.957,28.269,mp-8963
Cs2NbF6,22.781,22.447,22.614,mp-8995
Rb2NbF6,22.654,20.636,21.645,mp-8994
Mg2Ni3P,126.68,124.884,125.782,mp-8969
Ho2CF2,111.664,100.242,105.953,mp-9006
RbAuS,12.853,12.107,12.48,mp-9010
NaLuS2,49.424,46.766,48.095,mp-9035
ScSiAu,117.025,109.341,113.183,mp-9023
YSiAu,103.698,81.667,92.683,mp-9025
Ca3VN3,87.143,86.981,87.062,mp-9029
NaTmS2,48.949,46.123,47.536,mp-9076
RbSe,13.45,12.256,12.853,mp-9063
K2NaAlP2,25.353,24.508,24.93,mp-9068
CdCuF4,85.82,83.854,84.837,mp-9075
LiCuO2,91.721,70.499,81.11,mp-773044
Ca(SbO3)2,109.593,86.813,98.203,mp-9125
Ba(SbO3)2,94.818,81.0,87.909,mp-9127
ThSiAu,123.423,116.292,119.857,mp-9164
LiZnAs,53.606,53.606,53.606,mp-9124
MgCN2,107.426,86.077,96.751,mp-9166
K3AuO,18.66,18.66,18.66,mp-9200
Li4TiO4,80.311,79.563,79.937,mp-9172
Y2Al3Si2,86.323,85.877,86.1,mp-9177
Tm2Fe2Si2C,139.824,138.719,139.272,mp-9211
Fe(SiP)4,113.001,112.832,112.916,mp-9198
V2B3,280.702,277.547,279.124,mp-9208
Ba(CuAs)2,64.894,52.257,58.575,mp-9247
ScSiPt,152.037,146.255,149.146,mp-9225
ScGeRu,148.929,145.15,147.039,mp-9223
LiBC,181.624,124.644,153.134,mp-9244
TlTe3Pt2,30.728,15.423,23.076,mp-9251
Al2Te5,9.38,2.111,5.745,mp-9254
PrNiC2,149.817,132.454,141.136,mp-9312
TlPt2S3,36.445,18.157,27.301,mp-9272
NaTeAu,40.757,21.735,31.246,mp-9264
TaCu3Te4,34.708,34.708,34.708,mp-9295
Ba2ZnN2,55.082,52.38,53.731,mp-9307
ZrSnTe,81.946,81.945,81.945,mp-9289
Sr2ZnN2,68.919,66.269,67.594,mp-9306
Rb3Sb2Au3,16.437,14.544,15.491,mp-9274
Ba3MnN3,38.408,26.964,32.686,mp-9324
Ba2HfS4,56.813,56.759,56.786,mp-9321
Sr3MnN3,55.641,47.598,51.62,mp-9325
KZrCuSe3,33.684,27.272,30.478,mp-9318
NbP,188.735,183.158,185.947,mp-9339
LuGeAu,97.372,92.948,95.16,mp-9351
ScGeAu,102.388,98.085,100.236,mp-961697
Sr(SnAs)2,42.132,38.893,40.513,mp-9379
CsAu3Se2,7.835,7.378,7.606,mp-9386
HoCuGe,93.949,85.753,89.851,mp-9389
TaNi2Te3,30.956,12.086,21.521,mp-9391
ErF3,90.418,53.773,72.095,mp-9371
Zr6FeTe2,114.84,114.699,114.77,mp-9381
RbAu3Se2,9.644,9.439,9.541,mp-9385
TbCuGe,92.524,79.48,86.002,mp-9387
SmTe3,34.203,9.908,22.055,mp-9399
Ba(NiP)2,76.778,76.209,76.493,mp-9473
NbFeSb,164.016,164.016,164.016,mp-9437
Zn3N2,131.064,131.064,131.064,mp-1524551
LiAg2Ge,64.676,64.676,64.676,mp-9472
TcS2,50.444,2.354,26.399,mp-9481
ZrGeSb,98.513,98.301,98.407,mp-9463
K2AlF5,29.55,25.293,27.421,mp-9486
SrTiN2,123.484,119.874,121.679,mp-9517
BaDyCuTe3,36.832,36.058,36.445,mp-9503
NdMnSi2,107.07,106.585,106.828,mp-9527
Ca(MgAs)2,50.357,49.706,50.032,mp-9564
Ba(MgSb)2,36.233,36.2,36.216,mp-9567
Rb(ThSe3)2,39.509,33.176,36.343,mp-9523
SrZnSi,51.327,48.287,49.807,mp-9556
LiBeAs,55.04,53.632,54.336,mp-9562
Sr(MgSb)2,38.098,37.839,37.968,mp-9566
Ca(ZnP)2,66.631,65.792,66.211,mp-9569
GeAs,31.167,8.926,20.046,mp-7591
ScMnSi,118.316,116.725,117.52,mp-9550
Li3Ga2,38.601,38.28,38.44,mp-9568
ScFeGe,101.066,96.242,98.654,mp-9549
Ca(MgSb)2,40.056,39.508,39.782,mp-9565
Ba3(AlSi)2,35.191,34.903,35.047,mp-9578
NaBeAs,51.022,38.04,44.531,mp-9573
NbSnS2,68.64,68.64,68.64,mp-9586
LiP,41.674,41.055,41.365,mp-9588
Li2CN2,54.382,43.947,49.164,mp-9610
Yb(ZnP)2,70.912,69.826,70.369,mp-9582
Ca(CdP)2,57.676,56.371,57.023,mp-9570
NbInO4,161.836,160.447,161.141,mp-9595
Ca(ZnAs)2,57.535,56.939,57.237,mp-9571
K2ZnF4,45.261,45.075,45.168,mp-9583
K3BP2,18.885,18.145,18.515,mp-9664
LiTiS2,65.724,64.791,65.258,mp-1001784
AlAgO2,156.055,151.961,154.008,mp-9631
CsSbF6,11.768,10.6,11.184,mp-9636
Rb3BAs2,15.236,14.879,15.057,mp-9718
Ca(AlGa)2,59.201,58.376,58.788,mp-9690
Ba2Si5N8,159.331,159.321,159.326,mp-9711
K2NiP2,21.872,19.885,20.879,mp-9672
K2PAu,23.14,19.997,21.569,mp-9687
Na2LiAlP2,40.273,40.181,40.227,mp-9719
BaAsPd,60.487,57.496,58.991,mp-9744
SrAsPd,68.537,60.833,64.685,mp-9743
RbAuSe,10.783,10.223,10.503,mp-9731
YbAgGe,60.408,60.387,60.397,mp-9776
K2AgP,22.347,21.938,22.143,mp-9778
ZnCO3,119.804,108.091,113.947,mp-9812
HfCoAs,177.58,177.185,177.383,mp-9801
RbAsF6,15.197,15.164,15.18,mp-9819
Rb3NbO8,29.193,26.596,27.894,mp-9808
RbHg2,10.88,10.614,10.747,mp-9827
YbPPt,108.176,81.219,94.698,mp-9828
RbCaAs,21.982,21.89,21.936,mp-9845
BaAl2B2O7,90.186,85.926,88.056,mp-9844
Sr3(AlP2)2,51.813,50.658,51.236,mp-9843
DyP5,68.876,63.776,66.326,mp-9850
K4BeP2,18.523,18.193,18.358,mp-9872
Ir3Se8,83.13,83.12,83.125,mp-9888
YB2C,183.501,171.438,177.47,mp-9880
EuZnGe,55.917,48.972,52.444,mp-1009504
BaCuAs,51.347,50.892,51.12,mp-9898
Sc2CoSi2,120.347,119.944,120.146,mp-9902
KAuSe,13.99,12.91,13.45,mp-9881
SrAs3,38.218,37.43,37.824,mp-9907
ZrS3,29.133,8.136,18.634,mp-9921
BaMgSi,35.496,34.649,35.072,mp-9934
Ca2Sb,35.462,34.466,34.964,mp-9925
SrRhF6,56.857,56.049,56.453,mp-9926
Hf2Si,141.741,141.723,141.732,mp-9938
LiGe,40.029,39.956,39.993,mp-9918
ZrCuSiAs,122.802,119.529,121.166,mp-9929
Hf2Ge,133.025,133.003,133.014,mp-9939
LiZnSb,46.416,46.087,46.251,mp-9919
HfS3,29.955,3.434,16.695,mp-9922
VP2,156.198,153.437,154.817,mp-9923
MgRhF6,27.996,16.3,22.148,mp-9927
CoTe2,77.175,70.942,74.058,mp-9945
V2GeC,179.788,179.738,179.763,mp-9957
HfAs,127.713,126.524,127.118,mp-9954
Ti2CdC,114.369,111.074,112.721,mp-9961
YGe,78.288,77.993,78.14,mp-9971
ScSi,101.275,100.988,101.131,mp-9969
ScGe,89.435,89.434,89.435,mp-9970
YSi,89.208,89.198,89.203,mp-9972
Nb2PC,224.165,221.141,222.653,mp-9987
HfP,147.776,146.475,147.126,mp-9953
MnNbGe,183.602,180.904,182.253,mp-9951
Y3TlC,77.491,77.491,77.491,mp-9960
NdSi,79.01,78.973,78.992,mp-9967
PrSi,76.524,76.51,76.517,mp-9968
Mn2N,198.265,197.737,198.001,mp-9981
AlCr2C,188.506,188.475,188.491,mp-9956
VB,269.319,268.663,268.991,mp-9973
Ti2GeC,154.74,154.517,154.628,mp-9958
CsAuO,22.044,22.043,22.044,mp-9986
Hf2S,135.193,132.421,133.807,mp-10000
Ni(BMo)2,310.158,305.957,308.058,mp-9999
ScTe,64.27,60.958,62.614,mp-10026
Nb2AsC,205.043,203.055,204.049,mp-9989
TaS2,51.974,3.119,27.546,mp-1690
Ce3AlC,64.659,64.659,64.659,mp-10036
V2AsC,200.611,200.142,200.377,mp-10046
VCoB3,298.394,294.593,296.493,mp-10057
UFe3B2,256.348,256.083,256.215,mp-10065
YbCo3B2,188.742,188.497,188.619,mp-10058
MnAsRu,165.911,163.84,164.876,mp-10049
CdSnSb2,36.646,36.646,36.646,mp-10063
Hf3(NiGe)4,157.778,157.754,157.766,mp-10076
ThB2Ir3,257.134,253.653,255.394,mp-10115
YSF,104.351,104.32,104.335,mp-10086
ScBIr3,242.814,242.814,242.814,mp-10113
Sc3SnB,83.179,83.179,83.179,mp-10139
Ta3B4,294.264,293.959,294.112,mp-10142
UB2Os3,295.462,295.423,295.443,mp-10132
Sc3BPb,79.042,79.042,79.042,mp-10133
P2Ir,194.405,192.039,193.222,mp-10155
Ti2ReB2,252.632,250.533,251.582,mp-10136
LuP,86.563,86.563,86.563,mp-10192
LiZnP,63.12,63.12,63.12,mp-961698
Na3SbS4,21.399,21.399,21.399,mp-10167
Na,7.796,7.758,7.777,mp-974558
LuSbPt,104.751,104.751,104.751,mp-10194
PuSi2,101.649,87.591,94.62,mp-10186
LiSiNi2,149.838,149.838,149.838,mp-10181
MgSbPd,79.924,79.924,79.924,mp-10183
Li2SbPd,68.437,68.437,68.437,mp-10180
MgSbPt,88.916,88.916,88.916,mp-10184
ZrBeSi,139.451,137.714,138.583,mp-10200
ScNiP,147.474,147.269,147.371,mp-961675
NiMoP2,163.854,161.609,162.731,mp-10208
Y2GeRh3,137.401,136.043,136.722,mp-10214
Nb3B4,274.853,274.506,274.679,mp-10255
Zr3(CuSi)4,148.207,147.857,148.032,mp-10244
YSi3Ni,123.077,117.055,120.066,mp-10284
Ca(BC)2,165.444,105.171,135.308,mp-10289
NiTe,36.994,32.731,34.863,mp-203
ZrMoP,197.473,197.27,197.372,mp-10300
ZrVGe,144.172,144.054,144.113,mp-10311
Zn(ReO4)2,36.12,16.26,26.19,mp-10326
BaHfN2,107.326,101.714,104.52,mp-10322
Sc2BC2,138.489,136.977,137.733,mp-10343
Nb2Co3Si,225.676,225.565,225.621,mp-10366
Hf3(Cu2Ge)2,137.165,137.005,137.085,mp-10379
Yb(AlSi)2,64.159,61.733,62.946,mp-10405
K2CN2,31.861,30.823,31.342,mp-10408
TiTl2F6,26.263,25.08,25.672,mp-10402
Ta2O5,134.325,119.048,126.687,mp-1539317
HoNi4B,154.612,145.81,150.211,mp-10398
Sc6NiTe2,72.865,70.058,71.461,mp-10446
KSbO2,30.539,16.526,23.533,mp-10417
Y(AlSi)2,77.155,77.018,77.086,mp-10435
NbSiPt,215.374,214.831,215.103,mp-10469
Lu(SiRu)2,161.032,160.306,160.669,mp-10453
NbSiRh,221.307,220.864,221.086,mp-10470
HfSiPd,169.537,169.027,169.282,mp-10457
BaLiSb,30.362,29.691,30.026,mp-10485
NaPF6,23.499,23.499,23.499,mp-10474
HfSiPt,192.9,192.09,192.495,mp-10456
SrC2,50.427,49.051,49.739,mp-1008776
Rb2SiF6,17.072,17.072,17.072,mp-10492
Y2AlSi2,87.067,82.783,84.925,mp-10527
Ho2AlSi2,90.415,86.113,88.264,mp-10528
Y(AlGe)2,70.379,70.274,70.326,mp-10521
Ba2LiOsO6,82.233,82.233,82.233,mp-10584
SrN2,72.166,65.087,68.626,mp-10564
SrMg2N2,93.812,93.799,93.805,mp-10550
Y3SnC,81.995,81.995,81.995,mp-10608
La3PbC,60.77,60.77,60.77,mp-10611
PrAs,70.29,70.29,70.29,mp-10622
ZrSb,95.137,93.411,94.274,mp-10638
BaLiAs,34.1,34.066,34.083,mp-10616
SrSb2,31.007,28.095,29.551,mp-10636
Y3GaC,78.798,78.798,78.798,mp-10601
Sm3TlC,66.659,66.659,66.659,mp-10606
ThSbRh,112.537,112.537,112.537,mp-10623
CaPAu,74.312,64.851,69.582,mp-10677
YbSi,56.052,55.585,55.819,mp-10651
Sc2AlSi2,101.462,101.247,101.354,mp-10676
Ca3(AlGe)2,46.904,44.792,45.848,mp-10670
Ba3(AlGe)2,33.245,32.982,33.114,mp-10669
SrAgP,58.428,53.007,55.717,mp-10667
Sr3(AlGe)2,40.796,39.854,40.325,mp-10671
Mg2Cu3Si,96.233,96.211,96.222,mp-10746
CeO,148.033,148.033,148.033,mp-10688
Ti2C,121.304,121.304,121.304,mp-10721
TiPRu,220.469,218.931,219.7,mp-10739
VSi2,176.29,174.574,175.432,mp-10711
Ba3N,13.173,11.914,12.544,mp-10736
LuRh3C,205.343,205.343,205.343,mp-10699
Ba(GeRh)2,73.563,58.354,65.958,mp-10698
TmRh3C,203.932,203.932,203.932,mp-10714
YbRh3C,186.655,186.655,186.655,mp-10716
ScRh3C,213.993,213.993,213.993,mp-10712
MgNi3C,168.29,168.29,168.29,mp-10700
Sr(GeRh)2,86.584,74.121,80.352,mp-10697
TaCu3S4,32.41,32.41,32.41,mp-10748
SmPPt,129.293,116.663,122.978,mp-10738
RbPrSe2,31.603,31.139,31.371,mp-10778
SrCuSb,50.32,45.65,47.985,mp-10749
RbTbSe2,34.32,33.979,34.15,mp-10782
RbErSe2,37.239,36.822,37.031,mp-10784
RbLuSe2,36.383,36.099,36.241,mp-10785
TiFeSb,119.461,119.461,119.461,mp-10755
CaSiNi2,84.241,73.688,78.964,mp-10797
NiSbSe,79.428,79.428,79.428,mp-10847
Pr(BC)2,184.995,149.595,167.295,mp-10853
AsPdS,100.205,100.205,100.205,mp-10848
AsPdSe,95.795,95.795,95.795,mp-10849
Tb(BC)2,200.496,155.019,177.757,mp-10854
Ca(Al2Cu)4,81.199,81.174,81.186,mp-10877
Tm(BC)2,209.185,158.298,183.742,mp-10857
Ca3Al7Cu2,70.995,70.418,70.706,mp-10876
AlFeCo2,187.706,187.706,187.706,mp-10884
Er(BC)2,207.166,158.283,182.725,mp-10856
HfAlCu2,134.159,134.159,134.159,mp-10887
Sc2Al3Ru,112.19,111.576,111.883,mp-10911
AlRe2,246.279,243.108,244.694,mp-10909
Mn2AlV,185.386,185.386,185.386,mp-10895
ScAlNi2,129.687,129.687,129.687,mp-10898
MnAlRh2,185.161,185.161,185.161,mp-10894
Al3Pd2,128.271,127.512,127.891,mp-10901
Rb2PtC2,48.085,24.332,36.208,mp-10919
AlPt,179.259,179.259,179.259,mp-10904
Al3Pt2,150.494,150.041,150.267,mp-10905
Al2Ru,167.365,165.937,166.651,mp-1009834
Mg(Co3P2)2,203.746,203.67,203.708,mp-10924
TbSF,105.685,105.617,105.651,mp-10930
DyAgSb2,69.271,66.07,67.671,mp-10965
CdCN2,91.344,75.729,83.537,mp-10969
Cu2HgGeS4,64.58,64.579,64.58,mp-10952
CdCu2GeSe4,50.677,50.511,50.594,mp-10967
HoSF,110.268,110.225,110.246,mp-10931
Sn(HgSe2)2,24.119,23.677,23.898,mp-10955
Tb2Ti2S2O5,137.18,135.185,136.183,mp-10960
Sc2CdS4,69.767,69.767,69.767,mp-10953
YCuAs2,97.774,95.104,96.439,mp-10991
ScAgO2,126.002,119.284,122.643,mp-973185
ZnP2,68.456,68.431,68.444,mp-11025
Y(Al2Cu)4,104.632,104.436,104.534,mp-11029
GaCuO2,156.742,140.068,148.405,mp-4280
Ti3In3Rh2,123.851,122.728,123.289,mp-11073
Ac2O3,106.531,96.061,101.296,mp-11107
HoInRh,99.331,98.019,98.675,mp-11104
NdMgPt,77.836,77.726,77.781,mp-11091
Na5CuSO2,36.397,34.488,35.442,mp-11147
KPrTe4,26.478,23.386,24.932,mp-11132
Ba(PIr)2,104.499,89.037,96.768,mp-11169
NdMgGa,54.908,54.854,54.881,mp-11155
LiZnPS4,31.545,31.094,31.32,mp-11175
Ca3(SiIr)4,131.909,131.909,131.909,mp-11176
SmMgGa,57.22,57.171,57.196,mp-11157
SrCeN2,115.326,113.966,114.646,mp-11178
TaSi2,185.95,183.407,184.679,mp-517
Sc2Al,70.61,70.131,70.371,mp-11220
NdMgNi4,123.285,122.407,122.846,mp-11194
Sc6FeSb2,71.475,70.615,71.045,mp-11201
VAuS2,112.771,96.063,104.417,mp-11193
ScAu,103.841,103.841,103.841,mp-11256
Li3Au,33.973,33.973,33.973,mp-11247
ScAg,80.1,80.1,80.1,mp-11237
LuAu,96.113,96.113,96.113,mp-11249
MnAu2,122.078,120.78,121.429,mp-11252
MgZnAg2,75.529,75.529,75.529,mp-11236
YAl,63.776,43.066,53.421,mp-11228
LiAu3,98.057,98.057,98.057,mp-975909
Zr3Au,117.118,117.118,117.118,mp-11263
ZrAg,105.291,105.274,105.282,mp-11239
BaCd2,26.761,26.293,26.527,mp-11266
Y2Al,55.207,54.465,54.836,mp-11230
ErAu,86.918,83.583,85.251,mp-11243
Be3Nb,154.248,153.134,153.691,mp-11273
Ca3Hg2,30.443,30.437,30.44,mp-11288
BaHg2,25.563,20.954,23.258,mp-11267
Be2Re,241.546,241.533,241.539,mp-11275
Be2Nb3,166.735,166.711,166.723,mp-11272
Ta2Be,185.96,185.779,185.869,mp-11278
Be2V,158.045,158.011,158.028,mp-11281
BeRh,207.982,207.982,207.982,mp-11276
Be2W,217.897,217.896,217.897,mp-11282
HoCd3,57.201,56.331,56.766,mp-11302
ScBe5,108.702,108.551,108.626,mp-11277
ZrBe5,126.4,126.38,126.39,mp-11283
CaHg,36.327,36.327,36.327,mp-11286
Ca3(GaNi)4,70.012,49.084,59.548,mp-11285
ZrCdCu2,113.193,113.193,113.193,mp-11293
DyCd2,58.569,55.568,57.069,mp-11294
CaHg2,41.01,35.73,38.37,mp-11287
HoCd2,58.076,56.078,57.077,mp-11301
MgCd,42.727,42.62,42.673,mp-978274
CaSn3,44.225,44.225,44.225,mp-11290
BaSn3Pd,55.013,54.998,55.006,mp-11269
CaGa2,47.973,44.899,46.436,mp-992
ZrZnCu2,121.262,121.262,121.262,mp-11366
ZrCd3,78.411,78.411,78.411,mp-11313
Rb2Se,13.717,13.717,13.717,mp-11327
CaAl9Co2,87.106,87.053,87.08,mp-11350
CeAlNi,91.777,82.721,87.249,mp-11351
ScGaCu2,107.905,107.905,107.905,mp-11360
TbCu5,110.068,109.206,109.637,mp-11363
Ga2Cu,72.41,69.204,70.807,mp-11359
ZrSi,142.644,142.065,142.355,mp-893
TbF3,114.652,89.272,101.962,mp-11347
ZrP,135.947,134.721,135.334,mp-930
P2W,189.69,186.721,188.205,mp-11328
TaCo3,242.198,242.198,242.198,mp-11358
MgCuSn,78.29,78.29,78.29,mp-11361
DyTl,53.012,53.012,53.012,mp-11374
ScGa,77.067,76.233,76.65,mp-11411
TmGa2Pd,101.056,99.818,100.437,mp-11392
HfGa3,100.769,100.447,100.608,mp-11387
Ga3Ni2,118.612,117.954,118.283,mp-11397
ScGa2Ni,102.103,100.998,101.551,mp-11401
Nb3Ga2,168.026,167.786,167.906,mp-11393
TaGa3,125.97,125.682,125.826,mp-11416
GaIr,215.702,215.702,215.702,mp-11388
ScGa2,80.762,79.054,79.908,mp-11413
ScGaNi2,128.473,128.473,128.473,mp-11400
EuHg,41.48,41.48,41.48,mp-11375
HfOs,225.228,225.228,225.228,mp-11452
Er(VGa2)2,115.114,114.928,115.021,mp-11436
HfPd3,178.958,178.957,178.957,mp-1007656
NaHg2,19.877,17.66,18.769,mp-11466
Mg5Hg3,43.472,42.21,42.841,mp-11465
Hf2Pd,136.902,135.286,136.094,mp-11454
Hf2Ga3,116.714,116.546,116.63,mp-11441
PrHg,54.378,54.378,54.378,mp-11469
Ca3Al7Ag2,62.568,61.749,62.159,mp-11430
CaGa3Ni2,93.757,87.933,90.845,mp-11431
HfPt3,230.021,230.016,230.018,mp-1018054
ScHg,76.842,76.842,76.842,mp-11471
NdHg,55.951,55.951,55.951,mp-11467
HfTc,188.407,188.407,188.407,mp-11460
YGa2Ni,93.585,88.775,91.18,mp-11444
NdHg2,59.666,51.376,55.521,mp-11468
Y2(Al3Co)3,108.26,105.536,106.898,mp-11486
LaTl,46.826,46.826,46.826,mp-11488
NbPt2,242.515,241.333,241.924,mp-11514
MoIr,309.859,309.277,309.568,mp-11481
MoP4,137.289,133.596,135.442,mp-11508
MnZn3,80.961,80.961,80.961,mp-11504
HoIr,137.797,137.797,137.797,mp-11476
Ni3Mo,214.559,214.328,214.444,mp-11506
MoIr3,337.214,336.792,337.003,mp-11482
MgTl,33.764,33.764,33.764,mp-11498
LaAlGe,71.825,69.067,70.446,mp-11511
MnNi,149.566,148.944,149.255,mp-11500
LiAl2Ir,135.916,135.916,135.916,mp-11512
LuZn,67.899,67.899,67.899,mp-11496
YNiSb,88.707,88.707,88.707,mp-11520
Np,168.42,165.495,166.958,mp-11534
Ni3Sn,166.201,166.201,166.201,mp-11522
ScNi,106.024,106.024,106.024,mp-11521
NbAlRu2,230.476,230.476,230.476,mp-11537
VPd2,192.611,191.955,192.283,mp-11549
TbRh,109.058,109.058,109.058,mp-11561
ZrZnNi4,162.623,162.623,162.623,mp-11533
TmNi5,155.554,154.951,155.253,mp-11526
YTlPd,83.103,80.863,81.983,mp-11547
Sc2Pt,92.335,88.884,90.609,mp-11550
VNi2,230.451,228.562,229.507,mp-11531
ScRe2,226.168,226.145,226.157,mp-11557
NpRh3,215.446,215.446,215.446,mp-11536
TiSiRu,203.69,202.572,203.131,mp-11560
SmAl3Pd2,111.918,110.556,111.237,mp-11539
ZrOs,208.008,208.008,208.008,mp-11541
TiCrP,206.912,205.482,206.197,mp-11580
ScZn12,81.462,80.825,81.144,mp-11567
TaTc,257.672,257.672,257.672,mp-11572
TiTc,204.076,204.076,204.076,mp-11573
Lu8Te,49.89,49.865,49.878,mp-11584
PrBPt3,167.59,167.523,167.556,mp-11596
VZn3,117.948,117.948,117.948,mp-11578
TmRh,118.772,118.772,118.772,mp-11564
Zr2SN2,160.585,159.122,159.854,mp-11583
ScZn,75.344,75.344,75.344,mp-11566
NdBPt3,170.951,170.907,170.929,mp-11597
LiGaSe2,34.729,34.612,34.67,mp-11582
PrB2Ir3,236.747,226.199,231.473,mp-11594
CeB2Ir3,245.701,241.862,243.781,mp-11593
YbTl,32.524,32.524,32.524,mp-11576
ZnNiSb,96.917,96.917,96.917,mp-11621
Nd2(Zn2Ge)3,75.909,75.85,75.88,mp-11667
NbTe2,35.126,20.929,28.028,mp-1018150
TePt,54.32,39.425,46.872,mp-11693
Cs2Pd3Se4,18.535,11.527,15.031,mp-11694
BaCuSb,44.385,43.101,43.743,mp-11700
VTe2,31.377,18.896,25.137,mp-11687
Rb2Pd3S4,22.893,14.546,18.72,mp-11695
TaSb2,102.316,100.422,101.369,mp-11697
As3W2,136.43,133.509,134.969,mp-11696
Na3PS3O,25.817,25.754,25.786,mp-11738
Li4SiO4,79.133,78.846,78.989,mp-11737
RbF,25.133,25.133,25.133,mp-11718
Dy2Fe2Si2C,130.904,127.611,129.258,mp-11705
Ti6Si2B,149.981,149.313,149.647,mp-11750
K4ZnP2,17.235,16.9,17.068,mp-11719
Lu3InN,95.187,95.187,95.187,mp-11733
Lu7(NiTe)2,67.572,66.245,66.909,mp-11752
RbUO3,132.148,132.148,132.148,mp-11775
Lu6Sb2Mo,65.155,64.369,64.762,mp-11755
LaCuSe2,57.565,55.642,56.604,mp-11790
Ti5Se4,84.428,84.424,84.426,mp-11765
SmCuSe2,64.13,61.833,62.981,mp-11793
LiMgSnPt,86.934,86.934,86.934,mp-11806
BaSnHg,33.263,28.689,30.976,mp-11819
BaCdGe,35.86,33.434,34.647,mp-11816
ScNi4Sn,140.435,140.435,140.435,mp-11808
LiPt,120.132,106.753,113.442,mp-11807
BaZnGe,40.145,39.601,39.873,mp-11818
ErSbPd,90.514,90.514,90.514,mp-11836
CaPd5,115.704,114.476,115.09,mp-11826
Ca3PN,63.211,63.211,63.211,mp-1013540
Ca3GeN,55.627,55.627,55.627,mp-11822
HfSnPd,123.996,123.996,123.996,mp-11869
Hg2Rh,88.871,87.666,88.269,mp-11870
TlAsPd5,136.621,136.484,136.553,mp-11873
Mg(BeN)2,184.742,184.648,184.695,mp-11917
BaNiSn3,46.969,46.022,46.496,mp-11879
Sr(BeN)2,119.147,90.494,104.82,mp-11919
Ca(BeN)2,132.753,91.52,112.136,mp-11918
MgIr2,197.472,197.207,197.34,mp-11883
YbSnRh,84.762,80.96,82.861,mp-11973
CeCdNi4,121.691,121.691,121.691,mp-12006
HoSnRh,109.323,107.965,108.644,mp-11971
HoCdCu4,104.872,104.872,104.872,mp-12007
CaSn2Ir,76.069,74.606,75.338,mp-11957
Er2Al3Si2,89.743,89.293,89.518,mp-12004
CaSn2Rh,67.954,65.871,66.913,mp-11959
LiSnAu,62.143,55.767,58.955,mp-11977
Ce2CdPt2,86.432,73.931,80.182,mp-11964
TmSnRh,111.914,110.479,111.197,mp-11974
Tm2Al3Si2,90.474,90.015,90.245,mp-12005
YMgTl,53.893,53.818,53.855,mp-11984
LiAlAg2,71.27,71.27,71.27,mp-11947
CaSn2Pd,59.794,57.593,58.694,mp-11958
KAg2AsO4,61.178,50.174,55.676,mp-12015
ErCdCu4,101.387,101.387,101.387,mp-12008
Li2CuP,62.755,54.386,58.571,mp-12029
Lu(FeB)2,188.882,186.603,187.743,mp-12061
Sm(SiIr)2,167.829,165.959,166.894,mp-12097
UAu2,114.071,108.122,111.096,mp-12072
K(CoS)2,59.299,54.806,57.052,mp-12079
Er(PRu)2,170.795,168.618,169.707,mp-12058
Sm(PRu)2,149.539,134.7,142.12,mp-12059
LaCd2,47.782,42.745,45.263,mp-12055
Ba(BIr)2,112.417,88.186,100.302,mp-12073
Lu(SiNi)2,128.95,128.422,128.686,mp-12100
Tb(FeB)2,129.323,127.228,128.275,mp-12075
CrIr3,307.958,307.958,307.958,mp-12083
Cu3Pt,169.333,169.333,169.333,mp-12086
K(PRh)2,64.365,44.126,54.245,mp-12098
Lu(SiOs)2,179.775,179.753,179.764,mp-12101
Y(FeB)2,127.336,125.791,126.563,mp-12077
RbO2,20.936,20.751,20.844,mp-12105
NbSi2,176.089,173.942,175.016,mp-2478
ZrRe2,252.923,252.922,252.922,mp-12109
Li2MgIn,29.856,29.856,29.856,mp-12128
VPt2,247.119,246.223,246.671,mp-12108
Te2O5,57.483,37.691,47.587,mp-12177
CaCuF4,75.672,73.714,74.693,mp-12266
CaAgP,67.644,67.602,67.623,mp-12277
Li5Tl2,24.464,24.145,24.305,mp-12283
ErSi2Ni,126.883,126.3,126.591,mp-12382
PrSnRh,97.014,96.889,96.952,mp-12381
Ba2YTaO6,136.015,135.813,135.914,mp-6613
K(USe3)2,39.392,32.88,36.136,mp-12414
LiBF4,14.96,14.713,14.836,mp-12403
Sr2TaGaO6,159.316,159.013,159.165,mp-12427
Er3Al3NiGe2,85.394,85.175,85.284,mp-12388
SrCuSF,65.597,65.528,65.563,mp-12444
ScPPt,153.506,145.566,149.536,mp-12480
Ti2GaC,139.143,138.665,138.904,mp-12537
LuAgSn,75.274,73.172,74.223,mp-12505
Ti2Te2P,35.571,6.616,21.093,mp-12527
SrNi3Ge2,95.884,88.747,92.315,mp-12521
La2Hf2O7,160.548,160.548,160.548,mp-12533
KAg2PS4,40.68,32.872,36.776,mp-12532
PrAl3,66.405,65.296,65.851,mp-12553
SrNi2Ge,73.799,66.043,69.921,mp-12520
AlCuPt2,194.341,193.985,194.163,mp-12550
SrCuAs,59.186,56.356,57.771,mp-12557
LiMgAs,46.549,46.549,46.549,mp-12558
Dy2C,59.503,54.859,57.181,mp-12574
HfBeSi,147.947,146.463,147.205,mp-12571
LaNiSn,74.38,72.192,73.286,mp-12613
TaAs2,134.335,131.954,133.144,mp-12561
MoRh,265.478,265.093,265.285,mp-12595
Li2CdSn,35.899,35.899,35.899,mp-12580
CuPt7,229.485,229.485,229.485,mp-12608
Ca2Cu,24.254,24.046,24.15,mp-12614
ScIr3,243.259,243.259,243.259,mp-12593
MnAu4,130.329,130.206,130.268,mp-12565
CrRh3,230.758,230.758,230.758,mp-12585
BaPdF4,53.804,53.686,53.745,mp-12623
TiAu4,146.241,146.198,146.22,mp-12635
SrPdF4,63.12,62.517,62.819,mp-12622
MgSeO4,64.937,56.877,60.907,mp-12630
Mn2Nb,223.713,223.235,223.474,mp-12659
TbNbO4,138.167,130.088,134.127,mp-12647
HfAl2,119.553,119.474,119.513,mp-12657
Dy2SO2,120.56,120.144,120.352,mp-12669
Mg2Rh,71.46,56.14,63.8,mp-12693
PrZnNi,64.23,62.247,63.238,mp-12703
LaAl,52.96,52.224,52.592,mp-12684
Ca3Au4,52.334,51.649,51.992,mp-12699
MnAu,113.631,113.59,113.61,mp-12674
NbPt3,249.261,249.247,249.254,mp-12700
PrZnPd,77.517,77.285,77.401,mp-12710
LiTlPd2,94.215,94.112,94.163,mp-12716
NdSn2,56.013,54.256,55.135,mp-12701
YMgPd,71.356,71.355,71.355,mp-12696
Zr4Al3,107.698,107.632,107.665,mp-12752
MgPd3,129.075,129.074,129.074,mp-7753
SrZn,24.579,23.719,24.149,mp-12724
NdAl3Pd2,109.975,108.637,109.306,mp-12734
BeAu2,138.167,136.409,137.288,mp-12761
Zn2CuAu,112.429,111.796,112.113,mp-3648
GdC2,86.406,78.544,82.475,mp-12765
PrB6,173.84,173.84,173.84,mp-12762
MgPd2,115.441,114.634,115.038,mp-12741
CaAu,47.86,46.473,47.167,mp-12723
Zr6Al2Co,105.456,105.424,105.44,mp-12760
SmC2,110.976,102.051,106.514,mp-12764
Ni3Pt,202.169,202.169,202.169,mp-12798
ScAl2Ni,95.73,94.58,95.155,mp-12781
AlCu3,131.667,131.504,131.586,mp-1008555
Sr(CdGa)2,43.818,43.612,43.715,mp-12783
YbAl2Ni,69.918,57.485,63.701,mp-12782
Ba3SbN,26.429,26.269,26.349,mp-1013708
BaEr2F8,86.718,84.2,85.459,mp-12803
VOs,284.95,284.95,284.95,mp-12778
ThCu6,117.435,117.272,117.353,mp-12834
Cu2HgGeSe4,53.307,53.305,53.306,mp-12855
Sr3CrN3,50.728,44.566,47.647,mp-12906
HoSi,93.272,93.256,93.264,mp-12900
YAgTe2,39.458,39.436,39.447,mp-12903
SrPIr,98.247,98.247,98.247,mp-12923
Ba(BeN)2,105.735,90.63,98.183,mp-12927
HfGaAu,133.895,128.955,131.425,mp-12952
SmTaO4,152.033,144.479,148.256,mp-12931
CuBS2,117.328,117.299,117.314,mp-12954
Yb(FeP3)4,157.162,157.162,157.162,mp-12956
ZrGaAu,127.536,121.414,124.475,mp-12951
Zr6Sb2Pt,119.048,118.175,118.611,mp-12972
ErNi4B,160.941,158.635,159.788,mp-12965
Zr6FeSb2,111.71,110.797,111.254,mp-12962
YSn2,60.287,58.435,59.361,mp-13010
MgTe,35.367,35.367,35.367,mp-1008786
Ti2AlC,137.24,136.967,137.103,mp-12990
LuNiPb,87.157,86.297,86.727,mp-13074
YAl2Ni,94.812,92.796,93.804,mp-13094
YMgAl,57.548,57.508,57.528,mp-13090
CeGe3Rh,95.289,95.257,95.273,mp-13121
Hf2CS,179.147,178.73,178.939,mp-13137
YAlNi,92.979,92.902,92.941,mp-13095
NaZnAs,36.79,35.925,36.358,mp-13097
CeZn3Pd2,102.806,96.481,99.644,mp-13118
Hf2Ag,111.261,110.938,111.1,mp-13155
BaAlSi,50.166,47.284,48.725,mp-13149
YZnGe,78.935,74.685,76.81,mp-13160
YMgCu4,90.416,90.416,90.416,mp-13172
HfAg,114.293,113.94,114.117,mp-13156
Ti2Pd,142.114,141.254,141.684,mp-13164
YMgCu,60.154,60.033,60.094,mp-13171
KRb2GaF6,35.653,35.653,35.653,mp-13190
LuCuSn,80.36,77.638,78.999,mp-13200
YCuSn,78.834,77.155,77.995,mp-13202
ScCuSn,89.847,88.247,89.047,mp-13203
Mg2Pt,70.804,70.583,70.693,mp-13208
BaLiP,39.458,39.268,39.363,mp-10615
Ce2Mo2C3,139.667,132.547,136.107,mp-13263
ScInCu4,114.133,114.133,114.133,mp-13240
CeMgZn2,51.635,51.635,51.635,mp-13254
CaAg2,50.113,47.072,48.592,mp-13270
BaAlGe,44.048,42.168,43.108,mp-13272
SrLiP,45.161,44.129,44.645,mp-10614
SrAlGe,48.936,43.64,46.288,mp-13311
ScTlSe2,41.871,41.66,41.765,mp-13313
ScTlS2,50.127,50.049,50.088,mp-13312
ScTlTe2,32.626,32.381,32.504,mp-13314
LiGeRh2,168.2,168.2,168.2,mp-13322
LiIn2Rh,90.326,90.326,90.326,mp-13396
Yb(MnSi)2,102.316,100.711,101.513,mp-13398
Dy2AlCo2,83.728,81.99,82.859,mp-13431
Lu(NiGe)2,113.637,113.635,113.636,mp-13399
BePd2,166.284,166.105,166.194,mp-13452
Zn13Rh,88.86,87.979,88.419,mp-13447
NaCdSb,32.775,31.812,32.293,mp-13459
HfSb,101.763,99.715,100.739,mp-13450
YbGa2,52.008,40.958,46.483,mp-13449
FeNiPt2,212.35,211.252,211.801,mp-13463
PrMgNi4,113.482,113.482,113.482,mp-13436
BePd3,160.644,157.08,158.862,mp-13453
HfSiRh,189.86,189.591,189.725,mp-13472
CeAl4Co,88.893,88.212,88.552,mp-13504
TmCoC2,182.373,161.643,172.008,mp-13502
ScZn2,81.142,81.113,81.128,mp-13503
CeSi2Ir3,195.868,195.14,195.504,mp-13475
ErCoC2,185.865,168.949,177.407,mp-13501
LiErGe,61.847,57.854,59.851,mp-13474
CaNiGe2,77.79,70.788,74.289,mp-13512
ZrPd,140.205,134.399,137.302,mp-13495
HoInIr,112.595,110.483,111.539,mp-13525
Na2ZnGe,23.222,23.056,23.139,mp-13520
Tb2ZnNi2,77.926,63.394,70.66,mp-13535
Cs2Pt,14.1,11.136,12.618,mp-13548
Mg(ScGa)2,69.494,69.184,69.339,mp-13570
ScSiPt2,175.255,172.245,173.75,mp-13572
SrNiGe2,67.548,65.603,66.576,mp-13513
TbZnNi,78.254,78.121,78.188,mp-13536
ZrGeTe4,18.872,8.825,13.848,mp-13542
BaIrF6,30.741,22.675,26.708,mp-13545
ZnPbF6,24.775,15.475,20.125,mp-13610
TiCdO3,151.999,145.541,148.77,mp-1016846
HfGe2,112.776,110.989,111.883,mp-13683
PdS2,40.173,2.991,21.582,mp-13682
Ca4Sb2O,49.257,49.062,49.159,mp-13660
Li3PO4,71.007,70.957,70.982,mp-2878
Rb2NaErF6,34.753,34.753,34.753,mp-13815
Ba2MgUO6,104.102,104.102,104.102,mp-13811
Tl2Pt2O7,170.426,170.426,170.426,mp-13801
K2NaTlF6,37.066,37.066,37.066,mp-13798
K2NaCuF6,42.815,42.815,42.815,mp-13797
Cs2NaErF6,31.129,31.129,31.129,mp-13816
B3Ru2,305.703,294.714,300.208,mp-13854
P3Ir,170.079,170.079,170.079,mp-13853
PdF4,42.521,31.908,37.214,mp-13868
Sr(CuO)2,79.085,56.96,68.022,mp-13900
ZnSnF6,26.371,16.341,21.356,mp-13903
Ba(AgGe)2,56.017,55.894,55.955,mp-13910
Cs2NaYF6,32.42,32.42,32.42,mp-13925
LiNi2Sn,112.914,112.914,112.914,mp-13915
Ba(ZnSn)2,43.521,43.508,43.515,mp-13920
CdSnF6,17.005,7.467,12.236,mp-13907
LiCo2Ge,154.032,154.032,154.032,mp-13914
LiCaSi2,49.887,45.793,47.84,mp-13916
HfGeTe,94.059,93.298,93.679,mp-13964
Li3AlN2,102.784,102.784,102.784,mp-13944
Cs2HfF6,19.631,19.118,19.374,mp-13948
HfSiSe,98.987,41.406,70.196,mp-13962
Nb5(CuSi)4,180.219,180.197,180.208,mp-13967
Rb2ZrF6,20.36,19.573,19.966,mp-13946
Rb2HfF6,21.943,21.638,21.791,mp-13947
HfSiTe,51.311,15.662,33.487,mp-13963
Cd(GaTe2)2,25.445,25.273,25.359,mp-13949
Ti3NiS6,74.83,72.309,73.57,mp-13993
CdCu2GeS4,68.869,68.555,68.712,mp-13982
ZnPdF6,43.977,36.63,40.303,mp-13983
Cs2Pt3S4,27.557,12.996,20.277,mp-13992
K3As,12.83,12.829,12.83,mp-14018
BaGeF6,49.869,49.389,49.629,mp-14006
Zr3O,131.914,131.204,131.559,mp-1017
Rb2NaRhF6,40.086,40.086,40.086,mp-14038
K2NaRhF6,43.639,43.639,43.639,mp-14039
RbAlO2,91.475,91.475,91.475,mp-14070
TlCuSe2,48.839,48.834,48.836,mp-14090
AlAgSe2,52.505,52.339,52.422,mp-14091
AlAgTe2,42.202,42.197,42.2,mp-14092
Rb2PdF6,12.393,12.393,12.393,mp-14088
CsAlO2,92.213,92.213,92.213,mp-14069
CuRhO2,174.168,152.805,163.487,mp-14116
LiRhO2,120.402,108.313,114.358,mp-14115
LiYGe,60.016,58.991,59.504,mp-14209
LiYSi,63.021,61.823,62.422,mp-14208
K3Cu3As2,24.254,23.555,23.904,mp-14205
CoP2,165.381,163.292,164.337,mp-14285
Cs2Pt3Se4,21.44,8.897,15.169,mp-14338
Yb2(NiB2)3,168.003,165.736,166.869,mp-14344
CaSn(BO3)2,117.522,104.806,111.164,mp-14398
NaGe2N3,135.299,134.619,134.959,mp-14433
Y(BIr)2,198.149,195.92,197.034,mp-14622
NdCoGe3,92.979,92.939,92.959,mp-14625
Ca3MnN3,88.187,88.09,88.138,mp-14763
Li7TaN4,82.815,82.815,82.815,mp-14753
Mg2SiPt,101.369,94.77,98.07,mp-14793
KPt2Se3,28.954,20.256,24.605,mp-14796
RbPt2Se3,27.7,19.734,23.717,mp-14797
Li7NbN4,81.654,81.654,81.654,mp-14827
Si4P4Ru,120.086,119.864,119.975,mp-14983
Nd(PdO2)2,151.1,144.866,147.983,mp-15051
Y(PdO2)2,156.837,154.408,155.622,mp-15053
Cs2CaF4,32.667,32.423,32.545,mp-15157
Lu4C7,130.342,125.826,128.084,mp-15178
Pr2S3,73.152,72.436,72.794,mp-15179
CrSbSe3,32.824,29.902,31.363,mp-15236
Li3AlF6,49.11,46.254,47.682,mp-15254
Cu2GeS3,72.839,72.796,72.817,mp-15252
Rb2NaHoF6,34.424,34.311,34.367,mp-15318
Hf6NiSb2,132.337,130.194,131.265,mp-15297
ScCuSi,113.966,113.659,113.813,mp-15322
Rb2As3,12.068,11.546,11.807,mp-15556
ZnRhF6,40.829,30.288,35.559,mp-15637
CaMgGe,46.933,46.678,46.805,mp-15641
HgRhF6,26.711,22.802,24.756,mp-15639
SrMgGe,40.843,39.138,39.991,mp-15643
As2Ir,153.229,150.863,152.046,mp-15649
YAsPt,117.808,104.586,111.197,mp-15695
NaSe,22.131,21.731,21.931,mp-15668
Ti3Te4,52.393,51.951,52.172,mp-15669
K2CuAs,22.375,22.284,22.329,mp-15684
PaAs,116.084,116.084,116.084,mp-15694
NiSe,109.927,109.147,109.537,mp-662
Sc4C3,113.058,113.058,113.058,mp-15661
SrMgSi,44.15,42.028,43.089,mp-15642
Li2CuAs,55.14,47.425,51.282,mp-15686
Na2CuAs,32.197,31.599,31.898,mp-15685
Sb2Pt3,136.389,135.408,135.898,mp-15659
KNa2Sb,18.878,18.878,18.878,mp-15724
KSmS2,41.017,39.962,40.489,mp-15783
KLaS2,38.035,36.27,37.153,mp-15781
Zn(GaSe2)2,36.721,36.572,36.647,mp-15776
Zn(GaTe2)2,29.646,29.616,29.631,mp-15777
Mg2SiNi3,125.617,123.803,124.71,mp-15779
MgPPt5,197.583,197.091,197.337,mp-15780
MgNiSb,83.144,83.144,83.144,mp-15778
LiDyS2,50.635,47.458,49.046,mp-15789
LiErS2,51.552,48.491,50.021,mp-15791
LiTbSe2,41.543,39.559,40.551,mp-15793
LiYS2,49.95,46.843,48.397,mp-15788
LiDySe2,42.106,40.131,41.119,mp-15795
SrLi4N2,52.674,52.657,52.666,mp-15845
LiHoSe2,41.42,39.501,40.461,mp-15796
LiNdGe,54.991,54.059,54.525,mp-15821
Mn3Al9Si,120.705,108.63,114.667,mp-15819
LiHoGe,61.64,60.596,61.118,mp-15820
Li2US3,43.29,41.903,42.596,mp-15885
DyRh3C,199.853,199.853,199.853,mp-15856
Cu2SiSe3,63.426,63.359,63.392,mp-15896
Li5AlO4,80.946,80.887,80.916,mp-15960
HfPRu,220.141,220.09,220.115,mp-15963
Sm(CoSi)2,118.795,118.509,118.652,mp-15968
Gd2ReO5,138.28,133.76,136.02,mp-15922
Hf3Sb,115.125,114.924,115.025,mp-15964
As2Rh,135.746,133.136,134.441,mp-15954
Gd2TeO2,75.129,72.717,73.923,mp-16035
Sm2TeO2,76.635,74.008,75.322,mp-16033
Li3AuS2,40.231,40.141,40.186,mp-15999
Hf(CuP)2,128.883,128.784,128.834,mp-15986
Zr3(Cu2Ge)2,133.407,133.035,133.221,mp-15985
Tb2TeO2,81.361,78.582,79.972,mp-16036
Hf3(Cu2Si)2,145.641,145.4,145.521,mp-15987
Pr2TeO2,71.402,69.297,70.35,mp-16032
Sr3TaGa3(SiO7)2,94.206,92.715,93.461,mp-16136
KAgSe,27.616,27.608,27.612,mp-16236
Th(SiAu)2,128.905,126.327,127.616,mp-16250
BaCaSi,31.116,31.073,31.094,mp-16253
Ca(GeIr)2,118.09,115.891,116.99,mp-16259
CaZnSi,59.062,49.789,54.426,mp-16266
Dy2CdS4,62.141,62.141,62.141,mp-16267
CaSbAu,59.426,45.012,52.219,mp-16245
Ca(GePd)2,86.457,84.702,85.58,mp-16260
Ce(FeP3)4,168.858,168.858,168.858,mp-16272
CaZnGe,53.491,44.706,49.099,mp-16263
Li2AgSb,46.551,46.551,46.551,mp-16238
BaCuP,56.754,56.698,56.726,mp-16254
RbTiS2,52.126,51.441,51.784,mp-16318
ScPRu,175.479,175.294,175.386,mp-16305
DyPPt,137.012,117.667,127.339,mp-16326
DySbPt,100.142,100.142,100.142,mp-16327
YPPt,134.065,118.753,126.409,mp-16304
Sc3SnC,101.411,101.411,101.411,mp-16297
SrCuP,66.53,64.473,65.501,mp-16321
TmSbPt,103.205,103.205,103.205,mp-16314
ErSbPt,101.691,101.691,101.691,mp-16329
HoGe,81.064,80.681,80.872,mp-16342
TiNiGe,158.406,157.846,158.126,mp-16356
LiNi2Ge,132.644,132.644,132.644,mp-16349
Ga2HgTe4,25.223,25.059,25.141,mp-16337
ThGe2,88.0,87.635,87.818,mp-10128
Th2Ge,80.522,79.956,80.239,mp-16370
LiInGe,37.377,37.377,37.377,mp-16343
HoSbPt,99.731,99.731,99.731,mp-16376
BaAl9Fe2,79.426,79.307,79.367,mp-16483
TiAlAu,133.036,127.733,130.385,mp-16481
Al9Co2,108.63,106.345,107.487,mp-16488
YAl2Co,96.172,90.247,93.21,mp-16493
SrAl9Co2,65.606,65.271,65.439,mp-16491
Al3Ni5,172.85,172.785,172.818,mp-16514
HoAl2Ni,98.648,96.23,97.439,mp-16503
ScAlCu2,106.697,106.697,106.697,mp-16497
HfAlPd2,156.936,156.936,156.936,mp-16501
TbAl2Ni,91.958,89.359,90.658,mp-16516
TmAl2Ni,101.563,98.902,100.232,mp-16517
Li3Al2,39.451,38.389,38.92,mp-16506
Al3Pd5,157.339,157.268,157.304,mp-16523
ScAlPd2,129.942,129.942,129.942,mp-16524
NdAl3,67.772,65.934,66.853,mp-16513
Cu2SnHgSe4,49.549,49.54,49.545,mp-16566
SmMgPt,80.67,80.609,80.64,mp-16645
PrMgRh,72.229,71.981,72.105,mp-16646
LiSn4Rh,63.94,63.518,63.729,mp-16648
SmNiAs,111.826,99.244,105.535,mp-16734
Al12Tc,96.935,96.935,96.935,mp-16719
LuCuPb,72.86,71.588,72.224,mp-16753
HoCuPb,70.636,69.292,69.964,mp-16750
RbYTe2,26.111,26.109,26.11,mp-16764
ErAgPb,66.637,66.601,66.619,mp-16745
ErCuPb,72.587,70.881,71.734,mp-16751
Sr2GdRuO6,132.873,132.848,132.861,mp-16796
Li3B7O12,69.802,59.135,64.468,mp-16828
Ag2SeO3,33.371,29.653,31.512,mp-16913
Ca6FeN5,78.283,76.804,77.543,mp-16916
AlPt2,205.103,204.998,205.051,mp-16526
Hf3Rh5,192.889,192.717,192.803,mp-17045
ScSnPd,104.467,102.026,103.247,mp-17092
Si2Os,204.917,202.092,203.505,mp-17123
Sr3(AlN2)2,86.267,84.615,85.441,mp-17129
Nb2ZnO6,144.989,141.918,143.453,mp-17177
Sc5Ge3,85.966,83.598,84.782,mp-17190
Ti3Rh5,204.706,204.531,204.618,mp-17413
Mg4Ta2O9,149.149,148.511,148.83,mp-17481
Sr2TaN3,70.256,67.919,69.088,mp-17518
GeAs2,19.521,7.434,13.477,mp-17524
Ca6MnN5,78.323,78.32,78.322,mp-17577
Ba2SiO4,71.92,70.404,71.162,mp-17612
Y2Zn17,80.605,80.599,80.602,mp-17639
Sc5Sn3,73.012,71.537,72.275,mp-17695
Sr2NbN3,71.953,69.762,70.857,mp-17701
Y5Ge3,71.274,68.827,70.05,mp-17751
Mg3Au,57.462,57.453,57.457,mp-1557
Ag3Ge5P6,64.884,64.884,64.884,mp-17862
Ca6GaN5,71.164,71.078,71.121,mp-17875
Ca2VN3,95.209,91.621,93.415,mp-17892
CsAgSe4,8.924,7.878,8.401,mp-18105
Ca3Cd2,28.129,28.127,28.128,mp-18167
ScSnPt,120.893,111.46,116.177,mp-18198
Ca3AlSb3,38.025,37.188,37.606,mp-18300
Be3N2,214.318,214.318,214.318,mp-18337
Nb2Al,160.03,159.919,159.974,mp-18427
Ba2MnSe3,35.779,35.366,35.573,mp-18513
Mg3Pt,69.598,69.595,69.596,mp-18707
Sm3InN,79.926,79.926,79.926,mp-19716
TePb,38.461,38.461,38.461,mp-2517816
EuAsAu,59.88,50.267,55.073,mp-19729
MgPbF6,24.377,17.539,20.958,mp-19734
YInPt,101.192,100.398,100.795,mp-19740
YSiRh,124.973,124.223,124.598,mp-19728
MnCu2SnS4,64.784,64.666,64.725,mp-19722
TmCoC,149.821,141.548,145.684,mp-19754
Eu(CdSb)2,38.652,37.851,38.252,mp-19774
In2HgTe4,20.358,20.143,20.25,mp-19765
Pr3In,41.265,41.265,41.265,mp-19764
TbInCu,77.077,76.865,76.971,mp-19782
GdGa2,86.955,81.817,84.386,mp-19773
Yb3InC,38.199,38.199,38.199,mp-19777
Sr(GeRu)2,81.018,75.147,78.082,mp-19787
Co3(SnS)2,101.761,101.66,101.711,mp-19807
Eu(ZnGe)2,57.126,56.48,56.803,mp-19808
Mn(BW)2,298.389,295.741,297.065,mp-19789
BaPbF6,45.574,45.293,45.434,mp-19799
Ba2Nb5O9,178.795,175.738,177.267,mp-19796
InS,28.095,12.697,20.396,mp-19795
Ca(GeRu)2,103.104,102.903,103.004,mp-19791
TmPb3,49.521,49.521,49.521,mp-19820
Ca(MnGe)2,80.57,79.955,80.263,mp-19824
Y3InC,78.064,78.064,78.064,mp-19817
InAgS2,51.173,51.172,51.173,mp-19833
ErN,169.316,169.316,169.316,mp-19830
NiAs2,103.879,100.721,102.3,mp-19814
Nb2InC,161.21,161.158,161.184,mp-19835
Sm2In,48.95,48.542,48.746,mp-19816
SnPt,128.544,126.192,127.368,mp-19856
InNi,102.702,102.627,102.664,mp-19876
MnCo2Ge,197.347,197.347,197.347,mp-19850
KInTe2,15.317,14.648,14.982,mp-19851
Ba(MnP)2,84.267,81.425,82.846,mp-19857
GaFe3,169.4,169.4,169.4,mp-19870
ThSnPt,109.3,109.3,109.3,mp-19886
FeTe2,95.606,92.778,94.192,mp-19880
NiSb2,78.497,72.245,75.371,mp-19895
PbCO3,61.355,54.588,57.971,mp-19893
Li2GePbS4,43.263,39.719,41.491,mp-19896
Co2Si,214.731,209.79,212.261,mp-19905
Zr2InNi2,128.441,127.885,128.163,mp-19906
Ce3Ga,43.072,43.072,43.072,mp-19920
MgInNi2,106.537,106.537,106.537,mp-19929
CeMgPt,80.136,78.956,79.546,mp-19934
ZrSiTe,51.782,13.75,32.766,mp-19917
GdGe,73.203,73.125,73.164,mp-19918
PbO,25.606,5.662,15.634,mp-19921
VAs,140.552,136.606,138.579,mp-19940
TiFe2Sn,183.277,183.277,183.277,mp-19963
Sn2Pt,92.692,92.692,92.692,mp-19962
Co2CuGe2,157.662,157.541,157.602,mp-19955
In2Ag,42.969,42.899,42.934,mp-19974
SmIn3,54.505,54.505,54.505,mp-19977
Li3CuO3,81.816,81.795,81.806,mp-19970
GdTl,32.249,32.249,32.249,mp-19966
LaCoGe3,86.376,86.368,86.372,mp-19973
SrIn4Pd,48.0,47.7,47.85,mp-19991
SrSnPt,70.041,69.533,69.787,mp-20001
SmGa5Co,90.979,90.688,90.833,mp-19988
PrIn,51.835,51.835,51.835,mp-20023
Zr2InC,118.44,118.062,118.251,mp-20004
MnNiGe,143.45,140.617,142.033,mp-20007
FeP2,177.747,172.28,175.013,mp-20027
InSb,36.737,36.737,36.737,mp-10149
DyCuGe,88.999,78.522,83.761,mp-20010
Mn(GaS2)2,38.124,37.882,38.003,mp-20025
CaPb,34.318,34.016,34.167,mp-20034
TbGe2Pt,111.434,111.17,111.302,mp-20054
SnIr,155.771,152.505,154.138,mp-20033
CO2,4.63,4.63,4.63,mp-20066
ErGeRh,123.177,122.529,122.853,mp-20043
LiFeP,74.139,69.012,71.576,mp-1008925
ZrMnGe,85.142,77.289,81.216,mp-20059
Na5OsO6,56.084,55.602,55.843,mp-20067
DyGa2,78.305,70.14,74.223,mp-20064
Ba2PbO4,86.193,84.543,85.368,mp-20098
Eu(SiPd)2,101.055,100.487,100.771,mp-20115
DyGe,81.647,81.363,81.505,mp-20122
YIn3,54.648,54.648,54.648,mp-20131
TiGaCo2,182.718,182.718,182.718,mp-20145
BaPb,24.425,24.173,24.299,mp-20136
ZrMnP,174.887,173.695,174.291,mp-20147
NbCrP,214.249,214.242,214.246,mp-20144
Eu(AlGe)2,56.13,54.757,55.443,mp-20151
Ni3Sn4,97.196,96.471,96.833,mp-20174
LuNiSb,96.168,96.168,96.168,mp-20185
Ce2C3,115.855,115.855,115.855,mp-20181
CeO2,170.992,170.992,170.992,mp-1018664
MgSn4Ru,73.435,73.43,73.432,mp-20202
HfMnSi,163.461,163.15,163.306,mp-20192
Cr2GaC,184.265,183.332,183.799,mp-20197
DyCo3B2,205.87,205.629,205.75,mp-20193
NdZnSn,63.202,59.315,61.258,mp-20201
UGa3,83.085,83.085,83.085,mp-20214
ThIn3,65.84,65.84,65.84,mp-20206
Th(FeGe)2,145.858,144.234,145.046,mp-20238
CePb3,50.804,50.804,50.804,mp-20225
CeFeSi,86.248,78.811,82.529,mp-20245
TiGePd,151.539,149.817,150.678,mp-16740
AsPd3Pb2,87.197,87.099,87.148,mp-20257
LiIn2Pt,81.018,81.018,81.018,mp-20265
Mn(GaSe2)2,32.833,32.506,32.669,mp-20261
TiCuSi,148.05,147.405,147.728,mp-20255
MnCoP,202.411,200.126,201.268,mp-20249
DySiIr,146.179,146.061,146.12,mp-20281
SmIn,55.174,55.174,55.174,mp-20298
InAs,48.543,48.543,48.543,mp-20305
TbCuPb,70.304,68.16,69.232,mp-20290
InAgO2,112.383,104.45,108.417,mp-20329
CeAl3Ni2,115.009,114.901,114.955,mp-20338
FeSe,36.907,5.71,21.309,mp-1090
Ba3In2O6,88.224,87.704,87.964,mp-20352
Fe3Ge,175.908,175.908,175.908,mp-20344
LiGa2Pt,103.688,103.688,103.688,mp-20363
InP,59.35,59.35,59.35,mp-966800
MgMnGe,77.278,77.232,77.255,mp-20354
Ce2SbO2,79.268,77.083,78.176,mp-20356
EuN,109.606,108.652,109.129,mp-20340
DyCoC,171.192,136.476,153.834,mp-20350
Na2CdPb,23.527,23.527,23.527,mp-20389
HfCuSi2,140.981,138.434,139.708,mp-20401
Ce(GePt)2,124.077,120.823,122.45,mp-20400
Nd3InC,63.104,63.104,63.104,mp-20385
KMnP,15.87,7.487,11.679,mp-20422
V2Ga5,113.564,112.617,113.09,mp-20405
TaSiRh,234.514,234.185,234.349,mp-20436
SiRh2,226.79,215.0,220.895,mp-20418
As2Pd,110.797,110.797,110.797,mp-20465
Ba(MgPb)2,30.774,30.588,30.681,mp-20452
TiPbO3,82.001,49.113,65.557,mp-19845
CaPbF6,51.78,51.78,51.78,mp-20463
Co3Se4,98.035,98.035,98.035,mp-20456
YbIn3,38.382,38.382,38.382,mp-20469
Pb,39.516,39.516,39.516,mp-20483
SrPbO3,105.447,105.305,105.376,mp-20489
ScSiRh,148.268,147.157,147.712,mp-20492
MnSnPd2,129.866,129.866,129.866,mp-20481
MnCu2GeS4,70.782,70.413,70.597,mp-20474
InSe,16.426,4.149,10.288,mp-20485
CuSO4,65.608,61.347,63.477,mp-20525
ScInPt2,141.942,141.942,141.942,mp-20521
SrIn2Ir,60.19,56.335,58.263,mp-20497
TmAgPb,66.942,66.906,66.924,mp-20522
SrIn2Pt,57.061,53.658,55.359,mp-20533
CoSn,126.108,124.98,125.544,mp-20536
YSiNi,105.528,102.694,104.111,mp-20557
InAgSe2,42.953,42.952,42.952,mp-20554
Ba(CoAs)2,77.6,74.743,76.172,mp-20563
NaPb3,32.491,32.491,32.491,mp-20555
V2P,206.925,206.234,206.579,mp-20541
CaPb3,38.108,38.108,38.108,mp-20549
Pr(MnGe)2,101.71,99.206,100.458,mp-20542
U(SiNi)2,187.171,186.464,186.818,mp-20596
Eu(AlSi)2,64.01,59.973,61.992,mp-20595
LaIn,49.919,49.919,49.919,mp-20582
NdPb3,47.766,47.766,47.766,mp-20601
SbRh,134.672,132.395,133.533,mp-20619
SiPd3,161.152,158.862,160.007,mp-20622
YbGa5Co,66.829,66.722,66.775,mp-20627
TmCuPb,69.878,67.883,68.88,mp-20663
Mn2Sb,83.067,82.719,82.893,mp-6912
V2C,244.726,244.086,244.406,mp-1008632
Nb3B2,241.602,241.486,241.544,mp-20689
ZrNiSb,133.75,132.939,133.345,mp-20697
Cu3Se2,74.087,73.003,73.545,mp-20683
Zr3In,96.578,96.578,96.578,mp-20695
Ho2In,55.468,55.009,55.238,mp-20686
NdFeSi,90.46,82.041,86.25,mp-20690
LiCoAs,48.904,48.792,48.848,mp-20698
In2Ni3S2,61.315,60.548,60.931,mp-20708
HfCo2Sn,161.751,161.751,161.751,mp-20730
FeSb2,102.336,80.027,91.182,mp-1072181
Mg2Pb,34.401,34.401,34.401,mp-20724
PbO2,120.659,108.727,114.693,mp-1101843
LaIn3,49.718,49.718,49.718,mp-20729
In2HgSe4,23.327,23.15,23.239,mp-20731
ErSiIr,151.44,151.257,151.348,mp-20733
CeCoC2,173.782,169.344,171.563,mp-20753
La2In,40.035,39.743,39.889,mp-20760
Ce3Sn,38.321,38.321,38.321,mp-20735
ZrInNi2,140.627,140.627,140.627,mp-20744
MnAlGe,111.841,111.84,111.84,mp-20757
CeCuGe,85.752,77.585,81.668,mp-20766
SmCoGe,101.91,98.813,100.361,mp-20777
LiInTe2,23.349,23.245,23.297,mp-20782
InPS4,15.858,14.297,15.077,mp-20790
ZrIn2,81.533,81.526,81.529,mp-20800
LiIn2Pd,67.719,67.719,67.719,mp-20801
GePtSe,120.13,120.064,120.097,mp-20817
Pb(NO3)2,30.668,30.668,30.668,mp-20820
Pd3Pb,129.07,129.07,129.07,mp-20849
MnCo2Sn,166.928,166.928,166.928,mp-20840
Zn(InTe2)2,23.097,23.086,23.091,mp-20832
TbMnSi,85.379,76.669,81.024,mp-20822
CuTe,19.052,6.001,12.527,mp-20826
Ba2CaIrO6,108.746,108.746,108.746,mp-20841
Ti5Sn3,107.06,106.168,106.614,mp-20847
CoSe2,110.299,108.522,109.411,mp-1390196
EuB6,143.683,143.683,143.683,mp-20874
CoB,310.155,307.676,308.915,mp-20857
YCuPb,66.871,65.199,66.035,mp-20865
Fe2W,262.038,256.886,259.462,mp-20868
HoCoC,152.144,142.717,147.431,mp-20906
ZrFeP,196.152,195.567,195.86,mp-20892
DyInAg2,64.011,64.011,64.011,mp-20898
PrIn3,52.62,52.62,52.62,mp-20903
TbIn3,55.261,55.261,55.261,mp-20920
NiSe2,96.857,96.857,96.857,mp-20901
U(FeSi)2,177.411,177.049,177.23,mp-20924
PrPb3,47.139,47.139,47.139,mp-20939
NbNiP,215.55,215.145,215.347,mp-20932
MnSiNi,165.258,160.34,162.799,mp-20949
Sr2PbO4,91.971,91.24,91.606,mp-20944
Ce(CoGe)2,121.569,121.128,121.349,mp-20933
UIn3,61.685,61.685,61.685,mp-20941
TiNiSb,126.65,126.65,126.65,mp-20952
Cr3C2,320.091,319.267,319.679,mp-20937
SnPt3,198.87,198.87,198.87,mp-20971
Ce2InGe2,63.684,61.652,62.668,mp-20959
Pr3InN,72.128,72.128,72.128,mp-20990
YZnSn,66.587,59.934,63.26,mp-20987
La3InN,65.083,65.083,65.083,mp-20999
Y2ReC2,122.85,122.339,122.595,mp-21003
SmSnPt,103.853,103.842,103.847,mp-21007
Dy(MnGe)2,115.115,115.112,115.114,mp-21000
Ni3Ge,190.994,190.994,190.994,mp-21008
LiCaPb,29.981,29.504,29.742,mp-20998
Y3PbC,77.789,77.789,77.789,mp-21017
Sc3PbC,94.605,94.605,94.605,mp-21035
Li2InPd,59.663,59.663,59.663,mp-21029
Nd3InN,75.749,75.749,75.749,mp-21022
Ti3SnC2,158.24,157.481,157.86,mp-21023
Zr2Fe3Ge,159.195,158.68,158.937,mp-21040
SrIn2Pd,49.642,45.549,47.596,mp-21024
Li2InPt,71.969,71.969,71.969,mp-21026
CaIn2Pt,67.215,66.586,66.9,mp-21027
CrP,202.033,195.644,198.838,mp-21048
HfC,239.071,239.071,239.071,mp-1002124
YSiRu,132.185,131.277,131.731,mp-21069
Tb(GeRu)2,132.273,132.267,132.27,mp-21079
Hf5Sn3,114.117,113.634,113.876,mp-21104
SrIn4Pt,52.72,52.191,52.456,mp-21124
Y(FeGe)2,129.816,129.407,129.611,mp-21113
CeSi,69.697,69.155,69.426,mp-21115
Pr3InO,71.496,71.496,71.496,mp-21135
TmNiGe,109.602,107.972,108.787,mp-21157
MnGaCo2,186.181,186.181,186.181,mp-21171
SrGePt,67.988,67.988,67.988,mp-21164
EuGa2,50.874,41.303,46.089,mp-21168
NdGeRu,83.49,80.894,82.192,mp-21194
NdIn3,53.471,53.471,53.471,mp-21197
PuGa2,75.225,74.951,75.088,mp-21200
CeNi,71.753,70.794,71.273,mp-21188
DyAgSn,73.329,71.086,72.208,mp-21198
Yb3GaC,37.775,37.775,37.775,mp-21206
LaGa3Pd2,100.967,99.842,100.405,mp-21201
Sm3In,44.614,44.614,44.614,mp-21202
BaPPt,79.315,79.315,79.315,mp-21236
CoGe,161.04,152.447,156.743,mp-21237
Mn2VGa,187.236,187.236,187.236,mp-21235
Gd(SiRh)2,142.769,142.085,142.427,mp-21240
YMnSi,92.505,87.3,89.902,mp-21249
LiYbPb,31.017,30.579,30.798,mp-21242
ErNiSb,92.177,92.177,92.177,mp-21272
NbSiIr,244.559,243.69,244.124,mp-21248
FeSn,96.023,94.336,95.179,mp-21260
Th(MnGe)2,134.084,133.636,133.86,mp-21281
LiSn4Ru,68.505,68.484,68.495,mp-21297
PtPb4,14.272,11.174,12.723,mp-21296
ScInNi2,128.198,128.198,128.198,mp-21301
Y2In,53.934,53.396,53.665,mp-21294
HoInPt,103.555,102.484,103.02,mp-21290
TaSiIr,258.604,257.764,258.184,mp-21316
TiCoSi,185.984,185.085,185.534,mp-15657
TaFeP,254.471,254.425,254.448,mp-21336
V3Sn,162.896,162.896,162.896,mp-21342
HfGePt,176.709,175.372,176.04,mp-21340
CeB6,172.63,172.63,172.63,mp-21343
TbFeSi,100.383,95.058,97.721,mp-21363
Yb(GeRu)2,113.325,113.24,113.282,mp-21366
CePRuO,125.836,113.541,119.689,mp-21372
VCoSi,217.024,216.522,216.773,mp-21371
Cd(InTe2)2,20.976,20.804,20.89,mp-21374
In3Ni2,105.755,105.417,105.586,mp-21385
ThPb3,58.108,58.108,58.108,mp-21381
YCoC,145.055,137.49,141.273,mp-21422
HoIn3,55.314,55.314,55.314,mp-21431
Dy(NiGe)2,114.066,114.064,114.065,mp-21415
LaPb3,45.604,45.604,45.604,mp-21432
YbPb3,39.636,39.636,39.636,mp-21430
NbCoP,234.439,233.175,233.807,mp-21449
Ce2Pd2Pb,77.602,77.251,77.426,mp-21443
CeSnPd,79.442,76.521,77.982,mp-21490
Nd3In,41.855,41.855,41.855,mp-21483
RbIn4,22.957,21.18,22.069,mp-21477
CrFeP,238.616,237.727,238.171,mp-21495
TiCo2Sn,165.425,165.425,165.425,mp-21467
LiFeAs,67.572,66.614,67.093,mp-21471
LaIn5Rh,64.44,64.417,64.429,mp-21479
PuGe3,76.629,76.629,76.629,mp-21484
Y2Pd2Pb,81.235,81.075,81.155,mp-21508
YMgIn,54.174,54.099,54.137,mp-21503
YAgPb,63.913,63.188,63.551,mp-21505
LaMgGa,49.85,49.788,49.819,mp-21509
SrCuN,67.345,67.096,67.221,mp-21609
MnSiIr,172.124,155.732,163.928,mp-21851
VCu3Se4,35.323,35.323,35.323,mp-21855
FePd3,166.438,166.438,166.438,mp-21845
Ba2CePtO6,137.231,137.231,137.231,mp-21879
NdInPd,79.938,79.837,79.888,mp-21887
VGaFe2,222.851,222.851,222.851,mp-21883
LiSn4Ir,69.238,68.992,69.115,mp-21894
MnTe2,49.969,49.969,49.969,mp-21893
NdCoSi,74.028,65.607,69.818,mp-21890
NbSiAs,151.926,151.894,151.91,mp-21907
Ti5Sb3,109.254,108.298,108.776,mp-22033
Hf2In5,73.696,72.374,73.035,mp-22050
ZrSbPd,130.088,128.865,129.477,mp-22036
Sm2Ge2Ru,88.883,88.365,88.624,mp-22044
UGePt,130.491,119.37,124.931,mp-22065
YIn2Ni,85.921,83.723,84.822,mp-22056
YRh3C,196.814,196.814,196.814,mp-22120
Ga2Pt,101.898,101.898,101.898,mp-22095
DyGeAu,94.949,89.464,92.206,mp-22149
Zr2InCo2,153.599,152.304,152.951,mp-22150
NaFeAs,51.549,45.04,48.294,mp-22152
BaGePt,65.25,65.25,65.25,mp-22151
In2Au,53.29,53.29,53.29,mp-22154
UNiAs2,116.34,109.177,112.758,mp-22159
Zr6Ga2Co,111.657,107.242,109.449,mp-22167
YTiSi,92.2,92.152,92.176,mp-22179
InN,122.028,121.914,121.971,mp-20411
Co2P,226.614,220.226,223.42,mp-22204
ZrMnSi,146.313,146.061,146.187,mp-22227
TbInCu4,103.672,103.672,103.672,mp-22229
MnAs,109.077,104.455,106.766,mp-1009131
TlInSe2,23.276,21.916,22.596,mp-22232
ZrPRu,208.34,208.097,208.218,mp-22268
GdB6,167.657,167.657,167.657,mp-22266
HfSiMo,188.977,188.203,188.59,mp-22258
CoMoP,245.327,244.207,244.767,mp-22262
YSnPt,109.73,106.665,108.198,mp-22275
Ag5(PbO3)2,91.776,87.934,89.855,mp-22286
ZrVP,177.669,177.407,177.538,mp-22302
NbGeIr,224.124,222.224,223.174,mp-22287
Cd(InSe2)2,23.657,23.48,23.569,mp-22304
SrInPt,62.478,62.195,62.337,mp-22284
FeCo2Ge,184.03,182.58,183.305,mp-22300
SrAl2,44.982,44.871,44.927,mp-1638
HfCoSn,130.673,129.897,130.285,mp-22315
ScSi2Rh,140.443,140.267,140.355,mp-22307
UB12,244.824,241.493,243.159,mp-22319
Na2PtO2,77.134,70.69,73.912,mp-22313
Sn7Ru3,106.18,106.18,106.18,mp-22344
BaGe3Pt,74.435,74.398,74.417,mp-22346
SrRuO3,166.375,165.955,166.165,mp-22390
DyInPt,80.24,79.632,79.936,mp-22384
InAgTe2,36.205,36.202,36.204,mp-22386
ThRu3C,224.114,224.114,224.114,mp-22394
MnCu2SnSe4,50.87,50.83,50.85,mp-22400
HfFeP,216.498,216.37,216.434,mp-22434
CeBPt3,175.046,174.927,174.986,mp-22435
Ba2MgReO6,121.859,121.859,121.859,mp-22441
LuSiIr,158.597,158.217,158.407,mp-22440
ScSiNi,134.799,133.831,134.315,mp-22426
Zr3P,125.152,125.048,125.1,mp-22447
LiIn,32.743,32.743,32.743,mp-22460
FeGe,154.86,149.945,152.403,mp-21255
Sn(PbO2)2,48.618,46.298,47.458,mp-22467
Ce2MgGe2,64.348,63.833,64.09,mp-22511
HfCuSi,153.132,152.871,153.001,mp-22489
Tb(MnGe)2,115.3,115.13,115.215,mp-22486
ZrCo2Sn,153.951,153.951,153.951,mp-22503
CrSb2,57.961,55.311,56.636,mp-2666
YInAu2,89.598,89.598,89.598,mp-22493
ZrCuSi,145.369,145.129,145.249,mp-22522
V3Ga,168.668,168.668,168.668,mp-22568
In2O3,144.766,144.766,144.766,mp-1105681
GeRh2,203.404,197.826,200.615,mp-22585
UAsSe,78.646,75.766,77.206,mp-22595
NiP2,132.249,132.249,132.249,mp-486
Zn(InSe2)2,27.999,27.985,27.992,mp-22607
YNiSn,89.715,86.397,88.056,mp-22617
Eu(CdP)2,53.115,51.757,52.436,mp-22609
OsF6,6.241,6.225,6.233,mp-22626
InPd2,129.806,129.232,129.519,mp-22646
HfNbP,179.632,179.466,179.549,mp-22637
TaNiGe,197.997,195.496,196.746,mp-22636
In2Pt,91.458,91.458,91.458,mp-22682
BaIn4,33.564,33.102,33.333,mp-22687
TiGaPt,165.643,161.59,163.617,mp-22662
HoGeRh,120.953,120.359,120.656,mp-22670
V3Se4,81.378,79.118,80.248,mp-22700
EuAgSb,47.143,34.179,40.661,mp-22707
Te2W,33.988,2.795,18.391,mp-22693
ScFeSi,129.693,122.947,126.32,mp-22701
DyFeSi,103.57,99.171,101.371,mp-22698
YIn,56.047,56.047,56.047,mp-22704
CaIn2Pd,59.551,58.83,59.191,mp-22717
NbSiPd,194.986,194.651,194.818,mp-22722
InCuS2,66.157,66.066,66.112,mp-22736
Ca2Sn,32.106,26.454,29.28,mp-22735
TiInCu2,118.564,118.564,118.564,mp-22725
CeCuSi,85.925,83.238,84.581,mp-22740
La(MnGe)2,95.756,90.996,93.376,mp-22760
TiCoGe,168.882,168.344,168.613,mp-22769
CoBW,326.16,325.379,325.769,mp-22759
VGaCo2,199.274,199.274,199.274,mp-22790
AlFe3C,232.51,232.51,232.51,mp-22793
YbSnPt,85.09,84.56,84.825,mp-22779
LuSiRh,137.243,136.984,137.113,mp-22801
ThNiSn,98.7,98.7,98.7,mp-22786
Cr2CuS4,94.549,94.549,94.549,mp-22803
BiI3,3.949,1.386,2.668,mp-22849
InCuSe2,49.82,49.777,49.798,mp-22811
CsCl,14.588,14.588,14.588,mp-22865
HoBi,54.739,54.739,54.739,mp-22866
SmBi,52.053,52.053,52.053,mp-22873
HgI,15.023,5.737,10.38,mp-22859
NaCl,23.77,23.77,23.77,mp-22862
CsI3,5.445,5.249,5.347,mp-22876
VCl2,17.504,3.471,10.488,mp-22877
InBr,14.636,12.402,13.519,mp-22870
SbCl3,2.222,1.124,1.673,mp-22872
BiCl3,5.74,2.263,4.002,mp-22908
LaCl3,33.064,30.424,31.744,mp-22896
FeBr2,16.513,4.65,10.581,mp-22880
CdCl2,13.276,4.018,8.647,mp-22881
CaBr2,20.398,19.486,19.942,mp-22888
DyBi,53.954,53.954,53.954,mp-22907
CsBr,12.31,12.31,12.31,mp-22906
EuCl2,27.152,25.931,26.542,mp-22887
HgCl,14.906,8.673,11.79,mp-22897
ZnCl2,7.616,6.121,6.868,mp-22889
KI,10.558,10.558,10.558,mp-22901
CuBr,42.59,42.589,42.59,mp-22917
TbBi,55.237,55.237,55.237,mp-22921
Rb4CdCl6,14.359,14.169,14.264,mp-22930
AgCl,41.63,39.49,40.56,mp-22922
K2PtCl4,12.072,11.986,12.029,mp-22934
K2ReCl6,11.602,11.602,11.602,mp-22947
NaBi,29.906,29.062,29.484,mp-22924
NaBr,19.491,19.491,19.491,mp-22916
Ca2NCl,58.425,57.351,57.888,mp-22936
CsNiCl3,15.812,14.726,15.269,mp-22950
KBrO3,19.851,18.263,19.057,mp-22958
SbSBr,9.426,5.196,7.311,mp-22971
CsTiBr3,14.353,12.393,13.373,mp-22962
Rb2TeCl6,9.584,9.584,9.584,mp-22975
K2PdCl4,11.861,11.829,11.845,mp-22956
CuBiS2,50.046,49.552,49.799,mp-22982
AgClO4,28.131,25.2,26.665,mp-22993
CsMgCl3,14.163,13.281,13.722,mp-23004
CsVI3,9.775,9.577,9.676,mp-22991
CsVCl3,13.272,12.428,12.85,mp-22977
Rb2MnCl4,20.814,20.738,20.776,mp-22978
CsVBr3,11.967,11.417,11.692,mp-23038
Sr2NCl,47.541,47.05,47.295,mp-23033
K2SeBr6,11.09,11.09,11.09,mp-23036
K2ReBr6,11.063,11.063,11.063,mp-23021
Er6MnBi2,53.641,52.198,52.919,mp-23039
ZrIN,34.562,3.761,19.161,mp-23052
NaBiO3,64.082,50.895,57.489,mp-23054
Ho6MnBi2,52.031,50.839,51.435,mp-23047
Sr2BrN,44.82,44.436,44.628,mp-23056
Cs2PtI6,7.331,7.331,7.331,mp-23060
K2PdCl6,12.406,12.406,12.406,mp-23067
SrTa2Bi2O9,90.365,82.167,86.266,mp-23089
Sr5P3ClO12,67.638,64.741,66.189,mp-23121
Br,6.809,1.411,4.11,mp-23154
I,8.398,1.276,4.837,mp-23153
Bi,30.589,24.945,27.767,mp-23157
Ar,0.098,0.098,0.098,mp-23155
Sr5P3BrO12,66.424,62.506,64.465,mp-23141
ZrCl2,29.443,1.12,15.281,mp-23162
PrBi,49.437,49.437,49.437,mp-23171
BI3,0.835,0.776,0.806,mp-23189
HgI2,5.127,1.657,3.392,mp-23173
KCl,16.489,16.489,16.489,mp-23193
LaI2,18.708,2.384,10.546,mp-23194
NdCl3,36.765,32.5,34.633,mp-23183
HgBr,15.465,7.73,11.597,mp-23177
UCl3,33.273,30.073,31.673,mp-23208
InI,13.7,12.962,13.331,mp-23202
Bi2Rh,84.098,81.492,82.795,mp-23217
AsI3,4.875,2.001,3.438,mp-23218
SrCl2,33.615,33.615,33.615,mp-23209
MgI2,12.622,5.707,9.165,mp-23205
MgCl2,14.994,2.327,8.66,mp-23210
Li3Bi,28.2,28.2,28.2,mp-23222
BaI2,16.279,15.873,16.076,mp-23260
YBi,53.143,53.143,53.143,mp-23241
ZrBr3,7.722,2.897,5.309,mp-23247
AgBr,38.448,38.121,38.284,mp-866291
KBr,13.432,13.432,13.432,mp-23251
ErBi,54.597,54.597,54.597,mp-23245
UBr3,27.266,22.851,25.058,mp-23255
I2O5,18.869,16.086,17.477,mp-23261
Bi2O3,57.339,49.514,53.426,mp-1017552
TmBi,54.948,54.948,54.948,mp-23234
BiF3,66.225,42.708,54.467,mp-23237
AsCl3,1.077,0.037,0.557,mp-23280
NaI,15.1,15.1,15.1,mp-23268
LaBr3,28.298,22.647,25.473,mp-23263
AlBr3,1.468,0.497,0.983,mp-23288
CeBi,38.203,38.203,38.203,mp-23285
GdCl3,35.973,22.045,29.009,mp-23265
SbI3,4.655,1.765,3.21,mp-23281
BrF3,7.85,5.745,6.798,mp-23297
NdBi,50.357,50.357,50.357,mp-23300
ScCl3,10.725,0.788,5.757,mp-23309
MoBr3,7.453,1.403,4.428,mp-23312
NaBrO3,27.038,27.038,27.038,mp-23339
Bi2Pt2O7,179.413,179.413,179.413,mp-23341
Cu2HgI4,14.879,14.371,14.625,mp-23353
Cs2PtCl6,8.616,8.616,8.616,mp-23406
K4CdCl6,15.815,15.655,15.735,mp-23392
Al4Bi2O9,108.489,107.459,107.974,mp-23426
Cs2PbCl6,8.082,8.082,8.082,mp-23425
Bi2Ru2O7,178.102,178.102,178.102,mp-23445
KIO3,21.521,20.541,21.031,mp-23487
Ag2HgI4,10.843,10.769,10.806,mp-23485
KClO4,16.293,16.168,16.231,mp-23526
K2PtCl6,12.754,12.754,12.754,mp-23513
KIO4,20.458,19.941,20.199,mp-23562
Ge3(BiO3)4,50.715,50.715,50.715,mp-23560
Na2UI6,4.537,1.894,3.215,mp-23546
LaNi5H7,121.27,119.762,120.516,mp-23671
NaAlH4,19.969,19.243,19.606,mp-23704
LiH2N,28.878,28.873,28.876,mp-23702
BaH2,30.241,29.776,30.008,mp-23715
LiH,36.35,36.35,36.35,mp-23703
MgH2,50.944,48.165,49.554,mp-23711
CaH2,46.972,46.64,46.806,mp-23713
SrH2,37.821,37.36,37.591,mp-23714
KMgH3,34.622,34.622,34.622,mp-23737
B(HO)3,22.957,5.973,14.465,mp-23791
BaLiH3,37.474,37.474,37.474,mp-23818
Mg2FeH6,76.609,76.609,76.609,mp-23804
NaH2N,15.638,10.396,13.017,mp-23850
KHF2,26.503,26.172,26.337,mp-23846
LiHO,17.653,10.848,14.251,mp-23856
NaH,23.295,23.295,23.295,mp-23870
H2SeO4,10.956,6.977,8.966,mp-23866
Ca(HO)2,42.554,28.532,35.543,mp-23879
NaGaH4,14.0,13.983,13.991,mp-23918
K2MgH4,23.207,22.921,23.064,mp-23956
Na2H2Pd,28.264,27.829,28.047,mp-23954
KP(HO2)2,24.668,24.61,24.639,mp-23959
HoHSe,85.388,85.376,85.382,mp-24012
PrH2,68.409,68.409,68.409,mp-24095
Ta2H,204.794,201.374,203.084,mp-24082
ScHCl,28.201,5.29,16.745,mp-24081
KH,13.704,13.704,13.704,mp-24084
NdH2,71.096,71.096,71.096,mp-24096
CsHSeO4,15.533,15.051,15.292,mp-24141
DyH2,84.452,84.452,84.452,mp-24151
AcH2,55.135,55.135,55.135,mp-24147
HoH2,86.522,86.522,86.522,mp-24152
NbH2,179.449,179.449,179.449,mp-24154
ErH2,87.63,87.63,87.63,mp-24192
ScH2,95.971,95.971,95.971,mp-24237
ZrH2,133.535,128.733,131.134,mp-24286
Sr2H6Ru,48.381,48.381,48.381,mp-24292
ThH2,93.466,83.662,88.564,mp-24291
CaPHO4,73.162,72.195,72.678,mp-24390
KH2N,19.213,19.104,19.158,mp-24428
YH2,81.498,81.498,81.498,mp-24650
SmH2,75.078,75.078,75.078,mp-24658
CsHF2,19.464,19.441,19.452,mp-24668
RbH,11.395,11.395,11.395,mp-24721
NiH,200.93,200.93,200.93,mp-24719
TaH2,196.872,196.872,196.872,mp-24723
VH2,175.664,175.664,175.664,mp-24728
TiH2,141.926,139.524,140.725,mp-1077353
AlCl3,17.864,2.154,10.009,mp-25469
K2PdBr4,10.211,10.146,10.178,mp-27138
Ca5Bi3,32.567,31.77,32.168,mp-27145
BeP2,89.366,89.365,89.366,mp-27148
InOF,136.314,134.367,135.341,mp-27175
K2MgCl4,21.773,21.746,21.759,mp-27207
Cd(NO3)2,24.888,24.697,24.793,mp-27198
LiAg3O2,67.046,65.992,66.519,mp-27227
Mg(SbO2)2,50.567,48.508,49.538,mp-27219
Au2O3,90.767,70.243,80.505,mp-27253
