material_id,formula,bulk_modulus_voigt,bulk_modulus_reuss,bulk_modulus_vrh,log_bulk_modulus_vrh
mp-1524357,BiPO4,72.933,69.929,71.431,1.85388673008313
mp-1524551,Zn3N2,133.43,131.438,132.434,2.1219994965596563
mp-1537871,Ag2S,34.454,21.95,28.202,1.450279908254263
mp-1539317,Ta2O5,196.156,192.272,194.214,2.2882805330055453
mp-1541458,Mg(ReO4)2,26.689,6.293,16.491,1.217246991685393
mp-1542038,CsSnSe3,15.362,9.886,12.624,1.1011969858653452
mp-1542940,TiTlPS5,11.836,7.779,9.808,0.9915804571743398
mp-1545896,Li2Sb,33.969,33.906,33.938,1.5306862453311942
mp-1546032,Hg,6.294,6.069,6.181,0.7910587435918254
mp-1946459,CsAgBr3,25.511,25.511,25.511,1.4067274827560028
mp-1974948,Na2O,47.27,46.664,46.967,1.671792820667485
mp-1975771,RbAgCl3,31.704,31.491,31.598,1.499659594756
mp-2022604,Ag2Se,32.33,18.175,25.252,1.4022957806553162
mp-2025704,Ag2S,14.088,5.717,9.903,0.995766779049974
mp-2036706,TiCl3,12.288,1.371,6.83,0.8344207036815325
mp-2051619,Cd(HO)2,57.149,57.117,57.133,1.7568870290533465
mp-2220557,Ta2CuO6,146.286,121.193,133.739,2.126258071547405
mp-2224869,CuTeO4,118.098,16.575,67.337,1.8282537637825669
mp-2349989,NbAgO3,133.079,101.5,117.29,2.0692609862847466
mp-2352785,Zn(InS2)2,24.082,1.603,12.842,1.108632665580476
mp-2353328,ZrCl3,12.434,3.287,7.86,0.895422546039408
mp-2356866,PdSeO4,25.707,21.154,23.43,1.3697722885969628
mp-2360071,CuBr2,19.53,5.682,12.606,1.1005773027895962
mp-2362466,GaAs,65.878,64.62,65.249,1.8145738601051866
mp-2362485,LiMg,25.596,25.511,25.554,1.4074588904573924
mp-2362521,Li9Ge4,33.853,33.813,33.833,1.529340508745123
mp-2365577,LiNiS2,73.056,69.53,71.293,1.8530468901517996
mp-2374583,SiO2,89.353,89.351,89.352,1.9511042779299983
mp-2379939,Ca2SiO4,87.995,86.461,87.228,1.9406559149047935
mp-2382752,CaC2,58.58,56.403,57.491,1.759599862841571
mp-2394167,VN,305.263,292.8,299.032,2.4757176655143933
mp-2408760,NaCu2O3,104.401,82.234,93.317,1.9699607684373135
mp-2415538,MgZn,47.704,39.497,43.601,1.63949645003697
mp-2416214,TbSe,60.988,59.976,60.482,1.7816261438457053
mp-2420244,TiO2,92.355,21.368,56.861,1.7548144932486014
mp-2458827,TePdI2,12.577,0.763,6.67,0.8241258339165489
mp-2464440,KAgCl3,31.855,31.855,31.855,1.5031776094180602
mp-2468774,LiCuS,62.815,62.703,62.759,1.7976760149349453
mp-2468815,LiCoS2,81.465,79.664,80.565,1.906146411431181
mp-2468835,Li7B18O,129.656,129.497,129.576,2.1125245691828485
mp-2475638,LiBe,47.216,22.761,34.988,1.543919117853336
mp-2479693,LiCaSn,33.568,32.688,33.128,1.5201952174943216
mp-2479851,Mg3Cu,45.332,44.089,44.71,1.650404669868032
mp-2488451,Fe11MoC4,201.954,200.787,201.371,2.303996926759709
mp-2506699,BaCO3,53.929,45.28,49.604,1.695516698826566
mp-2514049,Tm(CuTe)3,55.08,53.536,54.308,1.734863809329962
mp-2517816,TePb,38.07,36.798,37.434,1.5732662360140068
mp-2525045,Zr2N2O,170.364,150.924,160.644,2.205864509435915
mp-2530518,TePd3,134.527,134.521,134.524,2.1287997723513428
mp-2619703,ZrCuF6,44.954,30.462,37.708,1.5764334984093855
mp-2626703,BaCO3,50.706,49.638,50.172,1.7004614135980396
mp-2629196,Hg,7.626,7.617,7.622,0.8820689444361484
mp-2630414,TaO3,187.237,187.237,187.237,2.2723916740390226
mp-2637304,Al2O3,98.994,79.63,89.312,1.950909814808537
mp-2649045,CsInBr3,21.762,21.762,21.762,1.337698805964078
mp-2650313,Fe2NiSe4,79.809,73.96,76.885,1.8858416187005538
mp-2654140,CaSn2O5,123.541,121.643,122.592,2.0884621303029838
mp-2659898,LiBH4,18.323,16.744,17.533,1.2438562328065057
mp-2661453,Li2H2Pt,49.395,49.339,49.367,1.693436736232442
mp-2665147,MgNb2(PbO3)3,86.803,65.781,76.292,1.882479000104162
mp-2672345,MgCu,80.505,80.329,80.417,1.9053478674768178
mp-2675163,WN2,101.25,100.66,100.955,2.0041278331225048
mp-2677258,PdSO4,28.924,25.832,27.378,1.4374017191563044
mp-2679737,Tl2CS3,7.580999999999999,7.112,7.347,0.8661100398443766
mp-2679804,WN2,121.57,121.557,121.564,2.0848049818763723
mp-2695851,CdHgO2,86.859,67.268,77.064,1.8868515472781084
mp-2717324,CaCO3,77.549,73.195,75.372,1.877210039451698
mp-2717767,Er(CuTe)3,54.401,52.884,53.642,1.7295049618113898
mp-2719342,Ca2SiO4,100.036,98.199,99.117,1.9961481486629742
mp-2720358,NaClO3,25.827,25.827,25.827,1.4120739625375205
mp-2724101,Li2HfO3,133.122,116.265,124.693,2.095842073793675
mp-2724538,LiCuS,30.101,21.205,25.653,1.4091381611538638
mp-2725306,NaCu3O4,73.419,18.261,45.84,1.6612446089593336
mp-2774343,Na3Be,14.383,14.382,14.383,1.1578494804529016
mp-2775197,Rb3Hf,6.057,6.057,6.057,0.7822575736633017
mp-2789384,KMg6Nb,32.154,29.728,30.941,1.4905343458036757
mp-2795318,RbCaCl3,24.034,23.977,24.006,1.3803198017626408
mp-2802611,H3ClO,12.504,3.94,8.222,0.9149774724443309
mp-2803876,AgO,107.404,97.725,102.564,2.010994950006764
mp-2828744,KHfMg6,30.313,28.997,29.655,1.4720979283693536
mp-2828768,SrMg6Zr,35.049,34.023,34.536,1.5382720356482111
mp-2828799,RbMg6Zr,25.985,24.69,25.338,1.4037723318085513
mp-2831205,Cu2S,88.412,86.826,87.619,1.9425982922459433
mp-2831849,RhN2,216.742,211.135,213.938,2.3302879314839373
mp-2831941,Na2CdSnS4,31.254,28.79,30.022,1.4774396206198237
mp-2861134,KMg6Zr,29.444,28.56,29.002,1.4624279482097782
mp-2872104,CdTe,39.319,38.85,39.084,1.5919990046124979
mp-2876153,DyMn2,74.238,74.228,74.233,1.8705970121776134
mp-2880538,Tm3V,51.93,51.93,51.93,1.7154183225950563
mp-2894145,LiMg6Mo,46.566,45.631,46.099,1.6636915045828733
mp-2913080,BiBr3,5.309,1.751,3.53,0.5477747053878226
mp-2929431,HI3,2.688,0.883,1.785,0.251638220448212
mp-2931468,ZrScB24,225.711,225.708,225.71,2.3535508007641215
mp-768197,Li5SbS4,39.444,37.443,38.444,1.5848285685789745
mp-768240,BaY2F8,79.98,77.671,78.825,1.8966639794199422
mp-768241,Dy2Ge2O7,128.495,122.612,125.554,2.0988305533711644
mp-768305,Sr2HfO4,122.783,122.757,122.77,2.0890922558427194
mp-768310,LaBiO3,61.45,53.631,57.541,1.759977405185661
mp-768342,SrNb2O4,148.219,145.812,147.015,2.167361648250781
mp-768358,ScInO3,153.272,150.396,151.834,2.181369033476417
mp-768368,K4I2O,13.624,13.553,13.588,1.1331555381979903
mp-768479,YScO3,153.019,151.242,152.13,2.1822148652675355
mp-768572,YAl3O6,70.487,40.786,55.637,1.7453637043794725
mp-768864,KNdO2,71.421,67.126,69.273,1.8405639959988045
mp-768870,Ca(ClO3)2,23.654,21.101,22.378,1.349821269512391
mp-769096,MnP4,119.654,114.757,117.205,2.0689461392084456
mp-769253,Dy2SeO2,86.121,84.27,85.195,1.9304141072534498
mp-770118,Ba3Ti2O7,89.124,83.313,86.219,1.9356029814383002
mp-770649,Li5NbO5,102.236,97.043,99.64,1.998433718864469
mp-770771,SrSc2O4,141.792,140.342,141.067,2.149425430521949
mp-771055,EuZrO3,154.842,154.842,154.842,2.1898887722010008
mp-771359,Cu2O3,161.174,161.174,161.174,2.2072949843223917
mp-772099,Cd(CuO2)2,131.437,122.941,127.189,2.1044495527756353
mp-773044,LiCuO2,83.32,30.776,57.048,1.7562404234397864
mp-773137,KCaBi,16.126,16.049,16.088,1.2065020575886856
mp-773864,TiSnO4,165.021,162.61,163.816,2.21435631728006
mp-774712,LiCuS,68.081,39.447,53.764,1.730491572421209
mp-774922,Ti3TeO8,7.074,5.218,6.146,0.7885925559203594
mp-775757,HfO2,219.361,216.38,217.87,2.338197433406282
mp-775761,AgClO3,33.661,33.661,33.661,1.5271270138391764
mp-775808,MgO,115.855,115.214,115.534,2.062709809678022
mp-775906,Y2O3,140.004,138.86,139.432,2.144362456893639
mp-775907,Y2O3,129.658,126.728,128.193,2.1078643111081234
mp-775909,ZrO2,198.699,190.452,194.576,2.289089271130912
mp-775910,ZrO2,188.213,188.207,188.21,2.2746426946993252
mp-775935,ZrO2,134.734,120.75,127.742,2.1063337114318315
mp-776083,HfSnO3,41.503,2.525,22.014,1.3426989621395915
mp-776097,HfO2,200.96,199.524,200.242,2.301555174318036
mp-776165,AgAuO3,123.896,123.896,123.896,2.0930572853432157
mp-776404,ZrO2,198.614,194.693,196.653,2.293700576087783
mp-776456,Ti2O3,218.33,194.962,206.646,2.315227003158784
mp-776475,Al2O3,212.727,212.727,212.727,2.327822615463764
mp-776490,Al2O3,228.5,227.914,228.207,2.358328961794499
mp-776532,HfO2,215.155,207.942,211.548,2.3254089238149396
mp-776896,Nb2O5,56.274,54.292,55.283,1.7425916025299224
mp-776911,MgO,115.633,115.453,115.543,2.0627436395298817
mp-777047,LiTmO2,100.938,85.654,93.296,1.9698630240769692
mp-777413,CeScO3,163.16,157.544,160.352,2.2050743810623827
mp-777422,DyHO2,107.629,104.633,106.131,2.0258422563095633
mp-778364,Na6Ti2O7,50.212,42.521,46.367,1.6662089974357257
mp-779517,Sr3Hf2O7,135.378,135.191,135.285,2.131249645981475
mp-779545,Na3CuO2,46.348,40.167,43.258,1.6360664362994952
mp-780260,TiGeO3,48.879,5.999,27.439,1.4383682796879347
mp-784630,Ni2Mo,241.09,239.774,240.432,2.3809922690651013
mp-784631,CrNi2,221.404,221.33,221.367,2.345112879478156
mp-849060,VS2,19.667,5.739,12.703,1.103906298088718
mp-850275,Li3SbS4,9.928,9.928,9.928,0.9968617684906734
mp-853967,LiCuS,42.94,41.883,42.412,1.6274887527352033
mp-861182,Li4TiS4,25.439,23.955,24.697,1.392644201738427
mp-861228,Li3CuS2,41.992,35.144,38.568,1.5862271184749506
mp-861460,AcInTe2,42.162,42.162,42.162,1.6249212039208625
mp-861479,PrYMg2,39.202,39.202,39.202,1.593308224336954
mp-861481,Pr2AgRu,75.998,75.998,75.998,1.8808021633282543
mp-861483,Pr2IrPd,91.797,91.797,91.797,1.962828488339204
mp-861498,Pr2HgPb,53.36,53.36,53.36,1.7272158209084925
mp-861499,Pr2CuIr,84.313,84.313,84.313,1.9258945425130538
mp-861505,Pr2MgTl,43.757,43.757,43.757,1.64104753891706
mp-861508,Pr2ZnIr,78.497,78.497,78.497,1.8948530591867532
mp-861588,Pr2CuRu,78.771,78.771,78.771,1.896366358884642
mp-861594,Pr2TlCd,48.605,48.605,48.605,1.6866809474663247
mp-861600,Ho2ZnIn,60.928,60.928,60.928,1.7848169223683614
mp-861605,AcH3,69.171,69.171,69.171,1.839924054287075
mp-861610,Tc3Pd,254.21,251.221,252.716,2.402632738919269
mp-861616,LiSc2Ir,99.243,99.243,99.243,1.9966998840136458
mp-861617,LaHgAu2,69.273,69.273,69.273,1.8405639959988045
mp-861624,LiLaHg2,44.988,44.988,44.988,1.6530966864691754
mp-861625,LiZnAg2,65.489,65.489,65.489,1.8161683589156292
mp-861627,Ti2AlMo,150.337,150.337,150.337,2.177065879577462
mp-861628,Er2TlCd,59.121,59.121,59.121,1.771741771307083
mp-861629,LiMnPd2,102.805,102.805,102.805,2.0120142374180414
mp-861630,Tc3Ru,303.552,303.227,303.39,2.482001261960297
mp-861637,Ti2AlTc,159.815,159.815,159.815,2.203617539130051
mp-861639,Ti2CoIr,193.269,193.269,193.269,2.2861621995608234
mp-861640,Ti2AlRe,172.0,172.0,172.0,2.2355284469075487
mp-861641,Ti2CoRe,190.189,190.189,190.189,2.2791853949491903
mp-861643,CaLaMg2,29.61,29.61,29.61,1.4714384073892992
mp-861645,Ca2MgTl,28.633,28.633,28.633,1.4568668532674607
mp-861651,Li2PdPb,50.293,50.293,50.293,1.7015075422541772
mp-861653,ThH3,101.943,101.384,101.664,2.0071671931470534
mp-861656,Ti2CrIr,194.37,194.37,194.37,2.288629234664989
mp-861658,LiMnPt2,134.07,134.07,134.07,2.1273316093800214
mp-861660,LiNdHg2,48.714,48.714,48.714,1.687653791789059
mp-861661,LiPr2Ru,61.849,61.849,61.849,1.7913326821705913
mp-861662,CaZrRh2,120.366,120.366,120.366,2.0805038283032062
mp-861663,LiRh2Pb,125.906,125.906,125.906,2.100046426730595
mp-861665,LiTmIn2,38.577,38.577,38.577,1.5863284510397275
mp-861666,LiRu2W,221.989,221.989,221.989,2.34633145482154
mp-861672,Ti2FeIr,191.953,191.953,191.953,2.283194904019271
mp-861724,Ac2AgIr,67.493,67.493,67.493,1.829258732549291
mp-861733,LiTePd2,94.385,94.385,94.385,1.9749029801577267
mp-861735,AcMgTl2,39.982,39.982,39.982,1.6018645148255934
mp-861736,LiSbPd2,107.809,107.809,107.809,2.032655017689158
mp-861738,CaMgPb,36.596,36.423,36.51,1.5624118329497274
mp-861867,AcI3,4.25,0.852,2.551,0.40671045860979005
mp-861872,Ac2HgGe,47.445,47.445,47.445,1.676190450971404
mp-861873,TaTlO3,187.786,187.786,187.786,2.2736632112027944
mp-861875,LiHf2Re,137.66,137.66,137.66,2.1388077652177144
mp-861876,LiAc2Si,39.953,39.953,39.953,1.6015493952777669
mp-861880,AcCdRh2,93.343,93.343,93.343,1.9700817547932816
mp-861881,LiGeAu2,77.804,77.804,77.804,1.8910019251808408
mp-861882,LiGeIr2,206.944,206.944,206.944,2.3158528392670226
mp-861883,Ac2CuIr,68.935,68.935,68.935,1.8384397799254488
mp-861884,AcGaTe2,43.131,43.131,43.131,1.6347895274584319
mp-861896,LiHg2Pd,69.136,69.136,69.136,1.839704248967155
mp-861900,LiGaAu2,85.118,85.118,85.118,1.9300214105434512
mp-861901,LiGaCu2,86.815,86.815,86.815,1.9385947695821568
mp-861905,LiBiPd2,82.613,82.613,82.613,1.9170483933739784
mp-861908,TaTiRu2,234.152,234.152,234.152,2.369497871642994
mp-861909,CdGaRh2,160.28,160.28,160.28,2.2048793337606623
mp-861912,TaTiTc2,230.754,230.754,230.754,2.363149238031085
mp-861913,LiDy2Al,49.683,49.683,49.683,1.6962078118889148
mp-861931,LiPt3,182.434,182.434,182.434,2.2611057804635455
mp-861933,LiTmHg2,54.296,54.296,54.296,1.7347678361834102
mp-861935,CaSnRh2,116.199,116.199,116.199,2.065202390564203
mp-861936,LiPd3,120.749,120.749,120.749,2.0818835427669846
mp-861937,Ba2AsAu,36.968,36.968,36.968,1.5678259555106486
mp-861939,Ac3Sn,34.933,34.933,34.933,1.5432358838769582
mp-861940,Ca2CdSn,34.346,34.346,34.346,1.5358761655853452
mp-861946,Er2MgAl,57.65,57.65,57.65,1.760799311630718
mp-861947,LiPm2Ga,41.038,41.038,41.038,1.6131861871396043
mp-861951,LiTaRh2,185.431,185.431,185.431,2.2681823403991266
mp-861953,AlFeRh2,193.542,193.542,193.542,2.2867752245949897
mp-861954,LiTaRu2,190.046,190.046,190.046,2.2788587332066355
mp-861955,LiPm2Ge,52.428,52.428,52.428,1.7195632907571932
mp-861956,LiPm2Ir,73.728,73.728,73.728,1.8676324530710804
mp-861958,Ti2MnBe,153.777,153.777,153.777,2.1868913840997224
mp-861961,TiZnRh2,190.201,190.201,190.201,2.27921279595229
mp-861974,PaCdPt2,145.981,145.981,145.981,2.1642963343315493
mp-861975,PaO3,252.222,252.197,252.209,2.4017605801775734
mp-861978,Hf2ReIr,213.322,213.322,213.322,2.3290356467570046
mp-861979,Ir2S3,168.879,161.974,165.426,2.218603768633265
mp-861983,Ti2MnFe,184.197,184.197,184.197,2.265282552603199
mp-861993,Ho2TlAg,63.714,63.714,63.714,1.804234871184631
mp-861994,Ho2TlCd,59.723,59.723,59.723,1.7761416150396254
mp-862260,ScZn3,79.571,78.441,79.006,1.8976600744289636
mp-862262,LaCdHg2,52.817,52.817,52.817,1.7227737296909198
mp-862287,BeAlRh2,199.23,199.23,199.23,2.2993547349585066
mp-862288,AlFe2W,238.376,238.376,238.376,2.377262527946337
mp-862289,AcHg3,47.016,46.955,46.985,1.6719592311913676
mp-862290,LiFeRh2,145.894,145.894,145.894,2.164037431574927
mp-862291,BeGaRh2,200.601,200.601,200.601,2.3023330936564803
mp-862297,LiAlRh2,147.585,147.585,147.585,2.1690422196261276
mp-862312,LiBePd2,124.471,124.471,124.471,2.0950681786844703
mp-862316,LiBePt2,165.822,165.822,165.822,2.219642148920926
mp-862318,LiAl2Ni,103.846,103.846,103.846,2.01638977278846
mp-862319,Ac2CdSn,42.615,42.615,42.615,1.6295624927786172
mp-862321,LiAsPd2,108.466,108.466,108.466,2.035293624576835
mp-862335,LiAsRh2,160.442,160.442,160.442,2.205318067068959
mp-862338,Sc2CuRu,113.161,113.161,113.161,2.0536967766478287
mp-862339,Sc2GaAg,81.21,81.21,81.21,1.909609510490169
mp-862340,Sc2GaCu,85.089,85.089,85.089,1.9298734196841203
mp-862360,Sc2NiIr,137.387,137.387,137.387,2.1379456403263735
mp-862361,Sc2NiOs,145.388,145.388,145.388,2.162528562308087
mp-862377,LiBe2Ir,139.753,139.753,139.753,2.1453611394168615
mp-862379,Sc2TcAg,108.026,108.026,108.026,2.033528295279234
mp-862423,Sc2TcPd,123.752,123.752,123.752,2.092552226449606
mp-862431,Sc2AgOs,123.096,123.096,123.096,2.0902439407773596
mp-862432,Sc2AgIr,120.565,120.565,120.565,2.081221250482603
mp-862445,TaAlOs2,268.452,268.452,268.452,2.4288666438579387
mp-862446,TaAlRu2,240.988,240.988,240.988,2.3819954174149727
mp-862473,Sc2AgRu,111.847,111.847,111.847,2.0486243397878674
mp-862486,Sc2AlOs,123.137,123.137,123.137,2.0903885686210897
mp-862492,LiErTl2,43.284,43.284,43.284,1.636327388365988
mp-862543,Sc2AlTc,109.061,109.061,109.061,2.037669475493576
mp-862546,Sc2AlRu,110.743,110.743,110.743,2.0443162842634903
mp-862548,Sc2AlZn,76.171,76.171,76.171,1.8817896572033506
mp-862549,LiAcTl2,34.711,34.711,34.711,1.5404671255765108
mp-862553,Sc2BeRu,112.509,112.509,112.509,2.0511872646162654
mp-862555,LiY2Al,50.306,50.306,50.306,1.7016197864772047
mp-862561,ScSbRu2,181.046,181.046,181.046,2.257788934029485
mp-862563,Sc2BeTc,105.286,105.286,105.286,2.0223706263899577
mp-862565,ScBr2,38.135,37.307,37.721,1.5765831975521727
mp-862586,Re3Pd,299.552,294.623,297.088,2.4728851101037863
mp-862588,LiDy2Tc,68.896,68.896,68.896,1.8381940081433932
mp-862589,Re3Pt,327.476,324.428,325.952,2.5131536501600653
mp-862600,Be2PtRh,216.114,216.114,216.114,2.334682901662535
mp-862601,RhI2,56.779,54.418,55.598,1.745059169197412
mp-862602,ScAlCo2,146.391,146.391,146.391,2.1655143774704264
mp-862604,Re3Ni,317.404,316.879,317.142,2.5012537606659255
mp-862610,LiHfIr2,174.685,174.685,174.685,2.242255614216398
mp-862613,LiAc2Ga,33.104,33.104,33.104,1.5198804733216593
mp-862617,AcAl3,59.02,58.61,58.815,1.7694881013558879
mp-862619,LiErIn2,43.83,43.83,43.83,1.6417714706539592
mp-862620,IrRu3,321.538,321.023,321.281,2.506885042890006
mp-862622,BeRu2W,270.586,270.586,270.586,2.4323053226384137
mp-862631,Ba2SbAu,31.487,31.487,31.487,1.4981312841515828
mp-862632,LiCa2Al,29.043,29.043,29.043,1.4630414748432299
mp-862655,Ru3W,308.664,308.191,308.427,2.4891523896050733
mp-862656,ErAl3,77.304,76.267,76.785,1.8852763886059267
mp-862657,LiCuPd2,144.978,144.978,144.978,2.161302104279818
mp-862658,LiCu3,92.465,92.441,92.453,1.9659210081107343
mp-862662,LaMgZn2,51.066,51.066,51.066,1.7081318408991584
mp-862663,LaPbAu2,71.48,71.48,71.48,1.8541845438336066
mp-862664,Rb2Zr2O5,92.252,79.843,86.047,1.9347357333950406
mp-862666,DyGaRh2,141.67,141.67,141.67,2.151277893904123
mp-862667,LiAc2Ge,38.715,38.715,38.715,1.5878792635995502
mp-862669,BeFe2Si,219.307,219.307,219.307,2.3410524940252446
mp-862673,LiY2Ru,70.948,70.948,70.948,1.8509401573522481
mp-862677,LiHoTl2,42.546,42.546,42.546,1.628858735758181
mp-862679,TaZn2,151.923,151.849,151.886,2.181517744876915
mp-862680,DyMgAg2,65.63,65.63,65.63,1.817102404256923
mp-862682,Ba2Ga2O5,112.083,111.127,111.605,2.047683651803772
mp-862684,LiHf2Os,145.945,145.945,145.945,2.164189220875209
mp-862690,Ac,24.652,24.645,24.648,1.3917816853088842
mp-862691,Al2FeCo,179.509,179.509,179.509,2.2540862275792515
mp-862692,DyHoMg2,43.612,43.612,43.612,1.6396060034137891
mp-862694,Al2IrRh,211.649,211.649,211.649,2.3256162208586573
mp-862695,Al2CoRu,185.345,185.345,185.345,2.267980874683366
mp-862697,Er2MgGe2,75.128,74.941,75.034,1.8752580989441412
mp-862698,Ac2SiAu,56.494,56.494,56.494,1.7520023256024382
mp-862699,ScTaOs2,235.29,235.29,235.29,2.371603469729753
mp-862700,AlVOs2,270.525,270.525,270.525,2.4322074057100633
mp-862702,Sc2AgHg,79.681,79.681,79.681,1.9013547758643958
mp-862703,Sc2AgAu,91.964,91.964,91.964,1.9636178527684849
mp-862704,ScZn2Pt,123.901,123.901,123.901,2.093074811563548
mp-862705,AlZnIr2,220.942,220.942,220.942,2.3442782809888065
mp-862706,BeCo2Ge,201.076,201.076,201.076,2.303360237232354
mp-862710,Sc2CdTc,100.691,100.691,100.691,2.0029906540192175
mp-862712,Sc2CoIr,137.361,137.361,137.361,2.137863443865885
mp-862713,BeGeRu2,227.447,227.447,227.447,2.3568802129090467
mp-862715,Al2PdRu,180.532,180.532,180.532,2.2565541934531
mp-862716,LiAg3,66.508,66.504,66.506,1.8228608280000234
mp-862717,LiAlAu2,97.735,97.735,97.735,1.9900501172995453
mp-862719,LiY2Os,80.346,80.346,80.346,1.9049642604251964
mp-862720,Sr2CdIn,26.36,26.36,26.36,1.4209454059219722
mp-862721,Sr2CdPb,27.344,27.344,27.344,1.4368620453766616
mp-862723,ScTc2Mo,207.886,207.886,207.886,2.317825242927074
mp-862725,ScTc2W,219.455,219.455,219.455,2.341345480135069
mp-862727,Pm2ZnPb,54.069,54.069,54.069,1.732948337422897
mp-862728,Pm2ZnRu,78.796,78.796,78.796,1.8965041715248356
mp-862730,LiGaRh2,148.873,148.873,148.873,2.1728159401009215
mp-862732,PmZn3,65.527,64.388,64.957,1.8126259590666827
mp-862733,Pm2ZnSi,64.649,64.649,64.649,1.8105618115390618
mp-862734,Pm2ZnSn,58.086,58.086,58.086,1.7640714705072111
mp-862737,LiHgPd2,97.049,97.049,97.049,1.9869910647453048
mp-862740,Sr2TlCd,25.727,25.727,25.727,1.410389146513233
mp-862742,Pm2ZnGe,62.046,62.046,62.046,1.7927137885112536
mp-862745,Sr2LiPt,30.834,30.834,30.834,1.4890298680688165
mp-862747,Sr2PtAu,45.405,45.405,45.405,1.6571036800122543
mp-862750,SrNiSn2,59.811,55.329,57.57,1.7601962294551339
mp-862754,PrBS3,53.701,51.763,52.732,1.7220742434060297
mp-862755,PrCd3,53.986,53.986,53.986,1.732281150359136
mp-862756,PrGa3,66.857,66.099,66.478,1.8226779451618926
mp-862757,PrDyMg2,39.675,39.675,39.675,1.5985169354268858
mp-862759,PrMgZn2,55.055,55.055,55.055,1.7407967669735624
mp-862767,TbMgCd2,54.108,54.108,54.108,1.7332614813541953
mp-862769,RbGe3,22.826,15.402,19.114,1.2813515816727377
mp-862775,LiInRh2,125.117,125.117,125.117,2.0973163225199163
mp-862778,AlSiRu2,230.759,230.759,230.759,2.3631586482639912
mp-862779,Tc3Os,325.336,324.966,325.151,2.512085094016112
mp-862781,AlCrRu2,230.931,230.931,230.931,2.36348223618811
mp-862786,Ac2CuGe,54.864,54.864,54.864,1.739287467770869
mp-862788,Er2ZnIn,61.635,61.635,61.635,1.7898274003175525
mp-862790,FeSiTc2,246.944,246.944,246.944,2.3925984785698597
mp-862795,CaLaAg2,44.205,44.205,44.205,1.6454713949056063
mp-862797,RbAcTe2,36.494,36.494,36.494,1.562221467714351
mp-862798,Pt3W,283.49,283.462,283.476,2.452516296002193
mp-862800,PrI3,4.592,0.499,2.5460000000000003,0.4058583993176366
mp-862805,PrSnAu2,80.55,80.55,80.55,1.9060655447552368
mp-862813,PaPbAu2,102.518,102.518,102.518,2.010800125044041
mp-862814,PaSiTc2,200.716,200.716,200.716,2.302581993487715
mp-862815,LiScAu2,82.368,82.368,82.368,1.915758520888274
mp-862820,PaSi3,122.743,122.743,122.743,2.088996733804712
mp-862821,PaSnAu2,109.742,109.742,109.742,2.040372870759358
mp-862830,PaTlAu2,99.51,99.51,99.51,1.9978667262391447
mp-862831,PaTiTc2,172.516,172.516,172.516,2.236829379927967
mp-862832,PaTlO3,133.398,133.398,133.398,2.1251493183700725
mp-862837,PmAlAg2,77.247,77.247,77.247,1.88788162196425
mp-862838,PmAlCu2,86.005,86.005,86.005,1.9345237001887743
mp-862841,LiPm2Os,74.575,74.575,74.575,1.8725932620341004
mp-862842,LiPm2Pt,63.715,63.715,63.715,1.8042416874428127
mp-862843,PaZnRu2,175.731,175.731,175.731,2.2448483803989996
mp-862844,PaAl3,96.073,95.834,95.953,1.982058557634054
mp-862846,CaLaHg2,44.947,44.947,44.947,1.6527007099307514
mp-862847,PaB3,208.76,197.231,202.995,2.307485340873054
mp-862849,Ac2NiIr,71.229,71.229,71.229,1.8526568472291618
mp-862854,PaPd3,160.138,158.471,159.305,2.202229406926881
mp-862855,PaO2,148.229,134.935,141.582,2.1510080429188725
mp-862861,Pa3Si,108.501,108.501,108.501,2.035433740880222
mp-862862,Pa3Sb,104.598,104.598,104.598,2.019523380542079
mp-862863,Pa3Te,105.402,105.402,105.402,2.022848851680352
mp-862864,Pa3Ge,111.033,111.033,111.033,2.0454520741734545
mp-862868,PbBr2,25.045,24.909,24.977,1.3975402738424574
mp-862870,LiTcO3,194.213,194.213,194.213,2.2882782968351356
mp-862871,PbCl2,29.683,29.26,29.472,1.469409608516755
mp-862872,PmAgAu2,83.952,83.952,83.952,1.9240310468542636
mp-862873,AcAgHg2,52.065,52.065,52.065,1.7165458727270932
mp-862874,PmAgHg2,66.323,66.323,66.323,1.8216641625057046
mp-862875,ThGaAu2,100.3,100.3,100.3,2.001300933020418
mp-862880,PmBiPd2,90.9,90.9,90.9,1.9585638832219674
mp-862881,CaPmCd2,42.236,42.236,42.236,1.6256827812069692
mp-862882,CaPmAu2,66.309,66.309,66.309,1.8215724784058007
mp-862883,CaPmHg2,48.969,48.969,48.969,1.6899212353452295
mp-862884,CaPmPd2,67.273,67.273,67.273,1.8278407952224873
mp-862885,CaPmRh2,83.697,83.697,83.697,1.9227098916038283
mp-862886,CaPmPt2,87.525,87.525,87.525,1.9421321194370702
mp-862887,LiSc2Os,98.86,98.86,98.86,1.995020606124758
mp-862888,CaPmZn2,44.865,44.865,44.865,1.6519076720869994
mp-862890,AcAg2Sn,60.159,60.159,60.159,1.7793006085328638
mp-862891,PmCdAu2,79.05,79.05,79.05,1.8979018742682279
mp-862892,PmCdHg2,60.32,60.32,60.32,1.7804613328617176
mp-862895,Er2ZnRu,92.632,92.632,92.632,1.9667610409226612
mp-862896,PmCdRh2,111.806,111.806,111.806,2.0484651103211715
mp-862897,PmCdPt2,108.292,108.292,108.292,2.0345963745922186
mp-862898,PmCdPd2,90.071,90.071,90.071,1.9545849844609888
mp-862899,PmCd3,55.77,55.77,55.77,1.746400644491561
mp-862901,PmF3,136.521,135.964,136.242,2.134311010340543
mp-862902,PmDyMg2,40.229,40.229,40.229,1.6045392371479543
mp-862903,PmGaAg2,66.067,66.067,66.067,1.8199845866172142
mp-862911,Ti2CoTc,187.175,187.175,187.175,2.2722478418000764
mp-862912,PmHgAu2,80.514,80.514,80.514,1.905871403275963
mp-862918,PmHoMg2,40.038,40.038,40.038,1.6024723752344148
mp-862923,PmInAg2,71.516,71.516,71.516,1.8544032157080483
mp-862927,LiPmHg2,49.81,49.81,49.81,1.6973165417323834
mp-862928,LiPmTl2,41.737,41.737,41.737,1.6205212293420526
mp-862930,Li2PmIn,38.084,38.084,38.084,1.580742556484907
mp-862934,Li2PmTl,39.836,39.836,39.836,1.6002757236989207
mp-862936,PmMgAg2,60.967,60.967,60.967,1.7850948252416896
mp-862938,PmMgHg2,59.195,59.195,59.195,1.7722850248966466
mp-862942,NaPmAu2,59.173,59.173,59.173,1.7721235880435802
mp-862943,NaPmHg2,43.007,43.007,43.007,1.633539148927338
mp-862945,NaPmTe2,44.621,44.621,44.621,1.6495392990185358
mp-862948,Li2PmPb,40.01,40.01,40.01,1.6021685513789972
mp-862949,NaPmTl2,36.356,36.356,36.356,1.5605760947510035
mp-862954,PmPd3,117.777,117.777,117.777,2.071060487833548
mp-862956,PmSnAu2,83.851,83.851,83.851,1.92350824633259
mp-862962,CaLaZn2,42.467,42.467,42.467,1.628051582171172
mp-862964,PmSmMg2,39.146,39.146,39.146,1.592687391766162
mp-862966,PmTlAg2,65.448,65.448,65.448,1.815896379653236
mp-862969,PmYMg2,39.687,39.687,39.687,1.5986482711750412
mp-862977,Pm2AgIr,86.836,86.836,86.836,1.9386998099696515
mp-862979,Pm2AgGe,64.38,64.38,64.38,1.8087509723495947
mp-862980,PmAl3,69.142,68.687,68.914,1.838307458556552
mp-862981,Er2CdIn,60.36,60.36,60.36,1.7807492311035522
mp-862983,InCl3,9.467,1.284,5.376,0.7304592600457689
mp-862984,PmB3,145.258,144.241,144.75,2.160618572399474
mp-862989,Pm2AgPt,78.671,78.671,78.671,1.895814670592694
mp-862990,Pm2AgSn,61.036,61.036,61.036,1.785586064349684
mp-862993,ErMgSn,58.989,58.903,58.946,1.7704543397641426
mp-862994,Pm2CdGe,58.544,58.544,58.544,1.7674823921425322
mp-862996,Pm2CdIn,52.402,52.402,52.402,1.71934786279266
mp-863021,Ba2Sc2O5,107.219,104.003,105.611,2.02370915485029
mp-863026,SmCl3,7.726,0.9,4.313,0.6347794581459516
mp-863028,SmI3,5.04,0.56,2.8,0.4471580313422192
mp-863029,ErCl3,8.403,1.326,4.864,0.6869935662646786
mp-863251,Sr2SbAu,37.562,37.562,37.562,1.574748708350177
mp-863257,LiGa3,39.269,39.269,39.269,1.594049841937299
mp-863258,Sr2AsAu,42.139,42.139,42.139,1.6246842251582945
mp-863260,Sr(MgAs)2,47.65,47.44,47.545,1.6771048517343083
mp-863264,TbI3,5.577,0.6980000000000001,3.138,0.49665293925091786
mp-863651,Ho2CdIn,59.553,59.553,59.553,1.7749036440829205
mp-863652,Ho2CdOs,97.343,97.343,97.343,1.988304726573286
mp-863654,Pm2CdSi,62.306,62.306,62.306,1.7945298707590274
mp-863655,Pm2CdSn,56.296,56.296,56.296,1.750477538019339
mp-863659,LiScHg2,57.209,57.209,57.209,1.7574643564655883
mp-863664,Pm2CuGe,66.228,66.228,66.228,1.8210416401128884
mp-863667,Er2TlAg,64.936,64.936,64.936,1.8124855329590492
mp-863668,Pm2CuOs,92.175,92.175,92.175,1.9646131462781542
mp-863669,Pm2CuPt,80.655,80.655,80.655,1.9066312955328004
mp-863671,Pm2CuRu,83.241,83.241,83.241,1.9203372888854955
mp-863672,ErMgCd2,54.634,54.634,54.634,1.7374629983240786
mp-863673,LiPm2Rh,62.498,62.498,62.498,1.7958661196982908
mp-863674,ErMgHg2,64.404,64.404,64.404,1.8089128413346602
mp-863675,LiPm2Ru,65.347,65.347,65.347,1.815225654451343
mp-863676,Pm2CuSn,61.633,61.633,61.633,1.7898133076257934
mp-863677,PmCu3,79.481,77.189,78.335,1.8939558477618996
mp-863679,ErTaRu2,185.741,185.741,185.741,2.26890777939072
mp-863684,Pm2GeAu,71.259,71.259,71.259,1.8528397234664535
mp-863685,Pm2GePd,73.852,73.852,73.852,1.8683622610183472
mp-863686,Pm2HgGe,64.276,64.276,64.276,1.808048842080414
mp-863690,Ti2MnCo,185.408,185.408,185.408,2.268128469187649
mp-863695,PmI3,5.096,0.704,2.9,0.4623979978989561
mp-863696,Pm2MgSi,54.978,54.978,54.978,1.7401889369486563
mp-863697,LiPm2Si,55.755,55.755,55.755,1.7462838201514073
mp-863698,Pm2MgAl,48.974,48.974,48.974,1.689965576899223
mp-863702,Er2MgIn,54.51,54.51,54.51,1.7364761820276968
mp-863703,Pm2MgSn,50.105,50.105,50.105,1.6998810664672421
mp-863704,Pm2MgTl,45.993,45.993,45.993,1.6626917383618827
mp-863705,Pm2MgGa,48.403,48.403,48.403,1.6848722798896347
mp-863707,KNa2Bi,16.554,16.554,16.554,1.218902950862829
mp-863709,Ir3Rh,324.499,324.497,324.498,2.5112120244287133
mp-863710,KAcTe2,37.606,37.606,37.606,1.5752571417097516
mp-863711,ErGaRh2,145.122,145.122,145.122,2.161733254990128
mp-863713,Pm2NiIr,97.769,97.769,97.769,1.9902011731606386
mp-863715,Pm2IrAu,95.226,95.226,95.226,1.9787555420281957
mp-863716,Pm2IrPd,97.934,97.934,97.934,1.9909334931198965
mp-863717,Pm2NiRu,89.451,89.451,89.451,1.9515852000409473
mp-863720,HgPd3,139.163,139.163,139.163,2.143523782459873
mp-863725,Pm2PdPt,89.689,89.689,89.689,1.9527391818150655
mp-863727,LiTiRh2,154.975,154.975,154.975,2.190261645023611
mp-863732,Pm2PtRh,96.963,96.963,96.963,1.9866060439436026
mp-863733,Pm2RuAu,91.146,91.146,91.146,1.9597376141205
mp-863736,Ho2OsAu,113.765,113.765,113.765,2.0560086711554733
mp-863737,Ho3In,50.028,50.028,50.028,1.6992131411739222
mp-863738,ErCdPd2,101.867,101.867,101.867,2.0080335163023517
mp-863739,ErCdRh2,125.414,125.414,125.414,2.0983460196156796
mp-863740,Pm2IrRu,111.946,111.946,111.946,2.04900858019318
mp-863741,Pm2PdRu,92.259,92.259,92.259,1.96500874295775
mp-863743,Pm2SiAg,67.211,67.211,67.211,1.8274403571066424
mp-863744,Ca2PdAu,51.164,51.164,51.164,1.7089644902636059
mp-863749,Rb2Hf2O5,98.022,82.511,90.266,1.955524197789119
mp-863750,AgAu3,121.457,121.457,121.457,2.0844225498020537
mp-863757,K2SbAu,17.203,15.458,16.33,1.212986184736668
mp-863759,CsK2Bi,10.835,10.835,10.835,1.0348289156558368
mp-863760,CsAcTe2,34.847,34.847,34.847,1.5421653953600791
mp-863764,TeBr2,4.259,1.284,2.772,0.4427932259397691
mp-864597,LiMgTl2,30.009,30.009,30.009,1.4772515235248895
mp-864598,LiMg2Ag,44.769,44.769,44.769,1.650977393705932
mp-864599,TbSnAu2,88.449,88.449,88.449,1.946692927161661
mp-864601,LiMg2Rh,66.418,66.418,66.418,1.822285793845304
mp-864602,Nd2MgTl,44.88,44.88,44.88,1.652052848248105
mp-864606,AcCuO3,163.571,163.571,163.571,2.213706308770687
mp-864607,ZrCdPd2,132.25,132.25,132.25,2.121395680707223
mp-864610,Nd2MgAl,46.7,46.7,46.7,1.6693168805661123
mp-864611,Nd2IrRh,105.456,105.456,105.456,2.0230712942960976
mp-864612,Nd2MgIn,46.386,46.386,46.386,1.6663869236542108
mp-864614,LiMg2Pt,70.501,70.501,70.501,1.848195277153127
mp-864617,NdI3,4.988,0.922,2.955,0.4705574852172742
mp-864618,BaHg2Pb,31.615,31.615,31.615,1.499893186149237
mp-864620,CaSmCd2,42.683,42.683,42.683,1.6302549364707468
mp-864622,Nd2IrPd,94.942,94.942,94.942,1.9774583761059046
mp-864624,HoZnRh2,130.834,130.834,130.834,2.116720619321484
mp-864625,Ho2IrRh,124.915,124.915,124.915,2.096614592305936
mp-864626,HoThTc2,121.902,121.902,121.902,2.08601083098211
mp-864628,Pm2SnPd,67.466,67.466,67.466,1.8290849619794465
mp-864629,Pm2TlCd,52.345,52.345,52.345,1.7188752041406328
mp-864630,LiMg2Hg,42.537,42.537,42.537,1.6287668572312906
mp-864631,LiNbRh2,175.191,175.191,175.191,2.2435117916109775
mp-864633,Nd2SnHg,57.531,57.531,57.531,1.7599019229687887
mp-864639,Ta2NbOs,240.518,240.518,240.518,2.3811475838622393
mp-864640,Ta2NbIr,234.508,234.508,234.508,2.370157662814823
mp-864641,HoCl2,45.485,45.393,45.439,1.6574287650607806
mp-864650,Ta2OsW,272.496,272.496,272.496,2.435360131601
mp-864651,Ta2NbRu,221.392,221.392,221.392,2.3451619235949743
mp-864654,Zn2NiRh,161.838,161.838,161.838,2.209080502768613
mp-864657,HoI3,5.418,0.344,2.881,0.4595432582804129
mp-864659,Nd2NiIr,106.997,106.997,106.997,2.029371601033707
mp-864661,ZnCuPd2,150.032,150.032,150.032,2.1761838986639472
mp-864667,NdTlAu2,69.742,69.742,69.742,1.8434943975353602
mp-864668,NdSnAu2,82.554,82.554,82.554,1.9167381210372265
mp-864670,Ta2VOs,245.861,245.861,245.861,2.390689643711927
mp-864672,NbSiTc2,245.129,245.129,245.129,2.389394693524403
mp-864674,Ho2AlZn,65.575,65.575,65.575,1.8167382992623913
mp-864675,Yb3N2,76.266,73.541,74.904,1.8745050103769387
mp-864684,Hf2MoIr,189.709,189.709,189.709,2.2780879347770147
mp-864715,HfInCo2,206.086,206.086,206.086,2.314048489939029
mp-864732,Yb2CdGe,40.172,40.172,40.172,1.6039234540204863
mp-864733,MoI3,5.186,1.127,3.156,0.4991369945373827
mp-864734,HfInPd2,141.693,141.693,141.693,2.1513483955088186
mp-864735,Mn3Ir,286.039,198.75,242.395,2.384523657182345
mp-864741,Yb2TlPb,33.91,33.91,33.91,1.5303277897780863
mp-864742,Na3Sn,17.496,17.487,17.492,1.2428394686728195
mp-864743,Yb2TlCd,33.659,33.659,33.659,1.5271012090571185
mp-864744,HoMgRh2,113.756,113.756,113.756,2.0559743125658123
mp-864745,Na3ZrF8,41.073,41.036,41.055,1.6133660564658048
mp-864747,HoMgTl2,47.359,47.359,47.359,1.6754025235487526
mp-864748,Gd2MgIn,67.859,67.859,67.859,1.8316074554022044
mp-864756,Yb2MgIn,30.524,30.524,30.524,1.4846414448824137
mp-864758,Na3In,13.56,13.549,13.554,1.1320674813040066
mp-864761,Ta2MnOs,249.914,249.914,249.914,2.3977905856680324
mp-864762,LiMg2Zn,40.259,40.259,40.259,1.6048629831737085
mp-864763,LiYb2Rh,41.92,41.92,41.92,1.6224212739756703
mp-864764,Ta2FeOs,247.116,247.112,247.114,2.392897350624709
mp-864765,Na3HfF8,43.788,43.785,43.786,1.6413352727264083
mp-864769,LiYb2Tl,25.992,25.992,25.992,1.4148396983369265
mp-864770,Ta2MoOs,265.254,265.254,265.254,2.4236619417339034
mp-864771,LiYb2Pd,33.235,33.235,33.235,1.5215956831101596
mp-864772,LiSc2Au,74.156,74.156,74.156,1.8701462957753463
mp-864775,HoAgHg2,70.325,70.325,70.325,1.8471097408372386
mp-864780,PaAlAu2,123.458,123.458,123.458,2.0915192371864184
mp-864782,Ta2MoRu,246.749,246.749,246.749,2.3922554012794173
mp-864783,Yb2SbAu,49.015,49.015,49.015,1.6903290069739692
mp-864784,LiSnRh2,142.707,142.707,142.707,2.1544452764560083
mp-864788,NbInRu2,210.794,210.794,210.794,2.323858245041571
mp-864789,Yb2SnHg,39.222,39.222,39.222,1.5935297353495617
mp-864790,Nd2BC,51.199,42.871,47.035,1.6724211483609535
mp-864794,ZnAg3,90.519,90.519,90.519,1.9567397474824169
mp-864795,Ac2SnHg,45.028,45.028,45.028,1.653482657416997
mp-864796,EuCdHg2,37.559,37.559,37.559,1.574714020754261
mp-864798,HfZnIr2,211.726,211.726,211.726,2.3257741927534323
mp-864799,HoLuMg2,43.429,43.429,43.429,1.6377798293741583
mp-864800,Yb2PdAu,55.635,55.635,55.635,1.7453480923842914
mp-864804,LiTbHg2,52.714,52.714,52.714,1.7219259722387934
mp-864805,Nd2CuIr,86.254,86.254,86.254,1.9357792444716477
mp-864807,HfZnNi2,150.532,150.532,150.532,2.1776288317980574
mp-864835,Hf2CoIr,184.201,184.201,184.201,2.265291983587774
mp-864837,Nd2CuRu,81.88,81.88,81.88,1.913177833990468
mp-864839,Zn2PdRh,156.281,156.281,156.281,2.1939061814949814
mp-864840,NbZnRu2,218.128,218.128,218.128,2.338711417366802
mp-864857,NbZnCo2,192.655,192.655,192.655,2.2847802847958456
mp-864877,Hf2CoRe,177.868,177.868,177.868,2.2500978217574517
mp-864878,ZrAlAu2,135.096,135.096,135.096,2.1306424903718084
mp-864883,MgSnPd2,112.134,112.134,112.134,2.049737314410914
mp-864884,DyCdHg2,63.398,63.398,63.398,1.8020755575242526
mp-864889,ZrZn3,101.542,101.196,101.369,2.0059051622228408
mp-864890,Hf2FeIr,180.435,180.435,180.435,2.2563207839405486
mp-864892,NdAgAu2,81.37,81.37,81.37,1.9104643159956136
mp-864893,NdAgHg2,64.746,64.746,64.746,1.8112129429218171
mp-864895,Be2NiRh,194.531,194.531,194.531,2.2889888193180545
mp-864896,Zr2CoTc,93.62,93.62,93.62,1.9713686367914234
mp-864897,Zr2CuOs,162.384,162.384,162.384,2.2105432351635677
mp-864898,Na2TlBi,22.587,22.587,22.587,1.353858551860327
mp-864901,LaAu3,80.397,74.838,77.617,1.8899568526706223
mp-864902,MgTlRh2,131.037,131.037,131.037,2.1173939416632916
mp-864903,MgTaRu2,198.121,198.121,198.121,2.2969305113828287
mp-864904,HoCdAg2,73.061,73.061,73.061,1.863685612188925
mp-864907,MgZrPd2,121.633,121.633,121.633,2.0850514184693845
mp-864908,MgTiIr2,191.279,191.279,191.279,2.281667292637114
mp-864909,HfAlRu2,195.913,195.913,195.913,2.292063254988832
mp-864910,MgZrRh2,149.687,149.687,149.687,2.175184084421731
mp-864916,Hf2TcRh,187.509,187.509,187.509,2.2730221176985776
mp-864919,MgTiRh2,161.554,161.554,161.554,2.2083177154110545
mp-864920,MgZrAu2,114.52,114.52,114.52,2.058881339349561
mp-864921,MgZrIr2,178.265,178.265,178.265,2.2510660835064837
mp-864922,MgZnAu2,94.828,94.828,94.828,1.9769365910303656
mp-864924,NdMgHg2,58.214,58.214,58.214,1.7650274415498481
mp-864925,NdMgZn2,56.12,56.12,56.12,1.7491176623563223
mp-864926,HfPaTc2,171.303,171.303,171.303,2.233764968756737
mp-864927,Hf2ReOs,217.65,217.65,217.65,2.3377586714934173
mp-864928,BrCl,2.204,1.413,1.808,0.2571984261393445
mp-864930,LiTiIr2,190.484,190.484,190.484,2.279858502302787
mp-864931,MgCo2,112.435,110.511,111.473,2.0471696891691606
mp-864932,Mg2AgPt,84.193,84.193,84.193,1.925275984756791
mp-864933,Mg2AgRh,88.2,88.2,88.2,1.9454685851318196
mp-864934,MgAg3,76.916,76.915,76.915,1.8860110443783475
mp-864935,MgAu3,109.617,109.612,109.614,2.03986602617801
mp-864936,MnGeRu2,227.345,227.345,227.345,2.3566854072049144
mp-864937,Mg3Sc,43.213,43.207,43.21,1.63558426631123
mp-864938,Mg3Tl,34.564,34.555,34.56,1.5385737338068557
mp-864939,Hf2CuIr,160.206,160.206,160.206,2.204678777154558
mp-864940,Mg2PtRh,120.332,120.332,120.332,2.080381135032112
mp-864941,MgSc2,49.11,48.979,49.044,1.6905858837592183
mp-864943,MnBe2Ir,193.511,193.511,193.511,2.286705657228413
mp-864945,MnBe2Rh,171.181,171.181,171.181,2.233455559096529
mp-864946,MnCuPd2,143.606,143.606,143.606,2.1571725855361903
mp-864949,MnGaRh2,188.351,188.351,188.351,2.2749679303175134
mp-864950,MnAlIr2,228.585,228.585,228.585,2.3590477281110322
mp-864952,Mg3Ag,48.05,47.708,47.879,1.6801450711617496
mp-864953,MnV2Cr,231.986,231.986,231.986,2.3654617766744943
mp-864954,MgMoN2,247.0,245.524,246.262,2.391397402242971
mp-864955,Mn2CrCo,153.099,153.099,153.099,2.184972354017005
mp-864957,MnSbRu2,200.874,200.874,200.874,2.3029237277524195
mp-864959,Dy2CuOs,103.481,103.481,103.481,2.0148606169171717
mp-864961,Be2PdPt,194.226,194.226,194.226,2.2883073661524125
mp-864962,CaAcZn2,38.641,38.641,38.641,1.5870483571032448
mp-864966,MnSiRu2,247.412,247.412,247.412,2.3934207599955903
mp-864968,MnInRh2,155.882,155.882,155.882,2.19279596924916
mp-864969,Mg2PdRh,106.207,106.207,106.207,2.0261531416153877
mp-864970,MnSiTc2,252.159,252.159,252.159,2.401674473508767
mp-864971,MnSnRu2,176.935,176.935,176.935,2.2478137503962135
mp-864972,Mg2PdAu,88.039,88.039,88.039,1.9446751009309653
mp-864974,Hf2CuOs,175.345,175.345,175.345,2.243893386394486
mp-864976,Mg2AgIr,99.15,99.15,99.15,1.9962927185413215
mp-864977,Dy2AgOs,101.086,101.086,101.086,2.0046910117357752
mp-864978,Mg2AgAu,73.054,73.054,73.054,1.8636440002890426
mp-864980,MnAlRu2,218.933,218.933,218.933,2.3403112281633227
mp-864981,Dy2AgIr,99.317,99.317,99.317,1.9970235926472955
mp-864982,DyBr3,6.853,0.217,3.535,0.5483894181329182
mp-864983,MnVRu2,228.444,228.444,228.444,2.3587797559521926
mp-864984,MnV3,210.529,210.529,210.529,2.323311927594478
mp-864985,MnZnIr2,226.37,226.37,226.37,2.3548188708477213
mp-864987,MnZnRh2,168.969,168.969,168.969,2.2278070338215197
mp-864988,Mn2AlCr,193.97,193.97,193.97,2.2877345657964887
mp-864989,Mn2AlRe,255.756,255.756,255.756,2.407825830991532
mp-864990,Mn2AlW,237.182,237.182,237.182,2.3750817268621303
mp-864992,MnNbRu2,218.17,218.17,218.17,2.3387950316318054
mp-864995,DyAl3,72.362,71.002,71.682,1.8554101140765917
mp-864997,LiSiPd2,139.601,139.601,139.601,2.1448885292679907
mp-865001,HfScOs2,197.703,197.703,197.703,2.2960132594682525
mp-865002,CaYRh2,89.209,89.209,89.209,1.9504086711156423
mp-865003,Be2IrPd,214.003,214.003,214.003,2.330419861546917
mp-865006,Dy2MgAl,55.262,55.262,55.262,1.7424265985183494
mp-865007,Dy2MgIn,52.775,52.775,52.775,1.722428241979694
mp-865010,HfGaRu2,197.202,197.202,197.202,2.294911315192207
mp-865011,Mn2NbAl,195.796,195.796,195.796,2.291803815170529
mp-865020,HfMgIr2,187.046,187.046,187.046,2.271948425196601
mp-865021,Be2RuPt,219.105,219.105,219.105,2.340652288321238
mp-865022,MnIr3,287.932,287.839,287.886,2.4592205454943254
mp-865023,HfTc2Sb,201.069,201.069,201.069,2.3033451180023565
mp-865025,HfTaRe2,244.954,244.954,244.954,2.389084535703939
mp-865026,Mn2VSi,242.884,242.884,242.884,2.3853989065689065
mp-865027,Mn3Ge,195.84,195.84,195.84,2.291901400465467
mp-865028,AcTlTe2,41.684,41.684,41.684,1.6199693872246512
mp-865030,HfScRu2,172.957,172.957,172.957,2.2379381436840204
mp-865032,Mn2PtRh,174.551,174.551,174.551,2.241922341223746
mp-865038,HfTaTc2,222.224,222.224,222.224,2.346790960566614
mp-865039,HfTc2Sn,187.383,187.383,187.383,2.2727301877199158
mp-865043,MgInPd2,109.21,109.21,109.21,2.038262407104784
mp-865044,MgInIr2,165.085,165.085,165.085,2.2177076140672938
mp-865048,TiZnIr2,226.509,226.509,226.509,2.3550854627403908
mp-865049,HfMgPd2,128.55,128.55,128.55,2.1090720809788794
mp-865050,HfMgRh2,154.665,154.665,154.665,2.189392045912569
mp-865051,NaCa2Tl,22.925,22.925,22.925,1.3603093443420586
mp-865067,Li2EuGe,34.651,34.651,34.651,1.5397157725182484
mp-865076,NaCd2Pt,69.41,69.41,69.41,1.8414220444023592
mp-865079,TiZnPd2,150.486,150.486,150.486,2.177496098564011
mp-865081,NaAcTe2,40.126,40.126,40.126,1.6034258688165477
mp-865082,NaCaAu2,41.303,41.303,41.303,1.6159815973253544
mp-865090,NaAcTl2,31.125,31.125,31.125,1.4931093601037928
mp-865091,HfMnRh2,175.043,175.043,175.043,2.243144747936477
mp-865092,MgGaNi2,116.982,116.982,116.982,2.0681190420703772
mp-865093,TiZnNi2,160.513,160.513,160.513,2.205510211816466
mp-865094,HfNbTc2,218.707,218.707,218.707,2.339862683415882
mp-865096,NaHoTl2,38.106,38.106,38.106,1.580993363122718
mp-865097,NaHgPd2,80.025,80.025,80.025,1.90322568281617
mp-865098,NaLaAu2,55.109,55.109,55.109,1.7412225304516693
mp-865100,NaInHg2,25.727,25.727,25.727,1.410389146513233
mp-865107,NaMgPb2,15.404,15.404,15.404,1.1876335099506934
mp-865108,NaSmHg2,43.362,43.362,43.362,1.6371093051016494
mp-865109,NaSmTl2,36.766,36.766,36.766,1.5654463828625165
mp-865110,NaMgTl2,24.965,24.965,24.965,1.3973315703911284
mp-865111,NaSmAu2,59.904,59.904,59.904,1.7774558227219923
mp-865112,NaPrTl2,35.668,35.668,35.668,1.5522787579698258
mp-865113,NaNdAu2,57.865,57.865,57.865,1.7624159574590519
mp-865115,NaNdHg2,42.221,42.221,42.221,1.6255285153131522
mp-865116,LiSmTl2,41.722,41.722,41.722,1.6203651187416694
mp-865117,NaErTl2,37.926,37.926,37.926,1.5789370407114063
mp-865118,NaPrAu2,56.68,56.68,56.68,1.7534298415754228
mp-865119,NaPrHg2,41.671,41.671,41.671,1.61983392256601
mp-865120,NaPaO3,132.432,132.432,132.432,2.1219929378547726
mp-865123,MgGaPd2,120.303,120.303,120.303,2.080276457491138
mp-865125,MgGaRh2,155.284,155.284,155.284,2.19112670962627
mp-865127,NaTl2Cd,23.718,23.718,23.718,1.3750780647266143
mp-865130,Hf2MoRh,173.159,173.159,173.159,2.238445069080736
mp-865131,Hf2OsRh,201.65,201.65,201.65,2.3045982263436375
mp-865138,Hf2MnIr,192.899,192.899,192.899,2.2853299762410457
mp-865145,NaTl2Bi,27.25,27.25,27.25,1.4353665066126613
mp-865146,MgAsPt5,182.583,182.235,182.409,2.26104626246778
mp-865147,Be2CuRu,182.617,182.617,182.617,2.2615412039898244
mp-865148,PaAlTc2,181.984,181.984,181.984,2.2600332065720736
mp-865149,PaAlRu2,178.546,178.546,178.546,2.251750125055899
mp-865150,MgCdAu2,86.378,86.378,86.378,1.9364031441544132
mp-865151,YbNdRh2,87.977,87.977,87.977,1.9443691485290062
mp-865152,MgAlPd2,124.171,124.171,124.171,2.0940201786861237
mp-865155,MgAlRh2,155.745,155.745,155.745,2.1924141130694714
mp-865156,Dy2ZnGa,65.862,65.862,65.862,1.8186349145899134
mp-865158,YbNdHg2,49.525,49.525,49.525,1.6948244842105846
mp-865159,Dy2AlZn,63.933,63.933,63.933,1.8057250837999976
mp-865160,MgGeIr2,184.958,184.958,184.958,2.267073120624194
mp-865162,MgGeRh2,162.451,162.451,162.451,2.210722389076786
mp-865163,HfBeRh2,189.784,189.784,189.784,2.2782595958435787
mp-865165,HfScCo2,138.178,138.178,138.178,2.1404389023784884
mp-865166,HfPd5,167.065,167.022,167.044,2.222830880969728
mp-865167,Ca2CdPb,32.385,32.385,32.385,1.510343901389912
mp-865171,YbHg3,38.49,38.464,38.477,1.5852012033284462
mp-865172,YbTaRu2,171.591,171.591,171.591,2.2344945052327314
mp-865174,HfCdRh2,169.501,169.501,169.501,2.2291722647408756
mp-865176,HfCu3,136.591,136.591,136.591,2.135422084564364
mp-865179,Hf2FeOs,201.248,201.248,201.248,2.3037315730484536
mp-865181,EuGeO3,167.47,167.47,167.47,2.223937020319982
mp-865183,MgGaAg2,68.65,68.65,68.65,1.836640541572774
mp-865185,Mg(BeAs)2,76.299,75.915,76.107,1.881424603177446
mp-865186,MgGaIr2,187.256,187.256,187.256,2.272435742126614
mp-865187,MgFeRh2,154.144,154.144,154.144,2.18792662463434
mp-865191,FeGeRu2,223.605,223.605,223.605,2.3494815105208766
mp-865193,Co3Pt,211.842,211.764,211.803,2.3259321072078145
mp-865194,TmF3,152.56,151.575,152.068,2.1820378341348468
mp-865195,TmGaRh2,147.294,147.294,147.294,2.168185056279403
mp-865202,TmCdPt2,123.512,123.512,123.512,2.0917091541997923
mp-865206,TmCdRh2,127.101,127.101,127.101,2.1041489674916436
mp-865209,TmHfOs2,182.794,182.794,182.794,2.261961936421573
mp-865210,TmLuMg2,45.134,45.134,45.134,1.6545038245670471
mp-865211,TmInRh2,134.846,134.846,134.846,2.1298380682995313
mp-865215,TmHfRu2,161.823,161.823,161.823,2.2090402481983484
mp-865216,Dy2PdRu,104.247,104.247,104.247,2.0180635657830366
mp-865218,YbTiO3,188.205,188.205,188.205,2.274631157048543
mp-865219,Dy2IrRu,125.9,125.9,125.9,2.1000257301078626
mp-865224,Th2BiTe,80.336,80.336,80.336,1.9049102040302717
mp-865229,Be2NiIr,231.437,231.437,231.437,2.3644327911381553
mp-865230,TmMgRh2,116.23,116.23,116.23,2.065318237803737
mp-865231,LiScTl2,44.718,44.718,44.718,1.6504823716138943
mp-865234,TaZnRu2,226.089,226.089,226.089,2.354279432953438
mp-865235,Ti6Al16Ni7,128.39,128.39,128.39,2.1085311988578685
mp-865237,Tm2ZnIr,100.748,100.748,100.748,2.0032364334971655
mp-865240,Lu2MgIn,55.4,55.4,55.4,1.7435097647284297
mp-865241,TmNbOs2,205.913,205.913,205.913,2.3136837659965677
mp-865248,TmNbRu2,179.898,179.898,179.898,2.2550263351421496
mp-865249,TmSnRu2,153.366,153.366,153.366,2.18572909071455
mp-865250,TmTc2W,202.895,202.895,202.895,2.3072713447210473
mp-865254,TbYbHg2,52.205,52.205,52.205,1.7177121000984008
mp-865255,LuNbRu2,182.535,182.535,182.535,2.261346150159558
mp-865257,DyZnRh2,129.806,129.806,129.806,2.1132947672460727
mp-865262,TmTaRu2,188.12,188.12,188.12,2.274434970074042
mp-865278,NbAlOs2,260.723,260.723,260.723,2.41617934467997
mp-865280,NbAlFe2,209.082,209.082,209.082,2.320316645743723
mp-865281,Tm2AgPt,96.269,96.269,96.269,1.98348646057867
mp-865282,Tm2AgRu,96.69,96.69,96.69,1.9853815602319969
mp-865284,Tm2CdOs,101.396,101.396,101.396,2.006020822727175
mp-865297,Ho2InAg,65.284,65.284,65.284,1.8148067561120338
mp-865298,TmZnPd2,108.889,108.889,108.889,2.0369840094105784
mp-865299,TmZnRh2,135.447,135.447,135.447,2.1317693903372614
mp-865308,Be2CuRh,171.518,171.518,171.518,2.2343097039150317
mp-865320,Lu2PdRu,115.779,115.779,115.779,2.063629794182612
mp-865321,Lu2IrRu,137.722,137.722,137.722,2.139003320906416
mp-865322,UTlO3,132.86,132.86,132.86,2.1233942481055306
mp-865325,Lu2CoRu,118.848,118.848,118.848,2.0749918777236678
mp-865329,Lu2MgTc,79.162,79.162,79.162,1.8985167579698239
mp-865338,Tm2ZnPt,93.112,93.112,93.112,1.9690056551805355
mp-865340,Tm2HgOs,106.578,106.578,106.578,2.0276675661853063
mp-865342,Zn3Rh,129.2,128.081,128.64,2.109376031404376
mp-865353,TmI3,5.311,0.161,2.736,0.43711609304807864
mp-865355,Zn3Pt,137.153,137.066,137.109,2.1370659633383826
mp-865356,Tm2MgAl,58.554,58.554,58.554,1.7675565683851597
mp-865357,Zn3Pd,111.553,110.713,111.133,2.0458430381474493
mp-865360,Tm2MgIr,87.72,87.72,87.72,1.9430986230054852
mp-865361,Tm2MgOs,89.938,89.938,89.938,1.953943225697774
mp-865362,Zn3Ir,146.399,146.313,146.356,2.16541053143997
mp-865364,DyTaRu2,181.822,181.822,181.822,2.2596464305941155
mp-865373,YCo,55.122,51.737,53.429,1.7277770458178283
mp-865376,YMg3,43.03,43.03,43.03,1.6337713460825556
mp-865379,LuSnRu2,156.439,156.439,156.439,2.1943450311622845
mp-865382,V3Ru,221.654,221.654,221.654,2.3456755730468255
mp-865385,V3Re,233.519,233.519,233.519,2.36832222220173
mp-865400,ThPt3,175.105,174.393,174.749,2.2424146991775213
mp-865402,TmAlCu,85.693,85.689,85.691,1.9329352110061637
mp-865403,Tm2MgGe2,76.437,76.325,76.381,1.8829853399712992
mp-865406,Lu2ZnAu,80.916,80.916,80.916,1.9080344057242649
mp-865424,CsUO3,129.135,129.135,129.135,2.1110439668735395
mp-865425,ZnPd3,151.403,151.118,151.261,2.1797269672292443
mp-865426,YbNdAg2,50.84,50.84,50.84,1.7062055418819706
mp-865428,UP3,105.622,103.029,104.325,2.0183883933837463
mp-865430,YTe,60.257,58.085,59.171,1.7721089089899078
mp-865432,Y2NiIr,106.626,106.626,106.626,2.0278631172583026
mp-865433,Y2MgRu,74.058,74.058,74.058,1.869571979375695
mp-865434,LuZrRu2,156.979,156.979,156.979,2.195841558179151
mp-865441,TiAlPd2,158.18,158.18,158.18,2.199151571205089
mp-865442,TiAlOs2,244.229,244.229,244.229,2.3877972312395
mp-865444,LiSc2Pt,89.908,89.908,89.908,1.9537983369087217
mp-865446,Lu2AgHg,73.413,73.413,73.413,1.8657729717464875
mp-865448,TiGaRu2,212.674,212.674,212.674,2.327714399415094
mp-865449,Tm2MgTc,77.305,77.305,77.305,1.8882075845028503
mp-865450,ThGa3,85.694,85.656,85.675,1.9328541131019046
mp-865459,Lu2AgRu,98.781,98.781,98.781,1.9946734183864083
mp-865462,MnV2Os,265.263,265.263,265.263,2.423676676983999
mp-865465,VCo2Ge,197.789,197.789,197.789,2.29620213472253
mp-865467,Pm2SnAu,65.878,65.878,65.878,1.818740405887084
mp-865468,Pm2SiPd,75.342,75.342,75.342,1.877037144635965
mp-865469,Ti2MnRu,193.143,193.143,193.143,2.2858789728149707
mp-865470,Ac2CuSn,46.296,46.296,46.296,1.6655434693554905
mp-865471,VGaTc2,229.778,229.778,229.778,2.3613084449963826
mp-865472,VSiTc2,258.765,258.765,258.765,2.4129055342269536
mp-865482,VTc2Ge,243.003,243.003,243.003,2.3856116352254864
mp-865484,V2CrRe,253.319,253.319,253.319,2.403667764941342
mp-865485,V2CrOs,261.007,261.007,261.007,2.416652154926813
mp-865486,VZnRu2,225.829,225.829,225.829,2.353779711420977
mp-865490,V2CrFe,231.816,231.816,231.816,2.365143407779018
mp-865493,VI3,7.433,6.2620000000000005,6.847,0.8355003278673188
mp-865494,V2CrRu,241.192,241.192,241.192,2.3823628987688004
mp-865495,V2CrTc,238.066,238.066,238.066,2.376697374964908
mp-865496,VIr3,321.154,320.976,321.065,2.506592964752594
mp-865497,V2ReOs,289.662,289.662,289.662,2.461891524983637
mp-865499,V2TcOs,275.44,275.44,275.44,2.440027009696617
mp-865501,V2TcRu,254.239,254.239,254.239,2.4052421716532035
mp-865502,YAgHg2,69.569,69.569,69.569,1.8424157607587823
mp-865503,YCdAg2,71.324,71.324,71.324,1.8532356913347023
mp-865504,YAlAg2,82.71,82.71,82.71,1.9175580208254361
mp-865505,Lu2InAg,69.509,69.509,69.509,1.8420410405222132
mp-865506,VSiOs2,286.547,286.547,286.547,2.4571958659772757
mp-865507,VSiRu2,250.046,250.046,250.046,2.3980199115058727
mp-865512,YMgCd2,53.873,53.873,53.873,1.7313711605685744
mp-865515,YMgZn2,59.874,59.874,59.874,1.777238273009532
mp-865517,YZnRh2,126.817,126.817,126.817,2.1031774752438133
mp-865519,YTaRu2,179.127,179.127,179.127,2.2531610524444226
mp-865520,YCdPd2,97.382,97.382,97.382,1.988478689700986
mp-865521,LuI3,5.368,0.331,2.849,0.4546924492394769
mp-865522,YCdAu2,87.395,87.395,87.395,1.9414865867016233
mp-865523,TiMnRh2,183.807,183.807,183.807,2.2643620467861347
mp-865524,YCdPt2,116.26,116.26,116.26,2.0654303186203693
mp-865525,YCdHg2,76.015,76.015,76.015,1.880899299839252
mp-865527,YAl3,71.156,69.649,70.402,1.847584996878279
mp-865530,YThRu2,124.42,124.42,124.42,2.094890197006651
mp-865531,TiMn2Al,159.093,159.093,159.093,2.2016510713608946
mp-865533,Ti2ReOs,240.23,240.23,240.23,2.3806272412887886
mp-865534,YBr2,35.507,35.482,35.495,1.5501671805101795
mp-865536,YbZrRh2,127.688,127.688,127.688,2.1061500845879046
mp-865537,TiMnCo2,168.613,168.613,168.613,2.226891055523679
mp-865538,Ti2RePd,193.113,193.113,193.113,2.285811510642301
mp-865545,Pm2SiAu,74.428,74.428,74.428,1.8717363489578276
mp-865546,Yb2AgBi,38.939,38.939,38.939,1.5903847941265281
mp-865547,Pm2CuSi,68.269,68.269,68.269,1.8342235413801284
mp-865554,Mn2VGe,224.329,224.329,224.329,2.350885420376834
mp-865558,AcTe3,50.949,44.928,47.939,1.6806889704775363
mp-865560,Y2AlZn,62.953,62.953,62.953,1.7990164310666141
mp-865561,Y2AgRu,90.313,90.313,90.313,1.9557502688285018
mp-865562,Be3Ru,180.623,180.254,180.438,2.2563280046716407
mp-865563,LuZnPd2,111.102,111.102,111.102,2.0457218769529812
mp-865566,LuZnRh2,138.683,138.683,138.683,2.1420232277734677
mp-865569,Ti2MnIr,212.034,212.034,212.034,2.3264055063459415
mp-865577,Li2CdAu,44.869,44.869,44.869,1.6519463904753195
mp-865578,LiNd2Ga,43.608,43.608,43.608,1.6395661690196404
mp-865583,Y2Mg,41.76,41.643,41.701,1.6201464695846597
mp-865585,VGeRu2,236.881,236.881,236.881,2.3745302277718423
mp-865586,VGaRu2,236.904,236.904,236.904,2.3745723936196073
mp-865587,Y2CuRh,88.993,88.993,88.993,1.9493558473085917
mp-865588,Y2CuRu,92.142,92.142,92.142,1.9644576346535514
mp-865591,Ti2NiMo,170.681,170.681,170.681,2.2321851786752616
mp-865592,Y2ZnRu,87.008,87.008,87.008,1.9395591859074062
mp-865594,Y2CuIr,99.876,99.876,99.876,1.9994611406805733
mp-865597,NdPbAu2,75.68,75.68,75.68,1.8789811233937364
mp-865600,Y2IrPd,109.327,109.327,109.327,2.0387274309610417
mp-865602,Y2MgAl,54.789,54.789,54.789,1.7386933738341401
mp-865603,Y2IrRh,119.564,119.564,119.564,2.077600435882706
mp-865604,Li5Mg,17.412,17.412,17.412,1.2408486584853606
mp-865607,LuGaPd2,115.558,115.558,115.558,2.062800016760942
mp-865609,LuGaRh2,149.694,149.694,149.694,2.1752043934017524
mp-865611,MgRh3,181.406,181.188,181.297,2.2583906176960307
mp-865615,GaSiRu2,228.828,228.828,228.828,2.3595091647953006
mp-865625,Na2MgSn,23.903,21.993,22.948,1.3607448412104035
mp-865640,TiGeRu2,228.106,228.106,228.106,2.358136708918124
mp-865641,Y2NiRu,104.846,104.846,104.846,2.0205518662647397
mp-865648,Yb2CdPb,33.75,33.75,33.75,1.5282737771670438
mp-865649,Ti2TcRh,203.459,203.459,203.459,2.3084769056116996
mp-865650,Ti2TcRu,208.121,208.121,208.121,2.318315903969331
mp-865652,TiMn2Si,207.779,207.779,207.779,2.3176016517630833
mp-865653,TiNbRe2,250.96,250.96,250.96,2.399604505689689
mp-865656,TiMn2W,243.092,243.092,243.092,2.385770666728881
mp-865659,Y2ZnIr,93.884,93.884,93.884,1.9725915847710394
mp-865660,Yb2AgPt,56.533,56.533,56.533,1.7523020324948873
mp-865661,YbMgCd2,38.38,38.38,38.38,1.5841049703994527
mp-865663,YbLuRh2,100.492,100.492,100.492,2.002131489675459
mp-865664,TiRe2W,287.241,287.241,287.241,2.4582464300093374
mp-865665,TiReTc2,271.275,271.275,271.275,2.4334097721533197
mp-865666,Li2TlAg,32.933,32.933,32.933,1.5176312941525834
mp-865669,TiSiTc2,228.921,228.921,228.921,2.3596856343774197
mp-865671,Y2ZnIn,59.596,59.596,59.596,1.7752171114814312
mp-865678,TiMn2V,195.509,195.509,195.509,2.2911667543680543
mp-865680,TiSiOs2,283.881,283.881,283.881,2.4531363264064936
mp-865681,TiSiRu2,244.997,244.997,244.997,2.3891607664403587
mp-865696,HoGaRh2,143.634,143.634,143.634,2.157257255119339
mp-865708,LiSm2Ru,66.47,66.47,66.47,1.8226256787741408
mp-865712,Ti2MnNi,173.551,173.551,173.551,2.2394271204172878
mp-865713,Li2TlBi,30.009,30.009,30.009,1.4772515235248895
mp-865716,YbCl2,36.366,36.085,36.225,1.5590083941432122
mp-865717,Ti2ReIr,234.973,234.973,234.973,2.371017961741177
mp-865728,Ti2ReNi,194.083,194.083,194.083,2.2879874965963647
mp-865730,TiZnAu2,133.602,133.602,133.602,2.125812959505264
mp-865731,Li2HgPd,52.245,52.245,52.245,1.7180447335139175
mp-865733,CoTc3,288.198,287.379,287.788,2.4590726810445234
mp-865735,Li2YbGe,38.24,38.24,38.24,1.5825178836040625
mp-865737,Li2InSn,35.36,35.36,35.36,1.5485122563410354
mp-865738,LiPrHg2,47.688,47.688,47.688,1.6784091088214212
mp-865739,YbCdAg2,53.798,53.798,53.798,1.730766130590014
mp-865742,YbCdHg2,41.342,41.342,41.342,1.6163914826433166
mp-865743,Ga2IrRh,198.415,198.415,198.415,2.297574501341246
mp-865747,Y2MgGe2,72.93,72.762,72.846,1.8624057094948727
mp-865753,YbErPd2,79.277,79.277,79.277,1.8991472072176672
mp-865756,YbGaPd2,94.214,94.214,94.214,1.974115442824487
mp-865757,YbGaRh2,130.602,130.602,130.602,2.1159498276458937
mp-865759,YbHfRh2,134.565,134.565,134.565,2.128932115731383
mp-865768,Ti2MnOs,210.074,210.074,210.074,2.322372304879719
mp-865779,Ga2CoRu,188.326,188.326,188.326,2.2749102821889386
mp-865780,TiMn2Ga,160.207,160.207,160.207,2.2046814879963894
mp-865786,CrPd3,152.758,152.758,152.758,2.184003963692837
mp-865789,YbInAg2,55.757,55.757,55.757,1.7462993985459099
mp-865790,YbInHg2,40.699,40.699,40.699,1.609583738468038
mp-865791,CrSiRu2,253.029,253.029,253.029,2.4031702991134023
mp-865792,BeSiNi2,196.801,196.801,196.801,2.2940273008706202
mp-865793,LiSc2Rh,85.14,85.14,85.14,1.9301336458411176
mp-865795,LiSc2Ru,87.654,87.654,87.654,1.9427717394633546
mp-865796,LuCdRh2,128.593,128.593,128.593,2.109217328276266
mp-865797,LuCo2Sn,127.341,127.341,127.341,2.1049682560255194
mp-865798,GaCu3,124.594,124.527,124.561,2.095382086174857
mp-865799,Yb2AsAu,55.734,55.734,55.734,1.746120213262336
mp-865800,Yb2BiAu,45.488,45.488,45.488,1.657896842346367
mp-865803,Ti2MoPt,194.966,194.966,194.966,2.2899588816198118
mp-865805,TaZnCo2,201.21,201.21,201.21,2.303649561060314
mp-865806,LuGaCu2,94.234,94.234,94.234,1.974207626234984
mp-865807,Ti2MoIr,208.29,208.29,208.29,2.3186684199762158
mp-865809,TiTc2Sb,210.128,210.128,210.128,2.322483926919366
mp-865810,TiTc2W,257.893,257.893,257.893,2.4114395542254474
mp-865811,LaYbAg2,46.367,46.367,46.367,1.6662089974357257
mp-865812,LiSmHg2,50.518,50.518,50.518,1.7034461485706005
mp-865813,YbMgTl2,35.189,35.189,35.189,1.546406925242332
mp-865814,YbMgHg2,42.899,42.899,42.899,1.6324471686522373
mp-865815,YbPd2Au,104.932,104.932,104.932,2.020907950578024
mp-865840,Ti2TcIr,223.944,223.944,223.944,2.350139431139722
mp-865841,YbPaPt2,118.801,118.801,118.801,2.074820096307246
mp-865842,Ti2OsRu,231.602,231.602,231.602,2.364742305423332
mp-865845,Yb2CuIr,69.855,69.855,69.855,1.8441974969884125
mp-865846,LuHfRu2,163.884,163.884,163.884,2.2145365554564
mp-865847,Lu2CuPt,101.128,101.128,101.128,2.004871418319911
mp-865854,Yb2CuRh,54.848,54.848,54.848,1.7391607959070854
mp-865855,Ac2SiPd,57.83,57.83,57.83,1.7621531923035947
mp-865856,PaBi3,65.772,62.79,64.281,1.808082624331254
mp-865857,YbNbRu2,163.841,163.841,163.841,2.2144225900108037
mp-865858,PaAu3,125.869,125.869,125.869,2.0999187818417373
mp-865859,LaYbCd2,40.401,40.401,40.401,1.6063921148409779
mp-865863,Li2TlPd,48.609,48.609,48.609,1.6867166867205183
mp-865866,LiZrPt2,139.016,139.016,139.016,2.143064788108881
mp-865867,Li2YTl,41.319,41.319,41.319,1.6161498022053458
mp-865868,LiZrRh2,137.351,137.351,137.351,2.137831825699798
mp-865869,Be2CuPt,173.915,173.915,173.915,2.2403370410958083
mp-865870,LiZr2Os,134.753,134.753,134.753,2.129538442644992
mp-865872,LiZr2Re,126.874,126.874,126.874,2.1033726322331034
mp-865874,Li2AgHg,37.398,37.398,37.398,1.5728483772756423
mp-865876,Ti2TcOs,225.088,225.088,225.088,2.3523523423008297
mp-865877,Ti2RePt,212.512,212.512,212.512,2.32738345855875
mp-865878,Ti2TcNi,168.312,168.312,168.312,2.2261150806103887
mp-865879,Li2AgAu,49.503,49.503,49.503,1.6946315190136898
mp-865884,LuInRh2,138.075,138.075,138.075,2.1401150518957146
mp-865888,TiSnRu2,205.955,205.955,205.955,2.313772339851799
mp-865893,LiZr2Tc,117.351,117.351,117.351,2.0694867947665796
mp-865894,YbPmAu2,68.459,68.459,68.459,1.8354305509857056
mp-865895,GaGeRu2,203.806,203.806,203.806,2.309216965384512
mp-865896,YbPmAg2,51.003,51.003,51.003,1.7075957220808209
mp-865897,Li2AcIn,35.03,35.03,35.03,1.5444401373176924
mp-865898,TiZnCo2,180.042,180.042,180.042,2.255373828661795
mp-865899,Ti3Os,160.895,160.895,160.895,2.206542548100585
mp-865900,Ti3Tl,108.987,108.756,108.872,2.0369162010683377
mp-865901,BeCo2Si,226.523,226.523,226.523,2.3551123046533182
mp-865903,YbPmPt2,91.912,91.912,91.912,1.9633722164302896
mp-865904,BeSiIr2,268.28,268.28,268.28,2.4285882976686137
mp-865908,Yb2HgPb,37.023,37.023,37.023,1.5684716070332414
mp-865909,Yb2HgGe,44.342,44.342,44.342,1.6468152776231944
mp-865912,LiZn2Rh,102.513,102.513,102.513,2.0107789431504743
mp-865914,TiVTc2,226.153,226.153,226.153,2.3544023531909537
mp-865916,TiVRe2,257.696,257.696,257.696,2.4111076774123332
mp-865918,Yb2CdSn,36.108,36.108,36.108,1.5576034337877054
mp-865919,MgAlAg2,80.359,80.359,80.359,1.9050345236811879
mp-865920,YbPmZn2,45.614,45.614,45.614,1.6590981582255198
mp-865921,MgAlIr2,188.646,188.646,188.646,2.2756476009690587
mp-865924,LiZrAu2,103.353,103.353,103.353,2.014323087296508
mp-865925,LiZrIr2,164.912,164.912,164.912,2.217252258701928
mp-865926,Cd2PdRh,123.024,123.024,123.024,2.0899898435598314
mp-865927,AcTiO3,179.412,179.412,179.412,2.2538514875346722
mp-865928,Ti2TcPt,201.234,201.234,201.234,2.3037013599072496
mp-865929,Cd2PtRh,136.955,136.955,136.955,2.1365778922509557
mp-865930,TiZnCu2,130.031,130.031,130.031,2.114046902491259
mp-865931,Ti2TcPd,182.368,182.368,182.368,2.2609486352937367
mp-865932,Li2CePb,46.894,46.894,46.894,1.6711172790991808
mp-865933,LiSiIr2,230.966,230.966,230.966,2.363548053055921
mp-865934,YbF2,83.046,80.377,81.712,1.9122858405114649
mp-865935,Li2MgSn,34.883,34.883,34.883,1.5426138279640549
mp-865936,LiSc2Tc,82.734,82.734,82.734,1.9176840219815832
mp-865939,LiMg2,30.207,30.134,30.17,1.4795753101749884
mp-865944,ThSnRu2,152.686,152.686,152.686,2.1837992177932533
mp-865947,YbPrAg2,54.172,54.172,54.172,1.7337748697930306
mp-865948,Ti2ReRh,213.72,213.72,213.72,2.3298451655108683
mp-865951,Ac2IrAu,75.286,75.286,75.286,1.8767142233715641
mp-865952,AcTlAu2,59.76,59.76,59.76,1.7764105888073423
mp-865957,AcSnAu2,70.36,70.36,70.36,1.8473258307854237
mp-865960,CoRe3,353.029,352.783,352.906,2.5476590421648435
mp-865963,LiGaAg2,66.916,66.916,66.916,1.8255299724898828
mp-865964,Li2CaSn,34.099,34.099,34.099,1.5327416428971903
mp-865965,Li2CaSi,40.875,40.875,40.875,1.6114577656683424
mp-865966,BeAlIr2,237.931,237.931,237.931,2.3764510298970656
mp-865968,CeAlAg2,68.397,68.397,68.397,1.8350370532987925
mp-865969,LuReTc2,218.979,218.979,218.979,2.3404024681669813
mp-865974,TmNi2Sn,117.1,117.1,117.1,2.068556895072363
mp-865978,YbPrHg2,48.488,48.488,48.488,1.6856342710019536
mp-865979,AcMgCd2,43.051,43.051,43.051,1.633983243813783
mp-865982,TmCdPd2,102.769,102.769,102.769,2.011862130619435
mp-865983,TmCdHg2,64.458,64.458,64.458,1.809276826115209
mp-865984,BaTlHg2,26.909,26.909,26.909,1.4298975586871476
mp-865985,CdPd3,135.856,135.704,135.78,2.1328358043383724
mp-865986,Li2CaGe,37.315,37.315,37.315,1.5718834459564142
mp-865989,Al2IrRu,218.535,218.535,218.535,2.3395210023571535
mp-865990,Y3Al7Cu2,87.323,86.563,86.943,1.9392346216032335
mp-865991,YbSmZn2,45.837,45.837,45.837,1.661216185615503
mp-865992,YbSnRh2,126.934,126.934,126.934,2.1035779659451976
mp-865993,YbSmRh2,90.68,90.68,90.68,1.9575115114544799
mp-865994,YbScRh2,108.619,108.619,108.619,2.0359058001461587
mp-865995,YbSnAu2,70.05,70.05,70.05,1.8454081396217934
mp-865996,YbSbPd2,91.016,91.016,91.016,1.9591177450783057
mp-865997,YbPrZn2,43.874,43.874,43.874,1.642207230911346
mp-865999,YbTlPd2,82.283,82.283,82.283,1.9153101174866407
mp-866000,CaLaCd2,40.129,40.129,40.129,1.603458337409067
mp-866001,AlVRu2,236.108,236.108,236.108,2.3731107024408367
mp-866002,YbTl2Cd,34.091,34.091,34.091,1.5326397406865682
mp-866003,ErI3,5.562,0.63,3.096,0.490800952010855
mp-866004,Er2InAg,65.736,65.736,65.736,1.8178032739655674
mp-866005,Dy2TlCd,57.964,57.964,57.964,1.7631583477788875
mp-866006,CaBi3,45.159,45.159,45.159,1.6547443163510176
mp-866007,DyMgTl2,47.333,47.333,47.333,1.6751640312407805
mp-866008,Dy2TlAg,61.975,61.975,61.975,1.7922165354398591
mp-866012,Hf2ZnRe,160.36,160.36,160.36,2.205096047578484
mp-866014,CaSmHg2,49.261,49.261,49.261,1.6925032237855404
mp-866015,CaPrZn2,43.686,43.686,43.686,1.6403422814352409
mp-866018,Ac2ZnGe,47.092,47.092,47.092,1.672947135346503
mp-866020,YbSmHg2,50.682,50.682,50.682,1.7048537445662886
mp-866022,CdPt3,189.833,189.833,189.833,2.278371711105706
mp-866024,Be2RhAu,183.765,183.765,183.765,2.2642627989200337
mp-866026,ErNbOs2,202.723,202.723,202.723,2.306903024501705
mp-866031,Al2FeIr,203.229,203.229,203.229,2.3079856801932603
mp-866033,AlZnRh2,184.832,184.832,184.832,2.2667771628814886
mp-866037,GaNiRh2,173.642,173.642,173.642,2.239654779377913
mp-866051,HfFe2Sn,183.726,183.726,183.726,2.2641706198742457
mp-866056,AcN,79.844,75.561,77.703,1.890437786603928
mp-866061,CaSmZn2,45.189,45.189,45.189,1.6550327308136719
mp-866062,HfSiRu2,228.517,228.517,228.517,2.358918513953198
mp-866063,NdDyMg2,40.013,40.013,40.013,1.6022011141033718
mp-866066,B2S3,38.547,1.574,20.061,1.3023525779195626
mp-866067,Nd2CdIn,50.858,50.858,50.858,1.706359277466857
mp-866069,MgScRh2,127.869,127.869,127.869,2.106765268788442
mp-866071,MgTaOs2,228.974,228.974,228.974,2.359786170996704
mp-866073,MgSnRh2,147.583,147.583,147.583,2.169036334239068
mp-866077,MgSc2Cd,57.839,57.839,57.839,1.7622207756724317
mp-866079,MgSc2Ru,90.878,90.878,90.878,1.9584587607247619
mp-866080,MgSc2Tl,58.309,58.309,58.309,1.7657355933297056
mp-866081,MgSc2Os,105.142,105.142,105.142,2.021776233864665
mp-866082,MgSc2Tc,88.439,88.439,88.439,1.9466438232674041
mp-866083,Zr3N2,196.004,194.489,195.246,2.2905821452601076
mp-866086,MgSiIr2,213.993,213.993,213.993,2.3303995672225786
mp-866087,MgSiRh2,179.203,179.203,179.203,2.253345275820191
mp-866088,Hf2CoTc,177.082,177.082,177.082,2.2481744183444134
mp-866094,HfZnCu2,129.32,129.32,129.32,2.1116656959395184
mp-866103,Ac2MgSn,38.111,38.111,38.111,1.5810503444369295
mp-866104,CaCdHg2,38.807,38.807,38.807,1.588910070624464
mp-866107,Ac2IrPd,77.317,77.317,77.317,1.88827499449358
mp-866108,HfZn3,106.995,106.547,106.771,2.0284533102747693
mp-866109,HoNbOs2,200.406,200.406,200.406,2.3019107198293582
mp-866112,HoNbRu2,173.786,173.786,173.786,2.24001478725854
mp-866114,HfTc2W,246.139,246.139,246.139,2.391180431837203
mp-866115,Be2PdRh,193.549,193.549,193.549,2.286790931813053
mp-866116,HoTaRu2,183.596,183.596,183.596,2.2638632150087346
mp-866117,HfZnAu2,137.013,137.013,137.013,2.1367617756265815
mp-866120,Tm2TlAg,66.273,66.273,66.273,1.8213366303761622
mp-866121,V3Os,246.21,246.21,246.21,2.391305688142909
mp-866125,LuTaRu2,190.885,190.885,190.885,2.2807718022900643
mp-866127,LuTaOs2,218.717,218.717,218.717,2.339882540327345
mp-866128,NaTmTl2,37.535,37.535,37.535,1.5744364202024044
mp-866131,Lu2TlAg,65.545,65.545,65.545,1.8165395677998464
mp-866132,Na2TlSb,24.55,24.55,24.55,1.3900514964589872
mp-866133,Lu2TlCd,60.239,60.239,60.239,1.7798777537290544
mp-866134,VFe3,195.459,195.459,195.459,2.291055672518831
mp-866138,LuSbRu2,168.296,168.296,168.296,2.226073793940341
mp-866139,TiBe2Ir,189.33,189.33,189.33,2.277219434894438
mp-866140,TiGaPd2,155.629,155.629,155.629,2.192090526885452
mp-866141,TiFe2Si,230.374,230.374,230.374,2.3624334630597965
mp-866143,TiBeRh2,203.582,203.582,203.582,2.3087393765809634
mp-866146,LiSm2Ir,74.686,74.686,74.686,1.8732392003083709
mp-866150,LiSm2Os,74.266,74.266,74.266,1.8707900332503307
mp-866152,TiBeCo2,191.214,191.214,191.214,2.2815196865810794
mp-866154,TiBeIr2,241.903,241.903,241.903,2.38364125437001
mp-866155,TiAlRu2,209.627,209.627,209.627,2.321447219131472
mp-866156,YGaRh2,138.306,138.306,138.306,2.140841021109808
mp-866158,YLuMg2,43.556,43.556,43.556,1.6390479891348684
mp-866159,YZrRu2,147.893,147.893,147.893,2.169947618666821
mp-866160,Y2AgIr,96.832,96.832,96.832,1.9860189020070738
mp-866161,VRh3,251.269,250.809,251.039,2.39974119625821
mp-866162,YMgAg2,64.686,64.686,64.686,1.8108102964235677
mp-866163,YInRh2,127.682,127.682,127.682,2.1061296768118
mp-866164,YMgHg2,61.585,61.585,61.585,1.7894749457600623
mp-866165,YMgRh2,109.638,109.638,109.638,2.0399611046047275
mp-866166,Y2PdRu,102.15,102.15,102.15,2.0092383709684665
mp-866168,TiInPd2,125.716,125.716,125.716,2.099390554293014
mp-866169,KTl2Bi,22.656,22.656,22.656,1.355183236009675
mp-866171,YMgAu2,83.086,83.086,83.086,1.919527851281481
mp-866172,HoMg3,40.634,40.634,40.634,1.6088895762624476
mp-866173,Y2RuRh,111.433,111.433,111.433,2.0470138227549537
mp-866174,ThSnAu2,99.611,99.611,99.611,1.998307300025275
mp-866175,Yb2CdIn,34.611,34.611,34.611,1.5392141473498313
mp-866176,Li2PdAu,68.175,68.175,68.175,1.8336251466136675
mp-866177,YbAgPd2,91.195,91.195,91.195,1.9599710276712154
mp-866178,Li2NdAl,42.611,42.611,42.611,1.629521726394441
mp-866179,Li2NdTl,39.457,39.457,39.457,1.5961240618341916
mp-866180,Li2YbPb,28.662,28.662,28.662,1.4573064916669975
mp-866181,Li2NdIn,40.663,40.663,40.663,1.6091994164904855
mp-866183,Ti2ZnRe,168.977,168.977,168.977,2.2278275954251834
mp-866186,Ti3Zn,110.213,110.213,110.213,2.0422328240555054
mp-866187,Ti2ZnTc,158.023,158.023,158.023,2.1987203024362163
mp-866188,TlCdRh2,137.541,137.541,137.541,2.138432177581277
mp-866191,Li2YbSi,42.316,42.316,42.316,1.6265046084593118
mp-866192,Li2YbSn,34.107,34.107,34.107,1.5328435212032385
mp-866193,Li2LaIn,37.747,37.747,37.747,1.5768824411249778
mp-866194,Li2MgCd,28.998,28.998,28.998,1.462368045522524
mp-866196,Li2PrIn,38.333,38.333,38.333,1.583572809143774
mp-866199,AcAg,43.963,43.963,43.963,1.6430873206711718
mp-866202,Li2SnPt,67.708,67.708,67.708,1.8306399855328825
mp-866203,AcYbHg2,42.483,42.483,42.483,1.628215177504724
mp-866204,Pm2SiHg,66.613,66.613,66.613,1.8235589930939822
mp-866211,Lu2CdIn,59.863,59.863,59.863,1.7771584774690663
mp-866213,TiTc2Mo,248.307,248.307,248.307,2.394988962883287
mp-866218,Ti2MnRh,191.897,191.897,191.897,2.283068185294982
mp-866219,HfSnRu2,199.577,199.577,199.577,2.3001104901145113
mp-866220,CaNdZn2,44.441,44.441,44.441,1.647783822761982
mp-866222,AcSi3,64.526,64.483,64.505,1.8095933795693495
mp-866223,CaYHg2,52.306,52.306,52.306,1.7185515094682775
mp-866224,Be2NiPt,197.731,197.731,197.731,2.2960747627558487
mp-866225,AcMgHg2,48.779,48.779,48.779,1.6882328927605423
mp-866227,CaNdRh2,82.434,82.434,82.434,1.9161063739160042
mp-866228,CaDyHg2,51.03,51.03,51.03,1.7078255683322314
mp-866229,Ca2SnHg,36.778,36.778,36.778,1.5655881084643084
mp-866279,CaCdPd2,75.884,75.884,75.884,1.880150215365567
mp-866284,Al2IrOs,233.311,233.311,233.311,2.3679352151190076
mp-866285,ErSnRu2,150.594,150.594,150.594,2.177807668951
mp-866286,AcMg,30.934,30.934,30.934,1.4904360811932098
mp-866287,DySnAu2,88.94,88.94,88.94,1.9490971251129159
mp-866288,BeVCo2,44.835,44.835,44.835,1.651617174094962
mp-866289,Ac2ZnSi,48.815,48.815,48.815,1.688553293647024
mp-866291,AgBr,27.578,27.578,27.578,1.4405627672619208
mp-866295,DyLuMg2,43.506,43.506,43.506,1.6385491555109564
mp-866298,BaNaScSi2O7,90.266,86.816,88.541,1.9471444226804324
mp-866299,ErTaOs2,212.608,212.608,212.608,2.327579602099263
mp-866311,Bi3BrO4,65.464,53.239,59.352,1.7734353580729032
mp-866314,Ca5Al2(SiN4)2,126.039,125.797,125.918,2.100087817017357
mp-866375,TiFe2Ge,210.464,210.464,210.464,2.323177820179162
mp-866376,TiMn2Ge,191.642,191.642,191.642,2.2824906945615586
mp-866522,Ca2SnS4,51.553,40.817,46.185,1.6645009479588793
mp-866818,Ca2SnS4,42.597,41.815,42.206,1.6253741946030218
mp-867107,BeSiOs2,286.259,286.259,286.259,2.456759149806957
mp-867109,ScZn2Ag,84.013,84.013,84.013,1.9243464931027179
mp-867110,Sc2CoOs,137.844,137.844,137.844,2.1393878671149746
mp-867114,TaBeRu2,234.983,234.983,234.983,2.371036444087693
mp-867116,BeGaIr2,238.142,238.142,238.142,2.37683599666343
mp-867117,Sc2CuPt,112.788,112.788,112.788,2.0522628956489926
mp-867118,LaSnAu2,77.314,77.314,77.314,1.8882581429767964
mp-867119,LiHfPd2,117.376,117.376,117.376,2.0695793053178897
mp-867120,TaMn2Al,201.123,201.123,201.123,2.303461738433214
mp-867121,LiY2Pt,71.412,71.412,71.412,1.8537711963124193
mp-867123,TaTiOs2,267.946,267.946,267.946,2.428047278114491
mp-867125,Al2RuPt,201.068,201.068,201.068,2.303342958069389
mp-867126,Rb,2.76,2.758,2.759,0.44075170047918544
mp-867127,ScCdAg2,80.644,80.644,80.644,1.9065720609521974
mp-867128,Sm2PdRu,94.638,94.638,94.638,1.9760655537020617
mp-867130,SmHoMg2,40.49,40.49,40.49,1.6073477767684134
mp-867131,SmMgCd2,52.617,52.617,52.617,1.7211260828111157
mp-867137,ScVRu2,194.203,194.203,194.203,2.288255934497745
mp-867141,ReOs3,395.857,394.907,395.382,2.597016893913882
mp-867143,SmGa3,69.597,69.05,69.324,1.8408836135890374
mp-867144,CaMgHg2,40.504,40.504,40.504,1.6074979143787844
mp-867145,LiHo2Ga,54.046,54.046,54.046,1.7327635568978177
mp-867146,ScNbRu2,196.752,196.752,196.752,2.293919155692089
mp-867147,BaNaHg2,20.768,20.768,20.768,1.3173946751202752
mp-867148,LiHfRh2,145.866,145.866,145.866,2.1639540737086627
mp-867149,Sr2CdSn,29.052,29.052,29.052,1.4631760354893577
mp-867156,ScGaRu2,167.594,167.594,167.594,2.2242584664808023
mp-867157,SmCdHg2,60.568,60.568,60.568,1.7822432331761897
mp-867158,SmCd3,56.236,56.236,56.236,1.750014422258783
mp-867159,SmDyMg2,40.294,40.294,40.294,1.6052403820992147
mp-867160,LiCd2Au,64.741,64.741,64.741,1.81117940330146
mp-867163,Sr2AgPt,39.938,39.938,39.938,1.6013863126450525
mp-867167,LiCa2Tl,26.242,26.242,26.242,1.4189969311557482
mp-867169,Sr2SnHg,30.248,30.248,30.248,1.4806966643544792
mp-867171,SrLi2Sn,30.554,30.554,30.554,1.48506807429087
mp-867172,SrMgTl2,29.945,29.945,29.945,1.4763243174202276
mp-867177,PrCdHg2,57.938,57.938,57.938,1.762963499429094
mp-867178,PrMgCd2,50.25,50.25,50.25,1.7011360660925265
mp-867181,SmMgHg2,59.687,59.687,59.687,1.775879750843625
mp-867182,Sm2ZnIr,86.846,86.846,86.846,1.9387498202738147
mp-867186,CeZn2Ag,58.884,58.884,58.884,1.7699973040285404
mp-867189,Pm3Pb,44.905,44.905,44.905,1.6522947007252042
mp-867191,Sm2TlCd,53.486,53.486,53.486,1.72824011999477
mp-867193,Sr2BiAu,35.078,35.078,35.078,1.5450348237554345
mp-867195,SrOsO3,185.233,185.233,185.233,2.2677183605381432
mp-867196,LiCd2Pd,71.539,71.539,71.539,1.8545428651179934
mp-867200,Pm,35.283,35.282,35.282,1.547553195630555
mp-867202,Sr,11.453,11.435,11.444,1.0585778491332252
mp-867206,LiCd2Pt,84.2,84.2,84.2,1.9253120914996495
mp-867207,Sr2HgPb,28.446,28.446,28.446,1.4540212057026003
mp-867210,LiCa2Hg,26.023,26.023,26.023,1.4153573617237576
mp-867211,LiCa2In,27.505,27.505,27.505,1.4394116492857847
mp-867212,TcOs3,377.424,376.604,377.014,2.576357477552891
mp-867213,Er2OsPd,117.96,117.96,117.96,2.0717347638797605
mp-867214,Er2IrRu,130.801,130.801,130.801,2.1166110642697604
mp-867216,TaFeRu2,238.287,238.287,238.287,2.377100349596691
mp-867217,CaPrHg2,47.326,47.326,47.326,1.675099799390056
mp-867218,SmAgHg2,67.274,67.274,67.274,1.8278472508771197
mp-867221,Ce3(TaN3)2,173.264,169.089,171.176,2.233442873669272
mp-867222,LiCa2Ir,48.032,48.032,48.032,1.6815306705631763
mp-867223,LiGa2Ni,90.52,90.52,90.52,1.956744545282691
mp-867224,CaNdCd2,41.739,41.739,41.739,1.6205420398495989
mp-867226,Li3In,24.555,24.555,24.555,1.3901399384676227
mp-867227,Li3Pt,46.406,46.402,46.404,1.6665554181206903
mp-867229,RbSn3,13.986,10.853,12.419,1.0940866270831928
mp-867233,Sc2ZnIr,119.005,119.005,119.005,2.075565208676494
mp-867234,TbMgHg2,61.719,61.719,61.719,1.7904188808065318
mp-867235,LiY2Ir,80.823,80.823,80.823,1.9075349666122603
mp-867241,Ac2GePd,56.205,56.205,56.205,1.7497749521494792
mp-867242,Sc2ZnGa,78.569,78.569,78.569,1.895251225624904
mp-867243,Sc2ZnOs,120.86,120.86,120.86,2.0822825899124378
mp-867245,LaAgHg2,59.426,59.426,59.426,1.7739764986177662
mp-867246,TbGa3,71.534,70.868,71.201,1.852486093235622
mp-867248,LaBi3,53.973,53.973,53.973,1.7321765582771043
mp-867249,TaAlFe2,219.675,219.675,219.675,2.341780635073299
mp-867250,LiZn2Pd,87.893,87.893,87.893,1.9439542882429546
mp-867251,LiZn2Pt,104.433,104.433,104.433,2.018837753966144
mp-867252,LiZn2Ni,41.35,41.35,41.35,1.6164755138885656
mp-867253,LiZn2Ir,116.817,116.817,116.817,2.0675060488461905
mp-867254,SmAgAu2,84.99,84.99,84.99,1.9293678292400995
mp-867255,LiZn2Au,80.793,80.793,80.793,1.90737373462277
mp-867257,CaPrCd2,40.978,40.978,40.978,1.61255075811203
mp-867258,LiZnPd2,109.393,109.393,109.393,2.0389895326131597
mp-867259,RhCl2,79.104,74.659,76.882,1.8858246724969356
mp-867262,ScTc3,216.144,216.144,216.144,2.33474318433852
mp-867263,ScCdHg2,68.137,68.137,68.137,1.833383008126376
mp-867264,Re3Os,374.759,374.32,374.539,2.5734970466093983
mp-867266,CaMgTl2,33.477,33.477,33.477,1.524746532301446
mp-867267,LiHo2Pt,74.476,74.476,74.476,1.8720163432609143
mp-867270,Be2CoPt,207.943,207.943,207.943,2.317944305260983
mp-867271,Be2CoNi,194.115,194.115,194.115,2.288059096261754
mp-867272,LiAlCu2,87.133,87.133,87.133,1.9401826671043862
mp-867273,Be2CuIr,210.143,210.143,210.143,2.322514927950754
mp-867274,Be2CoIr,219.36,219.36,219.36,2.3411574374454376
mp-867275,BeVOs2,276.013,276.013,276.013,2.4409295374829916
mp-867277,Ho2MgAl,55.443,55.443,55.443,1.7438467217515823
mp-867280,Be2IrPt,238.159,238.159,238.159,2.376866998094019
mp-867281,Tc3Pt,286.948,285.212,286.08,2.4564874971158237
mp-867285,LiTb2Ir,81.503,81.503,81.503,1.911173594745705
mp-867287,LiInAu2,76.048,76.048,76.048,1.8810877969506834
mp-867288,TbHg3,60.055,59.711,59.883,1.7773035493665632
mp-867290,TbTe,61.543,59.26,60.402,1.781051318995031
mp-867292,Ga2RuRh,199.112,199.112,199.112,2.299097434697105
mp-867293,LiCo2Si,171.867,171.867,171.867,2.2351924962698115
mp-867304,BeVFe2,212.177,212.177,212.177,2.3266983045678855
mp-867306,AlCuAu2,134.721,134.721,134.721,2.1294352978259283
mp-867307,Be2RuAu,193.573,193.573,193.573,2.2868447808197176
mp-867317,Cu3Si,144.912,143.718,144.315,2.159311473703784
mp-867319,Al2CoIr,199.848,199.848,199.848,2.300699806369904
mp-867326,Al2RuRh,200.128,200.128,200.128,2.3013078552268205
mp-867327,Hf2TcRu,193.02,193.02,193.02,2.2856023112856136
mp-867330,Al2FeNi,163.496,163.496,163.496,2.2135071319248807
mp-867342,Li3Ge,32.98,32.98,32.98,1.5182506513085
mp-867343,Li3Cd,22.509,22.509,22.509,1.3523562011698274
mp-867345,TcIr3,342.254,341.741,341.997,2.5340222964387076
mp-867346,ThCdHg2,72.453,72.453,72.453,1.8600563726432409
mp-867348,DyMgSn,58.022,57.911,57.967,1.763180824656444
mp-867349,Dy2MgTl,50.473,50.473,50.473,1.7030591189743185
mp-867350,Ca2MgIn,30.387,30.387,30.387,1.4826878258529568
mp-867351,Tc,299.675,299.666,299.67,2.476643267848566
mp-867353,ThCdAu2,99.567,99.567,99.567,1.9981154218307495
mp-867356,TcRu3,309.013,308.165,308.589,2.489380441090561
mp-867357,Tc3Ni,290.989,282.368,286.678,2.4573943659663544
mp-867361,CeTlAu2,83.944,83.944,83.944,1.92398965985448
mp-867372,ThCdAg2,82.451,82.451,82.451,1.9161959273164775
mp-867422,AcPbAu2,65.405,65.405,65.405,1.8156109499971478
mp-867507,TaGaFe2,222.56,222.56,222.56,2.3474471126479712
mp-867568,CsTi6O12,118.587,113.452,116.019,2.0645291178428904
mp-867735,PrSmO2,116.278,110.388,113.333,2.0543563849840027
mp-867744,LiTi3O4,194.38,193.324,193.852,2.287470286047294
mp-867748,ScSnRu2,169.616,169.616,169.616,2.229466817165752
mp-867756,Sc2CuAu,97.087,97.087,97.087,1.9871610815430456
mp-867761,Sc2CoRu,135.073,135.073,135.073,2.1305685457437575
mp-867762,DyMgAu2,84.578,84.578,84.578,1.9272574112526715
mp-867769,ScZnRh2,151.149,151.149,151.149,2.179405278236174
mp-867771,TaCuRh2,224.467,224.467,224.467,2.351152502259879
mp-867773,DyMgCd2,54.341,54.341,54.341,1.7351276261776738
mp-867775,Al2NiRu,180.486,180.486,180.486,2.256443520044707
mp-867779,Ta2CrFe,231.932,231.932,231.932,2.365360673022001
mp-867780,Al3Cr,106.002,106.001,106.001,2.025309962363198
mp-867786,ScNbOs2,220.674,220.674,220.674,2.3437511672273565
mp-867788,TaGaOs2,268.88,268.88,268.88,2.429558499461421
mp-867792,ReIr3,359.215,358.576,358.896,2.554968618022267
mp-867794,Sc2CuIr,129.422,129.422,129.422,2.112008106831054
mp-867795,ScNbTc2,186.133,186.133,186.133,2.269823377146748
mp-867798,La2AgRu,71.667,71.667,71.667,1.8553192251655797
mp-867799,Ca2BiAu,42.058,42.058,42.058,1.6238486166713757
mp-867800,AcSe3,58.186,53.018,55.602,1.7450904134047567
mp-867801,La2AgSn,49.213,49.213,49.213,1.692079840216632
mp-867802,Sc2CuOs,127.176,127.176,127.176,2.1044051612259356
mp-867803,LiCa2Cd,23.718,23.718,23.718,1.3750780647266143
mp-867805,LiCa2Ga,28.548,28.548,28.548,1.4555756880848911
mp-867807,LiYTl2,41.8,41.8,41.8,1.6211762817750353
mp-867810,LiYHg2,52.184,52.184,52.184,1.7175373655144313
mp-867815,AcGa3,58.856,58.678,58.767,1.769133520956008
mp-867816,TaRu3,276.055,276.055,276.055,2.440995617633535
mp-867821,TaTiMn2,207.781,207.781,207.781,2.317605832093066
mp-867826,DyMgHg2,62.879,62.879,62.879,1.7985056262575712
mp-867828,BeNbRu2,227.135,227.135,227.135,2.3562840612812637
mp-867829,LiVRh2,179.191,179.191,179.191,2.2533161931135344
mp-867834,LiHfPt2,146.996,146.996,146.996,2.167305517050468
mp-867835,BeSiRu2,247.221,247.221,247.221,2.393085358798475
mp-867837,BeCrRu2,254.421,254.421,254.421,2.4055529552771544
mp-867838,AcAu3,77.484,72.369,74.927,1.874638344241923
mp-867840,BeFeRh2,206.038,206.038,206.038,2.31394732555537
mp-867842,ScInRh2,149.145,149.145,149.145,2.173608698470406
mp-867846,TaTiRe2,257.421,257.421,257.421,2.4106439730738254
mp-867849,Ca2TlCd,32.155,32.155,32.155,1.5072485139187866
mp-867850,ScMnRh2,149.04,149.04,149.04,2.1733028418881863
mp-867853,SmCdAg2,67.735,67.735,67.735,1.8308131351407133
mp-867854,Ca2ZnRh,48.691,48.691,48.691,1.6874486940370048
mp-867859,Sm2IrRu,114.186,114.186,114.186,2.0576128596413166
mp-867861,SmYMg2,40.002,40.002,40.002,1.6020817055092076
mp-867862,SmMgAg2,62.849,62.849,62.849,1.7982983719513808
mp-867863,SmCu4Ag,100.508,100.508,100.508,2.0022006310856595
mp-867868,Sm2AgIr,89.778,89.778,89.778,1.9531699263202722
mp-867869,Sm2AgRu,83.326,83.326,83.326,1.9207805343562807
mp-867870,SmAl3,69.393,68.07,68.731,1.837152662711948
mp-867872,LiCdAg2,58.234,58.234,58.234,1.7651766221235545
mp-867873,LiTm2Al,53.804,53.804,53.804,1.7308145640186514
mp-867874,BeVRu2,241.663,241.663,241.663,2.3832101625057556
mp-867876,SmTlAg2,65.15,65.15,65.15,1.8139144200486035
mp-867878,AlFe2Si,214.474,214.474,214.474,2.3313746515746936
mp-867879,SmHg3,57.702,57.386,57.544,1.7600000472927297
mp-867881,ScTlRh2,143.099,143.099,143.099,2.155636598847132
mp-867882,SmCdAu2,82.573,82.573,82.573,1.9168380634475237
mp-867887,Sm2CuIr,89.382,89.382,89.382,1.951250068149872
mp-867894,Sm2MgAl,50.087,50.087,50.087,1.6997250200611744
mp-867895,Sm2CuRu,84.831,84.831,84.831,1.9285545865575064
mp-867896,ScZnCu2,99.218,99.218,99.218,1.9965904684397546
mp-867897,ScTaRu2,204.892,204.892,204.892,2.3115250017214373
mp-867899,Sm2IrRh,110.279,110.279,110.279,2.042492819308501
mp-867901,ScTaTc2,194.629,194.629,194.629,2.289207551254154
mp-867902,LiSiRh2,186.513,186.513,186.513,2.270709107627293
mp-867904,AlGeRu2,214.114,214.114,214.114,2.330645064884189
mp-867908,LaBiAu2,73.505,73.505,73.505,1.8663168819216542
mp-867909,ScCdRh2,139.152,139.152,139.152,2.1434894527305848
mp-867911,ScCdPd2,113.454,113.454,113.454,2.054819812228921
mp-867915,ScGaCo2,149.332,149.332,149.332,2.174152881631868
mp-867916,ScGaIr2,192.627,192.627,192.627,2.2847171609254615
mp-867917,CuGeRh2,199.92,199.92,199.92,2.3008562431183934
mp-867919,ErNbRu2,177.241,177.241,177.241,2.2485641916713366
mp-867920,K2Rh2O5,95.061,73.699,84.38,1.9262395210458623
mp-867921,Sm2ZnRu,81.483,81.483,81.483,1.9110670102576917
mp-867922,ScAlRh2,163.077,163.077,163.077,2.212392713477754
mp-867924,LiCdPd2,93.448,93.448,93.448,1.970570010923426
mp-867925,SrAcHg2,37.418,37.418,37.418,1.5730805706525928
mp-867927,LiVIr2,223.046,223.046,223.046,2.3483944392185037
mp-867928,ScGaRh2,163.021,163.021,163.021,2.21224355284981
mp-867932,Sm2MgGe2,68.695,68.305,68.5,1.8356905714924256
mp-867978,SmInRh2,121.874,121.874,121.874,2.085911065250071
mp-867979,LaInHg2,52.025,52.025,52.025,1.7162120888836645
mp-867985,SmPbAu2,77.954,77.954,77.954,1.891838404750743
mp-882700,KTiF4,39.993,31.002,35.497,1.55019165056213
mp-884085,Li2CuS2,21.8,21.393,21.596,1.3343733187992048
mp-924128,HfNiSn,127.878,127.878,127.878,2.1067958353275507
mp-924129,ZrNiSn,115.909,115.909,115.909,2.064117158988492
mp-924130,TiNiSn,123.819,123.819,123.819,2.092787292196385
mp-935811,KNbO3,172.61,172.61,172.61,2.2370659525554037
mp-937760,C,231.682,5.949,118.816,2.0748749275460647
mp-941221,Li(BH)5,16.736,16.236,16.486,1.217115295507684
mp-945184,YCuTe2,42.433,42.25,42.341,1.62676111087171
mp-950995,Li6PS5I,26.851,26.71,26.78,1.4278105726759902
mp-952566,NaSnSb,23.596,21.731,22.663,1.3553173987845597
mp-961645,LiAlGe,48.554,48.554,48.554,1.6862250139838613
mp-961646,TiTeOs,158.831,158.831,158.831,2.200935270225924
mp-961649,ZrFeTe,135.818,135.818,135.818,2.132957330935917
mp-961651,ZrFeSe,143.448,143.448,143.448,2.1566944975452875
mp-961652,ZrFeSb,119.495,119.495,119.495,2.0773497335867583
mp-961653,FeSiW,226.039,226.039,226.039,2.354183377304667
mp-961656,VFeTe,134.14,134.14,134.14,2.1275583020046325
mp-961657,YNiP,107.291,107.291,107.291,2.0305632931284006
mp-961658,VFeSe,138.506,138.506,138.506,2.1414685871943333
mp-961659,TiSiPd,145.487,145.487,145.487,2.1628241886449575
mp-961660,TiFeSe,157.629,157.629,157.629,2.197636120395641
mp-961661,ZrSiPd,138.82,138.82,138.82,2.1424520400663405
mp-961664,VSnPd,120.16,120.16,120.16,2.079759919660093
mp-961665,MgScGa,54.545,54.545,54.545,1.7367549460896563
mp-961668,AlVPt,139.456,139.456,139.456,2.144437204230143
mp-961673,TiFeTe,146.311,146.311,146.311,2.1652769786182327
mp-961674,VGePt,145.001,145.001,145.001,2.161370997359005
mp-961675,ScNiP,129.129,129.129,129.129,2.1110237877785676
mp-961678,ScCoTe,110.522,110.522,110.522,2.04344873528451
mp-961682,TiSnPd,118.974,118.974,118.974,2.075452063155123
mp-961684,LiCaAs,37.314,37.314,37.314,1.571871807197167
mp-961685,NaCaAs,33.378,33.378,33.378,1.5234603103244717
mp-961686,HfSiNi,125.6,125.6,125.6,2.0989896394011773
mp-961687,ZrSnPd,118.393,118.393,118.393,2.0733260254338304
mp-961688,VGaPt,136.177,136.177,136.177,2.1341037623742896
mp-961693,ZrInAu,106.206,106.206,106.206,2.026149052463764
mp-961695,LaCoTe,85.096,85.096,85.096,1.9299091462331703
mp-961696,MnCoSi,181.264,181.264,181.264,2.2583115594523564
mp-961697,ScGeAu,95.062,95.062,95.062,1.9780069471334363
mp-961698,LiZnP,64.164,64.164,64.164,1.8072914301479654
mp-961706,TiSiPt,165.342,165.342,165.342,2.2183831866104327
mp-961710,VSiPt,171.875,171.875,171.875,2.235212711174338
mp-961711,ZrSiPt,154.395,154.395,154.395,2.188633231831517
mp-961712,TaTlPt,153.2,153.2,153.2,2.185258765296585
mp-961713,ZrSnPt,133.908,133.908,133.908,2.1268065236294085
mp-961716,VSnPt,137.912,137.912,137.912,2.139602056654771
mp-961723,LiCaRh,42.619,42.619,42.619,1.6296032553364905
mp-961725,CrGeRh,118.263,118.263,118.263,2.0728488916334937
mp-961774,BaNaSb,24.711,24.711,24.711,1.3928903207033465
mp-962063,LaMgTl,35.592,35.592,35.592,1.551352392739988
mp-962067,BaNaSn,18.381,18.381,18.381,1.2643691350516164
mp-962068,CaMgSn,33.364,33.364,33.364,1.5232781125229127
mp-962072,KYSn,26.23,26.23,26.23,1.4187982905903536
mp-962078,CaCdSi,46.537,46.537,46.537,1.6677983831312033
mp-966800,InP,59.24,59.226,59.233,1.7725637291030623
mp-971661,Si,79.715,79.715,79.715,1.9015400504335025
mp-971662,Si,75.91,75.91,75.91,1.8802989914257526
mp-971669,FeSb3,103.95,97.054,100.502,2.0021747043467686
mp-971673,BiS2,29.724,17.266,23.495,1.3709754493589708
mp-971682,Si3N2,142.078,142.078,142.078,2.152526835011966
mp-971683,C3N4,129.01,8.718,68.864,1.8379922453142576
mp-971694,Ge3N2,99.291,99.291,99.291,1.9969098846738604
mp-971702,YbNdCd2,42.101,42.101,42.101,1.624292411496573
mp-971703,V3Ag,159.817,159.817,159.817,2.203622974061246
mp-971705,Tm2MgTl,51.653,51.653,51.653,1.713095550359208
mp-971706,ZnBiO3,152.502,152.502,152.502,2.183275539310793
mp-971712,ZnCdS2,60.309,60.24,60.274,1.7801300137722693
mp-971738,ZnCuNi2,155.672,155.672,155.672,2.192210505059892
mp-971739,ZnCuPt2,183.726,183.726,183.726,2.2641706198742457
mp-971744,ZnCo3,183.266,183.266,183.266,2.26308190095777
mp-971752,ZnCr3,108.873,108.873,108.873,2.036920190087437
mp-971753,ZnGe3,61.403,61.403,61.403,1.7881895902228835
mp-971779,ZnRh3,209.274,209.27,209.272,2.320711124855838
mp-971799,DyYHg2,66.15,66.15,66.15,1.8205298485235197
mp-971803,ZnHg3,21.227,21.227,21.227,1.326888619907437
mp-971836,Zn2NiIr,176.569,176.569,176.569,2.2469144573914805
mp-971837,ZnCdTe2,38.909,38.899,38.904,1.589994256560121
mp-971891,Zn2PdAu,128.444,128.444,128.444,2.108713821893513
mp-971911,ZnN,131.073,129.554,130.313,2.114987743008379
mp-971914,SrSiPt,78.261,78.261,78.261,1.8935453929092465
mp-971920,TmMg3,40.83,40.807,40.818,1.610851721344211
mp-971922,DyYAl2,65.046,65.046,65.046,1.8132205948047482
mp-971924,DyYAg2,67.395,67.395,67.395,1.8286276776487067
mp-971933,YZr,62.36,62.052,62.206,1.7938322760287517
mp-971951,Zr3Pt,128.477,128.477,128.477,2.1088253870671005
mp-971958,Tm3P,60.974,60.974,60.974,1.7851446864266343
mp-971975,SrHgO3,102.967,102.967,102.967,2.012698059518269
mp-971979,Tm2ZnAg,68.975,68.975,68.975,1.838691709151223
mp-971985,TbAlCu2,92.528,92.528,92.528,1.9662731749595195
mp-971996,SrHoO3,84.713,84.713,84.713,1.9279500619840726
mp-972021,SrInO3,95.953,95.953,95.953,1.982058557634054
mp-972036,WN,309.576,287.531,298.554,2.4750228941957095
mp-972042,Zn3Cu,93.822,90.98,92.401,1.9656766713514038
mp-972044,YbTh3,44.763,44.763,44.763,1.6509191850901226
mp-972048,Zn6Mo,91.897,91.897,91.897,1.9633013339681358
mp-972058,YbTmO3,96.796,96.796,96.796,1.985857410884626
mp-972062,YbTmHg2,53.312,53.312,53.312,1.7268249753906748
mp-972066,ZrAlO3,217.28,217.28,217.28,2.3370197526004075
mp-972069,Ti3Ga,116.5,116.367,116.433,2.0660760875881716
mp-972071,V3Mo,203.583,203.583,203.583,2.308741509841346
mp-972082,Tl3Si,34.443,34.443,34.443,1.5371009716638242
mp-972087,ZrH3,129.755,129.755,129.755,2.113124102016226
mp-972088,Zr3Zn,94.174,93.992,94.083,1.9735111571873474
mp-972099,YbMg3,28.824,28.756,28.79,1.459241664878082
mp-972103,U3C,177.966,177.966,177.966,2.2503370392594477
mp-972119,SrCaTl2,28.313,28.313,28.313,1.4519858889489092
mp-972156,TbY3,39.722,39.722,39.722,1.5990311070714993
mp-972180,YbMgIn2,37.737,37.737,37.737,1.5767673718428932
mp-972185,Tl3Hg,26.92,26.92,26.92,1.4300750555519393
mp-972202,TcAs3,130.959,129.596,130.278,2.114871082747986
mp-972205,V2MoOs,263.582,263.582,263.582,2.4209157489887794
mp-972209,Ta2TcW,250.356,250.356,250.356,2.3985580041058743
mp-972217,Ti2CuTc,167.17,167.17,167.17,2.223158342460344
mp-972220,TiPt3,233.944,233.852,233.898,2.3690265082876594
mp-972222,TaBeO3,277.307,277.307,277.307,2.4429608325169285
mp-972228,Zr3As2,125.489,125.326,125.408,2.0983252417980087
mp-972238,Ti2VIr,179.691,179.691,179.691,2.254526325588552
mp-972241,Ti2ReTc,217.331,217.331,217.331,2.33712167831641
mp-972244,Tm2ZnGa,68.836,68.836,68.836,1.8378156259146803
mp-972257,LaTb3,35.185,34.742,34.964,1.5436211115640333
mp-972274,Tm2ZnHg,68.285,68.285,68.285,1.8343253137447937
mp-972275,Ti2ReRu,219.69,219.69,219.69,2.3418102888565135
mp-972309,Ta2BN3,247.64,224.839,236.24,2.373353433957022
mp-972310,Tb3Si,58.235,57.947,58.091,1.76410885264672
mp-972323,TaNbTc2,251.053,251.053,251.053,2.3997654154162458
mp-972326,TcPt3,261.369,261.32,261.344,2.4172125339084083
mp-972337,Ti2IrW,216.082,216.082,216.082,2.3346185909171955
mp-972352,YbMg,24.014,24.014,24.014,1.380464506297725
mp-972353,U3Pa,104.538,88.53,96.534,1.9846803020663741
mp-972364,Yb,14.706,14.675,14.69,1.1670217957902564
mp-972370,Yb2InHg,36.324,36.324,36.324,1.5601936670041978
mp-972396,Ti2MnRe,230.659,230.659,230.659,2.3629704048540234
mp-972415,YErAl2,65.872,65.872,65.872,1.8187008496534107
mp-972420,YErAg2,68.674,68.674,68.674,1.8367923441371006
mp-972442,SnBO3,225.06,225.06,225.06,2.3522983145343663
mp-972455,TmLuIn2,57.35,57.35,57.35,1.7585334222372866
mp-972494,SmMg3,38.809,38.699,38.754,1.5883165349267931
mp-972504,Sm2AlZn,56.309,56.309,56.309,1.7505778147084705
mp-972511,Sm2AgSn,62.377,62.377,62.377,1.7950244836821692
mp-972522,SmTmZn2,58.598,58.598,58.598,1.7678827934278776
mp-972526,SmSnAu2,84.809,84.809,84.809,1.928441942385667
mp-972528,SmYAg2,63.294,63.294,63.294,1.8013625427125322
mp-972530,Sm2AgRh,79.206,79.206,79.206,1.8987580814404166
mp-972536,Sm2TlAg,57.182,57.182,57.182,1.7572593411894015
mp-972540,SmYZn2,59.049,59.049,59.049,1.7712125471966245
mp-972541,SmTmTl2,52.625,52.625,52.625,1.7211921088437248
mp-972549,SmLu3,43.36,43.312,43.336,1.6368488225791462
mp-972601,SmLuMg2,40.91,40.91,40.91,1.6118294794983736
mp-972623,SmHgAu2,83.971,83.971,83.971,1.9241293251745817
mp-972635,SmErHg2,62.653,62.653,62.653,1.7969418710564635
mp-972640,SmDyZn2,57.307,57.307,57.307,1.7582076738992458
mp-972653,SmHoTl2,52.516,52.516,52.516,1.7202916396549897
mp-972659,SmCoSi3,136.665,135.753,136.209,2.134205804501894
mp-972680,Sm(AgGe)2,83.308,83.296,83.302,1.9206554285200736
mp-972692,SnPb,44.254,44.208,44.231,1.6457267582611361
mp-972742,SmBr,46.196,46.008,46.102,1.6637197663901457
mp-972751,Si3Ge,83.175,83.175,83.175,1.91999280954086
mp-972808,SiO2,27.063,24.513,25.788,1.4114176615390681
mp-972810,SiTc2W,286.173,286.173,286.173,2.4566286563134954
mp-972827,SiBiO3,130.571,130.571,130.571,2.1158467302430055
mp-972828,Cu3Si,136.457,136.403,136.43,2.1349098791318784
mp-972839,SiBO3,203.008,203.008,203.008,2.3075131526294532
mp-972845,SiMo,204.669,193.384,199.027,2.2989119967896277
mp-972861,Sc2TlTc,103.541,103.541,103.541,2.015112355086485
mp-972866,Sc2PdAu,107.16,107.16,107.16,2.030032704936171
mp-972869,Sc2GaPt,107.133,107.133,107.133,2.029923266447061
mp-972874,SeBr3,29.617,1.407,15.512,1.1906677960706489
mp-972876,Sc3Cd,59.131,59.105,59.118,1.7717197331733712
mp-972877,Sc2AlIr,117.54,117.54,117.54,2.07018568637838
mp-972879,Sc2RuAu,125.306,125.306,125.306,2.097971866720445
mp-972882,Sc2CdAg,72.853,72.853,72.853,1.8624474402051132
mp-972884,Sc2AlCu,81.231,81.231,81.231,1.909721799680346
mp-972895,ScAu3,118.076,114.953,116.515,2.066381839506943
mp-972898,Sc2GaAu,90.144,90.144,90.144,1.9549368253056794
mp-972899,Sc2GaIr,118.555,118.555,118.555,2.0739198748609677
mp-972907,Sc2AlAg,78.735,78.735,78.735,1.8961678318238218
mp-972908,La3Dy,29.534,29.503,29.518,1.4700869284088331
mp-972912,La3Er,29.875,29.314,29.595,1.4712183443078723
mp-972914,Sc2AlCd,72.984,72.984,72.984,1.8632276618557382
mp-972925,ScZn2Au,98.751,98.751,98.751,1.9945415021950341
mp-972941,NaBi3,33.104,32.721,32.912,1.5173542743506487
mp-972945,HoErAg2,69.968,69.968,69.968,1.8448994600007818
mp-972949,LaSmZn2,49.862,49.862,49.862,1.6977696943752099
mp-972954,MgCd2,43.177,42.782,42.98,1.6332664111554245
mp-972957,ScTiRu2,177.267,177.267,177.267,2.24862789492514
mp-972960,La2IrAu,86.527,86.527,86.527,1.9371516464397323
mp-972961,Sc2NiRh,118.07,118.07,118.07,2.07213956323974
mp-972966,Sc2OsAu,135.881,135.881,135.881,2.133158734348151
mp-972984,HoErAl2,67.462,67.462,67.462,1.8290592122769664
mp-973004,ScRu3,203.337,203.337,203.337,2.308216411760331
mp-973022,ScRu3,203.701,203.144,203.422,2.3083979198843014
mp-973024,La3Hf,40.645,40.645,40.645,1.6090071278890696
mp-973053,ScH3,110.897,110.897,110.897,2.044919797717524
mp-973056,Na2CdHg,17.144,17.144,17.144,1.2341121580337722
mp-973058,LiLu2Al,54.59,54.59,54.59,1.7371130943059612
mp-973060,MgCr,57.229,57.229,57.229,1.7576161572612419
mp-973068,ScCuO3,186.205,186.205,186.205,2.2699913385317627
mp-973088,MgInAg2,68.284,68.284,68.284,1.834318953670664
mp-973092,ScCu3,103.173,103.063,103.118,2.0133344811744096
mp-973123,ScPdO3,118.718,118.718,118.718,2.0745165715916216
mp-973141,ScCdCu2,90.97,90.97,90.97,1.9588981947107718
mp-973142,ScZn2Pd,104.061,104.061,104.061,2.0172879950406557
mp-973143,ScZn3,78.798,78.798,78.798,1.8965151946470846
mp-973149,Mn3Al,179.795,179.795,179.795,2.254777610074613
mp-973153,ScAlPt2,157.156,157.156,157.156,2.196330966436313
mp-973156,ScAsO3,135.67,135.67,135.67,2.1324838250005618
mp-973166,NaCd3,27.552,27.505,27.528,1.4397746596128738
mp-973174,NaAg3,52.613,52.419,52.516,1.7202916396549897
mp-973181,Mn3Zn,199.616,199.317,199.466,2.2998688786153267
mp-973185,ScAgO2,126.146,118.317,122.232,2.087184917887784
mp-973191,LiTl3,26.317,26.317,26.317,1.4202363804698879
mp-973229,ScNb,102.611,102.522,102.567,2.011007652947283
mp-973232,NdTm3,40.739,40.739,40.739,1.6100103643840258
mp-973250,KLa3,19.467,19.466,19.467,1.2892990288784163
mp-973256,LaMgTl2,44.465,44.465,44.465,1.6480182966516828
mp-973265,K3Zr,6.941,6.941,6.941,0.8414220444023593
mp-973266,Lu3Al,53.836,52.859,53.348,1.7271181425000357
mp-973267,KTcO3,180.938,180.938,180.938,2.2575297855287926
mp-973269,SbTeO3,125.028,125.028,125.028,2.0970072840780496
mp-973270,Ho2RuAu,104.31,104.31,104.31,2.0183259454029208
mp-973276,HoLuCd2,59.674,59.674,59.674,1.7757851499557795
mp-973300,Lu3Ga,53.716,52.353,53.035,1.7245625731876923
mp-973316,NaLi3,11.577,11.564,11.571,1.0633708935857042
mp-973325,Li2MgGe,38.78,38.78,38.78,1.5886078047426866
mp-973342,SbRh3,205.763,205.763,205.763,2.3133672832520387
mp-973343,Li2MgHg,30.915,30.915,30.915,1.490169250834894
mp-973353,SbPt3,178.413,178.413,178.413,2.251426495906523
mp-973364,Mg,36.002,35.993,35.997,1.5562663080524113
mp-973374,LiMg2,28.567,28.405,28.486,1.4546314699523923
mp-973396,KBeO3,92.168,92.168,92.168,1.964580163616759
mp-973415,LiLa3,24.223,23.437,23.83,1.3771240423464561
mp-973432,LuScRh2,130.571,130.571,130.571,2.1158467302430055
mp-973442,Lu2AgPt,99.763,99.763,99.763,1.9989695004530026
mp-973443,Hf2ReTc,199.747,199.747,199.747,2.3004802653666063
mp-973446,K3W,8.076,8.076,8.076,0.9071963102716017
mp-973455,LiMg2,29.778,29.761,29.769,1.4737642460751348
mp-973465,Ho3In,49.68,49.148,49.414,1.6938500108943662
mp-973471,KReO3,201.94,201.94,201.94,2.3052223519236956
mp-973534,FeRe,319.922,319.406,319.664,2.504693729541359
mp-973536,LuUO3,151.069,151.069,151.069,2.1791753544105665
mp-973538,Lu2AlZn,67.89,67.89,67.89,1.831805808674391
mp-973556,LuTh3,51.667,51.667,51.667,1.713213245341474
mp-973561,LiCe2Ru,65.477,65.477,65.477,1.8160887728582185
mp-973564,La2TlZn,45.039,45.039,45.039,1.6535887393187965
mp-973571,Lu,44.891,44.811,44.851,1.651772130538201
mp-973572,La2TlHg,48.249,48.249,48.249,1.6834883166646315
mp-973606,Nd2IrAu,92.21,92.21,92.21,1.964778022022376
mp-973614,K3Sn,9.269,9.269,9.269,0.9670328821587023
mp-973622,K3Sr,4.901,4.901,4.901,0.6902847025126296
mp-973633,LuSi2Ni,130.058,127.58,128.819,2.1099799234787375
mp-973636,Lu2ZnGa,68.94,68.94,68.94,1.8384712790719289
mp-973646,Lu2ZnHg,70.073,70.073,70.073,1.8455507111221678
mp-973652,LuRu3,191.106,191.106,191.106,2.2812743224604835
mp-973653,Lu2ZnAg,69.957,69.957,69.957,1.844831177144812
mp-973684,LuMg3,41.174,41.17,41.172,1.614601964103798
mp-973689,Ho3Lu,44.386,44.36,44.373,1.6471187917862327
mp-973734,Lu2InHg,65.863,65.863,65.863,1.8186415085467464
mp-973750,LuTe2,60.63,60.621,60.626,1.7826589151715593
mp-973756,Lu2Mo2C3,168.463,165.964,167.213,2.2232700387058157
mp-973771,Lu2MgHg,57.128,57.128,57.128,1.7568490200667124
mp-973834,PdAu3,143.059,143.059,143.059,2.155515184947194
mp-973841,LiHo2Al,51.616,51.616,51.616,1.7127843457088674
mp-973847,La2ZnGa,47.145,47.145,47.145,1.6734356400732613
mp-973865,PaAl3,93.654,93.654,93.654,1.9715263309993427
mp-973869,LaCdO3,130.971,130.971,130.971,2.1171751434860457
mp-973874,LiLa2Al,36.572,36.572,36.572,1.5631487110958586
mp-973887,LaPrHg2,51.146,51.146,51.146,1.7088116742973285
mp-973890,HoHfRu2,157.415,157.415,157.415,2.1970461137081845
mp-973893,Lu2TlHg,63.57,63.57,63.57,1.803252211430457
mp-973894,LaNdZn2,47.768,47.768,47.768,1.6791370581737235
mp-973896,Ni3I,142.822,139.04,140.931,2.1490065335502115
mp-973910,PaAlCu2,112.124,112.124,112.124,2.04969858272846
mp-973920,Lu2Ta2O5,177.434,177.277,177.355,2.2488434366297834
mp-973933,NiN,212.172,209.258,210.715,2.3236954524821143
mp-973935,OsN2,249.249,165.604,207.427,2.316865286227644
mp-973956,Lu2CdAg,66.319,66.319,66.319,1.8216379690235778
mp-973957,La2ZnAg,48.916,48.916,48.916,1.6894509363251502
mp-973966,LiIn(IO3)4,30.283,29.239,29.761,1.4736475198572232
mp-973977,HoSnO3,90.383,90.383,90.383,1.9560867523727306
mp-973979,LiFePd2,119.616,119.616,119.616,2.0777892753627194
mp-973986,Ho,42.275,42.272,42.273,1.6260630696225737
mp-974061,KSiO3,178.452,178.452,178.452,2.251521419672438
mp-974063,HoScRu2,130.162,130.162,130.162,2.114484213117882
mp-974066,Nd3Sm,34.408,34.408,34.408,1.5366594295460354
mp-974221,HoErTl2,52.564,52.564,52.564,1.7206884066245611
mp-974253,HoErZn2,62.845,62.845,62.845,1.7982707305694818
mp-974270,Na3Al,14.872,14.872,14.872,1.1723693767638421
mp-974307,NdCuTeO,74.652,72.297,73.474,1.8661336839254965
mp-974315,RuI,71.184,12.739,41.961,1.6228458296003305
mp-974322,Ho3Mg,41.053,41.007,41.03,1.6131015169669127
mp-974325,NdDy3,38.361,38.107,38.234,1.5824497358179714
mp-974326,OsRu3,331.586,330.805,331.196,2.5200850829787305
mp-974330,SBr3,31.323,1.948,16.635,1.2210228052048413
mp-974332,S3Br,44.696,1.980999999999999,23.338,1.3680636355062434
mp-974335,RuRh3,265.771,265.771,265.771,2.424507590500294
mp-974341,RuRh3,267.637,267.392,267.514,2.4273465151933076
mp-974358,Ir3Ru,337.871,337.87,337.871,2.5287509171952447
mp-974370,PtRh3,252.972,252.972,252.972,2.403072454304506
mp-974387,Nd2AgHg,56.88,56.88,56.88,1.75495958772171
mp-974395,Pt3Rh,248.019,248.019,248.019,2.3944849521128413
mp-974411,Re3Tc,348.979,348.813,348.896,2.5426959904057327
mp-974415,Re3Pb,244.499,244.499,244.499,2.388277087200457
mp-974416,Re3W,342.863,342.853,342.858,2.535114287432197
mp-974417,Re3Sb,259.398,259.398,259.398,2.4139666232811674
mp-974421,IrRu,329.313,328.931,329.122,2.517356913468067
mp-974430,Re3Ir,366.041,365.991,366.016,2.5635000705305595
mp-974435,Re3N,390.212,386.151,388.181,2.589034274491048
mp-974437,Re2C,402.964,398.729,400.846,2.6029775541761535
mp-974455,Re3Ru,353.162,352.819,352.99,2.547762402253729
mp-974457,Ru3I,200.1,200.1,200.1,2.3012470886362113
mp-974458,Re3F,277.045,277.045,277.045,2.442550316589392
mp-974464,ReH3,175.531,150.386,162.958,2.2120756858847566
mp-974474,ReBr,148.253,143.372,145.813,2.163796245357673
mp-974517,NdErMg2,40.097,40.097,40.097,1.6031118805457576
mp-974523,NdErTl2,51.522,51.522,51.522,1.711992713282365
mp-974527,NdSmZn2,53.007,53.007,53.007,1.7243332254617745
mp-974558,Na,7.76,7.76,7.76,0.8898617212581884
mp-974565,ReP3,185.152,185.152,185.152,2.26752840763187
mp-974616,Pt3Rh,249.587,249.526,249.556,2.397168015939534
mp-974617,Hg3Pd,68.071,68.071,68.071,1.8329621306735255
mp-974625,Re3Ru,351.011,350.314,350.663,2.544889943972319
mp-974627,K3Tl,5.574,5.574,5.574,0.7461669643772854
mp-974638,NdErZn2,57.029,57.029,57.029,1.7560957563248996
mp-974642,LiAg2Pb,47.164,47.164,47.164,1.6736106306948944
mp-974708,NdTmTl2,52.034,52.034,52.034,1.7162872126182165
mp-974740,NdBiO3,116.027,116.027,116.027,2.0645590632490305
mp-974743,Rb3V,5.686,5.686,5.686,0.7548068553544234
mp-974774,Rb3Tc,5.417,5.388,5.4030000000000005,0.7326349675391958
mp-974782,NdTlAg2,62.88,62.88,62.88,1.7985125330313514
mp-974799,Rb3Sr,3.974,3.974,3.974,0.5992278627737964
mp-974810,Rb3Ru,3.293,3.293,3.293,0.5175917307119078
mp-974827,KPr3,21.468,21.468,21.468,1.3317915866149979
mp-974842,KPtO3,119.312,119.312,119.312,2.0766841257465765
mp-974843,Rb3Os,6.657,6.657,6.657,0.8232785569516707
mp-974865,NdY3,38.765,38.765,38.765,1.5884397883055261
mp-974866,Rb3Na,3.34,3.34,3.34,0.5237464668115644
mp-974883,Rb3Na,3.363,3.363,3.363,0.5267268673146356
mp-974933,Rb3Mo,5.203,5.203,5.203,0.7162538258960366
mp-974938,Rb3Li,3.531,3.531,3.531,0.5478977175630971
mp-974943,HfZrTc2,182.079,182.079,182.079,2.260259859523443
mp-974948,Rb3In,4.908,4.908,4.908,0.6909045540549666
mp-974949,Rb3Ir,12.992,12.992,12.992,1.1136760118971
mp-974950,Rb3Li,3.577,3.577,3.577,0.5535189401489695
mp-974973,HfZrZn2,109.761,109.761,109.761,2.0404480551092465
mp-974990,Rb3Hg,3.088,3.088,3.088,0.48967729166369856
mp-975028,Rb3Cd,3.5700000000000003,3.5700000000000003,3.5700000000000003,0.5526682161121932
mp-975044,Li(SiRh)2,164.299,161.554,162.926,2.2119903952692885
mp-975049,NdSmHg2,57.477,57.477,57.477,1.759494092144043
mp-975065,Re,365.41,365.097,365.253,2.5625937916921524
mp-975106,Rb2Bi2O5,66.389,48.839,57.614,1.7605280282836728
mp-975176,Rb2HgAu,10.354,10.354,10.354,1.0151081606458372
mp-975190,RbTeO3,122.161,122.161,122.161,2.0869325791621858
mp-975198,RbTl3,16.913,16.913,16.913,1.228220648868423
mp-975206,RbSbO3,117.294,117.294,117.294,2.069275796995859
mp-975208,RbRuO3,155.247,155.247,155.247,2.1910232166036314
mp-975216,RbReO3,195.873,195.873,195.873,2.2919745750495975
mp-975222,RbSr3,8.535,8.53,8.532,0.9310508467773911
mp-975253,RbPr3,20.132,20.132,20.132,1.303886921725102
mp-975255,RbPdO3,95.483,95.483,95.483,1.979926055736662
mp-975275,RbNa2Sb,17.884,17.884,17.884,1.2524646611959942
mp-975284,RbIrO3,141.653,141.653,141.653,2.1512257766654854
mp-975288,RbNpO3,133.382,133.382,133.382,2.1250972251717912
mp-975299,RbInO3,74.482,74.482,74.482,1.8720513298597252
mp-975312,RbF3,20.725,20.725,20.725,1.3164945392223113
mp-975347,NdGeO3,149.618,149.618,149.618,2.174983845068682
mp-975359,Rb(FeAs)2,41.586,37.581,39.583,1.5975087063451532
mp-975364,RbCuO3,84.711,84.711,84.711,1.927939808549331
mp-975368,LiCa2Mg,20.611,20.611,20.611,1.3140990632952843
mp-975382,RbCaO3,40.141,40.141,40.141,1.6035881875105162
mp-975383,RbCa3,11.416,11.416,11.416,1.0575139601065906
mp-975390,RbCa3,11.666,11.666,11.666,1.0669219720939966
mp-975394,RbBeO3,84.653,84.653,84.653,1.927642353589185
mp-975404,RbCa3,11.181,11.18,11.18,1.0484418035504044
mp-975425,RbAsO3,102.651,102.651,102.651,2.011363184513883
mp-975427,RbAlO3,112.414,112.414,112.414,2.0508204014832447
mp-975439,Mn3S,179.718,179.718,179.718,2.2545915768818334
mp-975443,InCuO3,160.872,160.872,160.872,2.206480461105332
mp-975463,RbAcO3,61.109,61.109,61.109,1.786105176895488
mp-975511,InSb3,44.916,44.916,44.916,1.6524010731620467
mp-975512,InSb3,53.357,53.357,53.357,1.727191403365907
mp-975515,NdLuMg2,40.599,40.599,40.599,1.6085153365370353
mp-975518,NdLuIn2,55.675,55.675,55.675,1.7456602257060758
mp-975522,NdLuTl2,52.906,52.906,52.906,1.7235049275952525
mp-975608,Li2TlPt,56.12,56.12,56.12,1.7491176623563223
mp-975638,Pr3Hf,43.976,43.976,43.976,1.6432157239576741
mp-975639,Pr3Er,34.921,34.921,34.921,1.5430866716962928
mp-975640,Pr3(CuSn)4,79.803,79.539,79.671,1.9013002682984446
mp-975646,PrZnSbO,62.78,59.438,61.109,1.786105176895488
mp-975650,Pr2ZnHg,52.434,52.434,52.434,1.7196129897309733
mp-975651,PrTm3,40.736,40.67,40.703,1.609626419923752
mp-975652,PrTe2,54.866,54.808,54.837,1.739073687563794
mp-975656,Pr2NiIr,62.475,62.475,62.475,1.7957062647984876
mp-975658,PrHo3,39.784,39.719,39.752,1.5993589837374764
mp-975664,NdGe3,69.174,69.174,69.174,1.8399428895676548
mp-975769,PrYZn2,55.032,55.032,55.032,1.740615296441545
mp-975788,Pr2AgHg,54.491,54.491,54.491,1.7363247779994817
mp-975793,PrTmTl2,51.881,51.881,51.881,1.715008338466329
mp-975794,Li3Be,26.483,26.464,26.474,1.4228195645232777
mp-975797,PrSm3,35.965,35.965,35.965,1.5558800646368052
mp-975801,PrTlAg2,61.809,61.809,61.809,1.7910517172531248
mp-975822,PrNdZn2,51.524,51.524,51.524,1.7120095715585506
mp-975834,MoRu3,295.941,295.579,295.76,2.4709394375650504
mp-975848,PrNdMg2,37.416,37.416,37.416,1.5730573569004476
mp-975868,Li3Al,26.88,26.871,26.875,1.4293484729236619
mp-975880,PrSmMg2,38.321,38.321,38.321,1.583436833621938
mp-975882,Li3Cu,31.647,31.33,31.489,1.498158868912892
mp-975883,PrNdHg2,55.153,55.153,55.153,1.741569140493534
mp-975896,PrNdTl2,50.892,50.892,50.892,1.7066495185073345
mp-975904,Li3Cd,22.674,22.616,22.645,1.354972325018976
mp-975905,Mo3I,178.725,178.725,178.725,2.252185305738156
mp-975906,LiAl3,62.535,62.397,62.466,1.7956436968609188
mp-975909,LiAu3,102.314,102.139,102.226,2.009561367623123
mp-975913,PrNbO3,187.182,187.182,187.182,2.272264083309511
mp-975920,PrSmTl2,51.835,51.835,51.835,1.7146231028714842
mp-975932,PrLuIn2,55.104,55.104,55.104,1.7411831254375418
mp-975933,NdHoIn2,55.325,55.325,55.325,1.7429214225992955
mp-975972,PrLuMg2,41.51,41.51,41.51,1.6181527333785195
mp-975990,NaLiO3,49.933,49.933,49.933,1.6983876594720129
mp-975994,NaLa3,21.316,21.316,21.316,1.328705711568874
mp-975997,NaLi2Pb,22.028,22.028,22.028,1.342975067809245
mp-976008,NdTmMg2,40.406,40.406,40.406,1.6064458595020168
mp-976010,Li3Cr,22.421,22.421,22.421,1.3506549786780786
mp-976023,Li3Ga,23.335,23.13,23.233,1.3661052924228607
mp-976030,PrHoMg2,39.674,39.674,39.674,1.5985059889881927
mp-976047,Li3Hg,25.641,25.64,25.641,1.4089349586788018
mp-976055,Li3In,24.672,24.671,24.671,1.3921867532870633
mp-976060,Li3C,54.763,54.763,54.763,1.7384872314224726
mp-976061,PrGe3,69.29,69.29,69.29,1.8406705613334091
mp-976075,Li3Ca,14.3,14.298,14.299,1.155305666159626
mp-976076,NaAc2Sn,33.683,33.683,33.683,1.5274107652926616
mp-976082,Mn2GaW,240.29,240.29,240.29,2.380735697415691
mp-976106,Hf3Tl,104.547,104.414,104.481,2.019037320634708
mp-976113,LaAu3,80.791,80.791,80.791,1.9073629836949075
mp-976114,Li2CdHg,30.724,30.724,30.724,1.4874777564388986
mp-976129,PrErZn2,55.889,55.889,55.889,1.747326339024257
mp-976133,NaAsO3,126.053,126.053,126.053,2.1005531861325886
mp-976138,PrDy3,38.535,38.535,38.535,1.5858553633220274
mp-976139,Li3Mg,19.351,19.314,19.333,1.2862992509428288
mp-976142,PrDyTl2,54.819,54.819,54.819,1.7389311089407462
mp-976150,NaAl3,48.959,48.805,48.882,1.6891489666942865
mp-976151,PrErMg2,39.817,39.817,39.817,1.6000685351357111
mp-976159,PrErIn2,54.562,54.562,54.562,1.736890281242343
mp-976181,NaBH4,19.495,19.495,19.495,1.2899232395240046
mp-976185,NaBeO3,109.135,109.135,109.135,2.037964052780904
mp-976220,NaCdHg2,24.122,24.122,24.122,1.3824133131262666
mp-976236,NaCaTl2,24.373,24.373,24.373,1.3869089884895416
mp-976256,Li3Mg,18.913,18.913,18.913,1.2767604225577776
mp-976259,LiTmRh2,103.934,103.934,103.934,2.0167576418489337
mp-976260,LiTm2Au,64.88,64.88,64.88,1.8121108412030995
mp-976261,NaCa2In,24.704,24.704,24.704,1.3927672786556422
mp-976262,LiMg,25.763,25.723,25.743,1.410659156691367
mp-976265,Hf2OsPd,187.278,187.278,187.278,2.2724867627475076
mp-976271,KTi2F7,86.264,81.707,83.985,1.924201726550665
mp-976273,Hf3Ge2,134.328,133.515,133.921,2.126848683576757
mp-976280,LiBr,19.465,19.456,19.461,1.289165152649889
mp-976291,LiAlH4,25.195,24.238,24.716,1.3929781865425408
mp-976292,NaCu,33.528,32.915,33.222,1.521425773895577
mp-976330,LiZr2Ir,131.667,131.667,131.667,2.1194769403851073
mp-976333,Li2AcTl,33.082,33.082,33.082,1.519591757310607
mp-976334,Li3Tc,34.091,34.091,34.091,1.5326397406865682
mp-976341,Nd2ZnAg,54.104,54.104,54.104,1.7332293744172862
mp-976343,HoErPd2,92.604,92.604,92.604,1.9666297462975786
mp-976344,Nd2ZnGa,54.936,54.936,54.936,1.739857034386149
mp-976356,NdSc3,44.497,43.852,44.174,1.6451667268398635
mp-976405,NaEr3,33.418,33.418,33.418,1.5239804546849927
mp-976408,Li3Ag,25.876,25.854,25.865,1.4127124827451014
mp-976411,Li,13.866,13.866,13.866,1.1419511958627528
mp-976419,Hf3Bi,102.841,102.841,102.841,2.012166290961589
mp-976424,LiLa3,30.515,30.515,30.515,1.484513374292612
mp-976425,Nd2Mg,36.239,36.212,36.226,1.5590203827833118
mp-976426,LiLuHg2,54.534,54.534,54.534,1.7366673538066848
mp-976588,HoTh3,52.284,52.284,52.284,1.7183688059833788
mp-976596,LiLu2Ga,56.068,56.068,56.068,1.7487150646689362
mp-976598,LiHf2Ir,142.948,142.948,142.948,2.1551780834782677
mp-976600,LiHf2Tc,127.886,127.886,127.886,2.106823003778594
mp-976725,Hf3Au,122.505,122.505,122.505,2.0881538146441834
mp-976727,PrBiO3,114.926,114.926,114.926,2.0604182913441873
mp-976744,LiEr2Tl,50.836,50.836,50.836,1.7061713710269308
mp-976751,Nd3Zr,42.222,41.411,41.816,1.6213424870896942
mp-976772,NiAg3,127.322,127.322,127.322,2.104903451989036
mp-976784,NiAu3,144.369,144.369,144.369,2.1594739482593277
mp-976793,LiEr2Ga,54.254,54.254,54.254,1.7344317630530526
mp-976799,Ni3Bi,136.809,136.809,136.809,2.1361146684496584
mp-976806,NiAu3,133.766,129.706,131.736,2.119704472493221
mp-976818,Ni3Au,173.432,173.425,173.428,2.2391192157688127
mp-976838,Ni3Au,174.506,172.601,173.553,2.239432125193746
mp-976847,Ni3Sb,164.639,164.639,164.639,2.2165327195672835
mp-976856,NaMg3,24.546,24.546,24.546,1.3899807298820175
mp-976863,NaTm3,33.868,33.868,33.868,1.529789551099617
mp-976870,NaNi3,96.139,95.881,96.01,1.9823164696920652
mp-976884,PrBiPd2,88.095,88.095,88.095,1.9449512598986383
mp-976893,Ni3Sb,161.57,161.147,161.359,2.2077931937332935
mp-976923,NaReO3,211.053,211.053,211.053,2.324391529786735
mp-976943,NaRe3,236.918,236.918,236.918,2.3745980577835692
mp-976968,NaPdO3,104.533,104.533,104.533,2.019253414422922
mp-976971,NaPd3,97.478,97.397,97.437,1.988723903947433
mp-976976,MgPd5,141.034,140.587,140.811,2.1486365827371996
mp-977011,H3PbCI3NF3,10.557,8.457,9.507,0.9780434939099629
mp-977012,H6PbCBr3N,14.399,13.228,13.813,1.1402880118118668
mp-977013,H6PbCI3N,11.246,9.851,10.549,1.0232112923288885
mp-977057,NpAs3,106.47,92.44,99.455,1.9976266217271643
mp-977059,MgPd5,140.077,140.023,140.05,2.146283113159587
mp-977062,Na3Ca,9.908,9.908,9.908,0.9959859979137994
mp-977110,NaSnPd2,80.165,80.165,80.165,1.9039847969050228
mp-977117,NaTeO3,137.484,137.484,137.484,2.138252159140605
mp-977123,NaTiO3,138.443,138.443,138.443,2.1412710016978567
mp-977126,Li3Ag,26.901,26.339,26.62,1.4252080511386562
mp-977128,NaRu3,173.061,172.369,172.715,2.23733005693247
mp-977138,NaTc3,186.78,186.78,186.78,2.271330371066159
mp-977140,NaTa3,132.843,132.843,132.843,2.1233386747307295
mp-977143,LaDyRu2,101.916,101.916,101.916,2.00824237013239
mp-977176,NaTcO3,190.453,190.453,190.453,2.279787818021823
mp-977181,NaMo3,165.314,165.314,165.314,2.2183096343656685
mp-977187,La2MgTl,40.649,40.649,40.649,1.609049866047581
mp-977189,Na3Bi,19.11,19.11,19.11,1.281260687055013
mp-977200,Na3C,22.193,22.193,22.193,1.3462160131550056
mp-977218,Li2Mg,21.147,21.009,21.078,1.3238294001756692
mp-977224,PrAs3,75.341,75.341,75.341,1.8770313802898622
mp-977239,Li3Th,26.408,26.408,26.408,1.4217355113222552
mp-977264,Pm2Mg,36.566,36.506,36.536,1.5627209985989443
mp-977273,MgRh5,198.563,198.26,198.411,2.2975657459777983
mp-977283,MgRe3,261.655,261.655,261.655,2.41772903814567
mp-977310,OsAu3,183.641,183.641,183.641,2.263969649010665
mp-977352,ThMgZn2,67.816,67.816,67.816,1.8313321701492526
mp-977353,Ta2ReMo,256.583,256.583,256.583,2.409227878653217
mp-977354,HoTaOs2,210.79,210.79,210.79,2.3238500038468026
mp-977356,ZnGaIr2,216.901,216.901,216.901,2.336261554289347
mp-977358,Ho2AgIr,101.795,101.795,101.795,2.0077264467066516
mp-977362,ZnGaRh2,177.634,177.634,177.634,2.249526095446815
mp-977363,Ta2TcMo,242.63,242.63,242.63,2.384944498216244
mp-977367,CdInRh2,144.382,144.382,144.382,2.1595130534279234
mp-977369,HoMgHg2,62.805,62.805,62.805,1.7979942199469117
mp-977372,Pm2SnHg,58.633,58.633,58.633,1.7681421157456647
mp-977375,HoBr3,6.907,0.365,3.636,0.5606238745499299
mp-977376,TbCdAu2,87.541,87.541,87.541,1.9422115033463365
mp-977380,LiMg2Pd,57.675,57.675,57.675,1.760987603193131
mp-977382,Ta2VRu,227.823,227.823,227.823,2.3575975664017985
mp-977384,ZnSiRh2,204.49,204.49,204.49,2.3106720749301237
mp-977385,NpH3,95.752,94.748,95.25,1.978864984347657
mp-977390,Ta3Ru,225.21,225.21,225.21,2.3525876705860482
mp-977391,LiNd2Os,73.027,73.027,73.027,1.8634834598882388
mp-977392,Ho2MgIn,53.469,53.469,53.469,1.728102061816012
mp-977396,TbMgRh2,113.246,113.246,113.246,2.0540228710945208
mp-977398,TbCdAg2,71.476,71.476,71.476,1.8541602401607553
mp-977399,LiMgPd2,84.673,84.673,84.673,1.9277449472803894
mp-977401,NbGaRu2,233.221,233.221,233.221,2.367767653177464
mp-977403,Na3Tl,12.06,12.043,12.052,1.0810591230013196
mp-977404,Nd2AgIr,83.856,83.856,83.856,1.9235341423585182
mp-977407,Hf2ReRh,197.44,197.44,197.44,2.295435142353148
mp-977408,NbTlO3,176.002,176.002,176.002,2.2455176029506765
mp-977415,HoCdAu2,89.835,89.835,89.835,1.95344557213989
mp-977416,Er2AgIr,103.391,103.391,103.391,2.0144827358521917
mp-977418,LiMgAu2,68.967,68.967,68.967,1.8386413349960111
mp-977421,TbGaRh2,132.553,132.553,132.553,2.1223895613312918
mp-977425,Ta2CrRu,243.884,243.884,243.884,2.3871833093762955
mp-977427,Zn2PtRh,174.554,174.554,174.554,2.241929805358867
mp-977428,YbAl2Cu,68.752,67.695,68.224,1.8339371786744407
mp-977430,MgNbRu2,188.842,188.842,188.842,2.276098591337507
mp-977434,Nb3Ru,208.891,208.891,208.891,2.3199197289485354
mp-977436,ZrAlRu2,188.517,188.517,188.517,2.2753505199173643
mp-977438,MgInRh2,136.968,136.968,136.968,2.136619114260564
mp-977439,Ce2ZnPb,35.63,35.63,35.63,1.5518158223510157
mp-977442,Yb2ZnGa,37.583,37.583,37.583,1.5749914439774946
mp-977443,ZrGeRu2,205.066,205.066,205.066,2.311893660190787
mp-977444,PaAgAu2,121.198,121.198,121.198,2.0834954531955274
mp-977445,Nd2ZnIr,80.699,80.699,80.699,1.906868153096634
mp-977455,PaAgO3,140.937,140.937,140.937,2.149025022821018
mp-977462,ZrCdAu2,121.203,121.203,121.203,2.0835133695606403
mp-977463,MgMnRh2,136.68,136.68,136.68,2.135704970126725
mp-977534,ZrNbTc2,203.512,203.512,203.512,2.3085900223088154
mp-977537,ZrCdRh2,161.156,161.156,161.156,2.2072464793698128
mp-977541,Hf2TcOs,206.099,206.099,206.099,2.3140758845713743
mp-977542,LiTbTl2,42.072,42.072,42.072,1.623993157805401
mp-977545,ZrTc2W,238.342,238.342,238.342,2.377200579320903
mp-977546,Pm2ZnGa,56.628,56.628,56.628,1.753031223390574
mp-977547,MgZnRh2,140.599,140.599,140.599,2.147982231807373
mp-977549,Zr2OsRu,196.255,196.255,196.255,2.292820730103904
mp-977550,ZrScOs2,188.108,188.108,188.108,2.2744072659489656
mp-977553,Yb2PtAu,63.365,63.365,63.365,1.8018494392053968
mp-977554,MgScAg2,72.567,72.567,72.567,1.8607391692386779
mp-977559,Dy2MgGe2,73.963,73.675,73.819,1.8681681576650637
mp-977561,LiTaIr2,222.448,222.448,222.448,2.347228505418437
mp-977563,LiNbIr2,209.556,209.556,209.556,2.321300100052168
mp-977565,NdBiAu2,78.758,78.758,78.758,1.8962946790253454
mp-977566,MgScPd2,101.961,101.961,101.961,2.0084340862357566
mp-977570,LiPr2Os,70.817,70.817,70.817,1.850137524920791
mp-977572,Hf2MnRh,175.266,175.266,175.266,2.243697675109609
mp-977573,HfH3,141.255,141.255,141.255,2.150003829475386
mp-977578,Zr2TcPd,159.375,159.375,159.375,2.2024201977780304
mp-977580,MgSc2Al,64.52,64.52,64.52,1.8096943587169239
mp-977582,ZrZnRh2,172.759,172.759,172.759,2.2374406815080214
mp-977585,Zr3Tl,96.017,96.017,96.017,1.9823481325454626
mp-977589,Tm2TlCd,60.245,60.245,60.245,1.779921008715502
mp-977997,ZnMo3,217.767,217.767,217.767,2.33799206824001
mp-978009,HgOs,189.954,187.609,188.781,2.2759582822799205
mp-978034,Rb3Sm,5.436,5.436,5.436,0.7352794480604568
mp-978083,Pr2ZnAg,52.345,52.345,52.345,1.7188752041406328
mp-978085,Pr2TlAg,52.072,52.072,52.072,1.7166042585338268
mp-978088,PrLu3,41.625,41.541,41.583,1.6189158182433196
mp-978089,Pr2IrAu,89.437,89.437,89.437,1.951517223175433
mp-978095,Pr2CdPb,50.071,50.071,50.071,1.6995862650586873
mp-978100,Pr2InAg,51.212,51.212,51.212,1.709371736818636
mp-978256,Mg2TlPb,35.144,35.144,35.144,1.545851190257264
mp-978261,MnBe2Co,172.297,172.297,172.297,2.2362777156674807
mp-978264,MgW3,156.363,147.0,151.681,2.180931183212941
mp-978265,Mg2ZnPd,72.28,72.28,72.28,1.8590181438888942
mp-978267,Mg2ZnRh,84.27,84.27,84.27,1.9256729939212405
mp-978270,MgZr3,80.555,79.987,80.271,1.904558673363925
mp-978273,Mg3Cd,37.897,37.897,37.897,1.57860483173552
mp-978274,MgCd,42.165,41.979,42.072,1.623993157805401
mp-978275,MgB7,185.142,181.575,183.359,2.2633022317463594
mp-978276,Mg3Co,59.866,59.866,59.866,1.7771802413432485
mp-978277,Mg3Cr,44.208,43.929,44.069,1.6441331957468306
mp-978278,Na(BH)6,12.816,9.255,11.036,1.042811691807148
mp-978280,Mg3Ga,40.658,40.594,40.626,1.6088040641810681
mp-978281,Mg3Ga,41.632,41.632,41.632,1.6194272748814922
mp-978282,Mg3Hg,40.931,40.931,40.931,1.612052355179759
mp-978283,Mg3In,38.856,38.807,38.832,1.5891897589878596
mp-978285,Mg3Mn,46.208,46.208,46.208,1.6647171715535263
mp-978286,Mg3Mn,44.054,44.054,44.054,1.643985347459971
mp-978287,Mg3Mo,72.683,72.683,72.683,1.8614328445655097
mp-978290,Mg3Os,85.354,85.129,85.241,1.930648535973352
mp-978291,Mg3Pa,48.729,48.729,48.729,1.687787499028779
mp-978293,Mg3Pb,36.382,36.315,36.348,1.5604805193804805
mp-978294,Mg3Sn,41.535,41.535,41.535,1.6184142148012557
mp-978303,Mg3Re,80.582,80.582,80.582,1.9062380421313458
mp-978304,Mg3Ta,69.102,69.102,69.102,1.839490617220711
mp-978489,SiPbO3,199.931,199.931,199.931,2.300880138215828
mp-978490,SiPdO3,232.071,232.071,232.071,2.3656208736448003
mp-978493,SiSnO3,203.42,203.42,203.42,2.3083936499762596
mp-978496,SiB4,135.716,123.547,129.631,2.1127088712801156
mp-978498,Sc3Al,64.254,64.254,64.254,1.8079001689504806
mp-978500,Si2TcOs,264.313,264.313,264.313,2.4221185240451417
mp-978502,SmAs3,77.887,77.887,77.887,1.8914649762937865
mp-978504,SmGaO3,182.901,182.901,182.901,2.262216079961352
mp-978507,SmTh3,52.79,52.79,52.79,1.7225516620009584
mp-978509,Si3Ru,153.635,153.635,153.635,2.1864901647535913
mp-978513,SmErMg2,40.708,40.708,40.708,1.6096797658453657
mp-978514,SmTm3,41.344,41.344,41.344,1.6164124919789713
mp-978515,SmYAl2,61.458,61.458,61.458,1.788578423100693
mp-978519,Sm2AlCd,56.287,56.287,56.287,1.7504081021303424
mp-978523,Sc2ZnCu,81.396,81.396,81.396,1.910603063112647
mp-978524,Si3Ag,84.7,84.674,84.687,1.9278167484466682
mp-978527,SmDyTl2,54.144,54.144,54.144,1.7335503370229106
mp-978529,SmTmHg2,63.549,63.549,63.549,1.8031087209341041
mp-978534,SiGe,73.133,73.111,73.122,1.8640480615152317
mp-978537,SmHoZn2,57.325,57.325,57.325,1.7583440634019765
mp-978542,SmErIn2,55.814,55.814,55.814,1.746743148043937
mp-978543,SmErTl2,52.76,52.76,52.76,1.7223047868743278
mp-978545,Sm2AgHg,59.622,59.622,59.622,1.7754065402037469
mp-978546,Sc3Sb,66.828,66.368,66.598,1.8234611870981396
mp-978547,SmLuIn2,56.065,56.065,56.065,1.748691826488454
mp-978549,SmLuZn2,59.305,59.305,59.305,1.7730913102423167
mp-978554,SmRe3,218.927,218.927,218.927,2.340299325879983
mp-978555,Sm2CdIr,83.241,83.241,83.241,1.9203372888854955
mp-978557,SmDyHg2,61.688,61.688,61.688,1.7902006901168273
mp-978563,SmHoIn2,56.394,56.394,56.394,1.7512328999850113
mp-978564,SmYTl2,53.46,53.46,53.46,1.7280289544205185
mp-978568,Si3MoPt2,193.812,193.812,193.812,2.287380663181422
mp-978624,Sm2MgIr,75.698,75.698,75.698,1.8790844052538627
mp-978625,Sm2MgTl,46.667,46.667,46.667,1.6690098830509388
mp-978796,SmDyIn2,56.106,56.106,56.106,1.749009307380146
mp-978797,Sm3Hf,47.667,47.667,47.667,1.6782178197591295
mp-978798,Sm3I,32.939,32.772,32.856,1.516614689845596
mp-978807,Sm2TlHg,57.031,57.031,57.031,1.756110986711782
mp-978808,Sm2ZnGa,58.628,58.628,58.628,1.7681050791791877
mp-978815,Sm2TlZn,55.425,55.425,55.425,1.7437057017865258
mp-978823,SmY3,39.02,39.02,39.02,1.5912872650584993
mp-978824,Sm2RuAu,93.022,93.022,93.022,1.9685856727332947
mp-978833,SmYIn2,55.99,55.99,55.99,1.7481104674949839
mp-978846,SnI2,20.775,20.663,20.719,1.316368790408991
mp-978851,SrAsO3,144.779,144.779,144.779,2.160705572596465
mp-978853,Sr(GeIr)2,96.685,83.439,90.062,1.954541587078606
mp-978856,SrH3,45.849,45.849,45.849,1.6613298678311652
mp-978907,TbTlAg2,68.02,68.02,68.02,1.8326366275967032
mp-978911,TbYHg2,64.962,64.962,64.962,1.8126593871628132
mp-978918,TbZr,60.318,59.005,59.661,1.7756905284568552
mp-978926,SmGeO3,145.68,145.68,145.68,2.163399932786864
mp-978929,SrAcZn2,34.157,34.157,34.157,1.5334797197259842
mp-978950,Sm2ZnIn,55.434,55.434,55.434,1.7437762174928864
mp-978952,SnPbO3,146.405,146.405,146.405,2.165555908930906
mp-978953,SrAcTl2,33.088,33.088,33.088,1.5196705170778297
mp-978964,Th3Mg,52.8,52.8,52.8,1.7226339225338123
mp-978969,TlAu3,86.329,86.297,86.313,1.9360762117415276
mp-978973,Sm2ZnHg,56.78,56.78,56.78,1.7541953881898384
mp-978975,TbYTl2,54.245,54.245,54.245,1.7343597135346958
mp-978976,Ti6Al16Pt7,131.544,131.544,131.544,2.1190710437838063
mp-978986,Sr(GePd)2,76.537,76.453,76.495,1.8836330489656992
mp-978987,SrGe3Pd,71.0,70.646,70.823,1.850174319144075
mp-978988,TbTmHg2,68.08,68.08,68.08,1.8330195470765314
mp-978995,TmMnRh2,135.403,135.403,135.403,2.131628286719969
mp-979009,Th3Be,62.166,62.166,62.166,1.7935529240865928
mp-979011,TmZr,67.098,67.073,67.086,1.8266318978571456
mp-979013,SmGe3,66.749,65.218,65.983,1.8194320574025147
mp-979014,SrAc3,20.365,20.295,20.33,1.3081373786380386
mp-979026,SmTm3,42.057,41.926,41.991,1.623156217322164
mp-979039,Th3Au,72.964,72.964,72.964,1.8631086346721875
mp-979044,Tm2CuAu,86.553,86.553,86.553,1.9372821254854269
mp-979057,Sm2ZnAg,57.911,57.911,57.911,1.7627610643416318
mp-979073,TmMg2Sc,46.104,46.104,46.104,1.6637386065732997
mp-979074,TmO3,158.954,158.954,158.954,2.2012714611974404
mp-979115,Ti2Ag,115.199,115.042,115.12,2.061150780928549
mp-979176,Tm2AgHg,71.509,71.509,71.509,1.8543607047991058
mp-979234,Sm3Y,36.198,35.794,35.996,1.5562542431438249
mp-979258,Tm2CdHg,65.115,65.115,65.115,1.8136810448943812
mp-979263,ThMg3,47.011,46.951,46.981,1.6719222565850491
mp-979265,Ta2CN3,252.112,222.226,237.169,2.3750579224292685
mp-979267,Ta2FeMo,231.554,231.554,231.554,2.364652287653052
mp-979269,Tl3Cd,27.4,27.4,27.4,1.437750562820388
mp-979270,Tb2AgIr,96.964,96.964,96.964,1.98661052289168
mp-979287,TbLuHg2,67.917,67.917,67.917,1.8319784941937807
mp-979289,TaW3,275.924,275.924,275.924,2.440789477261537
mp-979293,Sm3I,32.969,32.771,32.87,1.5167997040816243
mp-979294,SrAgO3,110.647,110.647,110.647,2.0439396432871515
mp-979339,Sm3Cd,41.112,41.051,41.081,1.6136410067167701
mp-979417,DyYCd2,56.229,56.229,56.229,1.749960359903788
mp-979419,Dy3Y,40.892,40.892,40.892,1.6116383521225046
mp-979421,YErZn2,61.225,61.225,61.225,1.7869287937967517
mp-979423,YGa3,69.461,69.461,69.461,1.8417410313697293
mp-979424,YErIn2,57.035,57.035,57.035,1.7561414458832847
mp-979425,YHoAg2,68.344,68.344,68.344,1.8347003933549055
mp-979427,YHoZn2,60.525,60.525,60.525,1.7819347981137705
mp-979429,YHoCd2,57.371,57.371,57.371,1.7586924198789011
mp-979430,YLuTl2,55.052,55.052,55.052,1.7407731012039742
mp-979431,YLuZn2,62.844,62.844,62.844,1.7982638199491108
mp-979434,DyYTl2,54.087,54.087,54.087,1.7330928934483867
mp-979435,YMg2Sc,44.842,44.842,44.842,1.6516849743420599
mp-979459,Sm5Mg,35.606,35.332,35.469,1.549848944304928
mp-979465,SmCd3,54.547,54.201,54.374,1.7353912828642943
mp-979614,Sm3Er,36.799,36.38,36.589,1.5633505401120074
mp-979712,DyYZn2,59.82,59.82,59.82,1.7768464086952993
mp-979715,YHoAl2,65.616,65.616,65.616,1.8170097519434094
mp-979751,TaTiFe2,211.21,211.21,211.21,2.3247144765606684
mp-979899,Sm3Ho,36.602,36.226,36.414,1.5612683878741107
mp-979910,VCuRh2,218.716,218.716,218.716,2.3398805546770536
mp-979923,SmMn3,74.41,71.144,72.777,1.8619941492125833
mp-979931,YNbRu2,169.646,169.646,169.646,2.2295436240848354
mp-979933,Tm3Si,60.01,59.581,59.796,1.7766721332186817
mp-979934,YErHg2,63.799,63.799,63.799,1.8048138715442736
mp-979935,RbYb3,10.064,10.064,10.064,1.0027706281011937
mp-979936,RbYb3,9.676,9.676,9.676,0.9856958596898421
mp-979940,Yb3Zr,25.447,25.447,25.447,1.4056365898066667
mp-979945,Yb3V,20.968,20.968,20.968,1.3215570079385441
mp-979950,AcYbMg2,27.943,27.943,27.943,1.4462730307510874
mp-979955,Yb3Mn,19.156,19.156,19.156,1.28230482837057
mp-979956,Yb3Mg,18.16,18.16,18.16,1.2591158441850663
mp-979961,Yb2AgHg,38.785,38.785,38.785,1.5886637957802041
mp-979962,AcYbCd2,36.361,36.361,36.361,1.560635818678364
mp-979963,Yb3Ti,20.615,20.615,20.615,1.3141833391373772
mp-979965,YbSmPt2,93.151,93.151,93.151,1.9691875215205144
mp-979967,Yb2GaHg,39.597,39.597,39.597,1.5976622835820817
mp-979968,Yb2CdHg,34.65,34.65,34.65,1.5397032389478256
mp-979984,YbP3,77.34,77.34,77.34,1.8884041677370467
mp-979987,YbThPt2,106.657,106.657,106.657,2.027989363879307
mp-979989,Yb2AgPd,47.651,47.651,47.651,1.67807201913856
mp-980001,YbPr3,28.124,28.124,28.124,1.4490770892633167
mp-980004,SmGa2Co,95.939,91.926,93.932,1.9728135694324656
mp-980006,Yb3Os,45.886,45.88,45.883,1.6616518059347907
mp-980014,TmTh3,52.713,52.713,52.713,1.7219177334672848
mp-980034,Yb3Mg,19.265,19.265,19.265,1.2847690133490197
mp-980044,YbPrCd2,41.352,41.352,41.352,1.6164965191596345
mp-980053,YbPrAu2,64.929,64.929,64.929,1.8124387141645122
mp-980054,YbPbAu2,62.462,62.462,62.462,1.7956158859950089
mp-980055,YErMg2,42.167,42.167,42.167,1.6249727039365642
mp-980058,RbTbO3,60.84,60.84,60.84,1.784189205380961
mp-980059,TbPmRh2,102.32,102.32,102.32,2.0099605314705973
mp-980062,YbErZn2,48.824,48.824,48.824,1.6886333569485366
mp-980063,YbDy3,33.683,33.683,33.683,1.5274107652926616
mp-980064,YbErHg2,52.673,52.673,52.673,1.7215880543806825
mp-980068,YbSmPd2,71.092,71.092,71.092,1.8518207322159415
mp-980191,BaSrYb2,11.948,11.948,11.948,1.0772952139320906
mp-980192,YbOs3,224.345,224.32,224.333,2.350893164192569
mp-980193,Ti2H4Pd,139.694,139.687,139.691,2.1451684263271558
mp-980199,YbDyHg2,52.438,52.438,52.438,1.7196461192207981
mp-980200,Zn3Rh,125.369,124.909,125.139,2.097392680158706
mp-980203,TiOs3,308.449,308.449,308.449,2.4891833665878247
mp-980206,TmScRu2,132.156,132.156,132.156,2.121086885271274
mp-980392,TmScHg2,72.216,72.216,72.216,1.8586334294516866
mp-980429,Sm3Hg,44.955,44.813,44.884,1.652091553696364
mp-980646,TmSi3,89.137,89.137,89.137,1.9500580133560537
mp-980662,YTmAl2,66.272,66.272,66.272,1.8213300772133587
mp-980669,TmLuCo2,209.285,209.285,209.285,2.3207381024396154
mp-980749,VFeRu2,232.744,232.744,232.744,2.366878493947779
mp-980760,SmNiGe2,100.927,98.99,99.958,1.9998175580020987
mp-980905,ZnSn3,47.267,47.267,47.267,1.6745580388421282
mp-980942,YTmMg2,42.606,42.606,42.606,1.6294707630323888
mp-980946,Sr3Cr,14.914,14.914,14.914,1.1735941387546327
mp-980947,SrCaHg2,31.022,31.022,31.022,1.4916697935086654
mp-981103,Sr3CdO4,89.762,89.762,89.762,1.9530925205975491
mp-981207,Yb3In3Ge2Au,54.79,54.755,54.772,1.7385585994846615
mp-981210,Tl3V,37.439,37.378,37.409,1.5729760989951436
mp-981214,SrMg5,29.067,28.826,28.947,1.4616035611219251
mp-981215,Zn3Co,118.899,118.899,118.899,2.075178202000456
mp-981232,Ti3Nb,123.615,121.755,122.685,2.0887914672465415
mp-981233,UCr3,177.103,177.103,177.103,2.2482259178948216
mp-981234,Yb2InSn,35.777,35.777,35.777,1.5536039209694938
mp-981250,SmPuO3,121.889,121.889,121.889,2.085964514028079
mp-981252,YMg5,37.565,37.501,37.533,1.5744132788115583
mp-981311,SrTlHg2,29.409,29.409,29.409,1.4684802573576128
mp-981312,ZrCu2Hg,122.147,122.147,122.147,2.086882804920218
mp-981365,V2ReRu,268.222,268.222,268.222,2.4284943965086985
mp-981367,SrTlO3,98.451,98.451,98.451,1.9932201317720166
mp-981375,HfMg3,55.164,55.159,55.161,1.7416321307914349
mp-981376,ScSnO3,112.688,112.688,112.688,2.0518776710482562
mp-981378,Sr3Yb,12.899,12.899,12.899,1.1105560427553813
mp-981379,Zn3CdS4,65.214,65.214,65.214,1.8143408391378428
mp-981384,ScOs3,258.846,258.846,258.846,2.4130414581285757
mp-981386,ScH4Pd3,141.571,141.571,141.571,2.15097429975314
mp-981393,Lu2HgAu,82.566,82.566,82.566,1.9168012452352887
mp-981397,YbPrMg2,30.717,30.717,30.717,1.4873787977179638
mp-981458,YbTa,73.45,73.296,73.373,1.8655362764253243
mp-981530,YbPrPd2,64.73,64.73,64.73,1.8111056070179303
mp-981547,PrH3,83.093,83.001,83.047,1.9193239485637144
mp-981548,YErTl2,53.212,53.212,53.212,1.7260095824097896
mp-981747,Sm5Mg,35.318,34.997,35.158,1.54602416180365
mp-981749,TcAg3,104.355,104.34,104.348,2.0184841295175464
mp-981933,NaPd2Pb,72.915,72.915,72.915,1.8628168801302234
mp-981935,Li5Mg,17.377,17.261,17.319,1.2385228122182934
mp-982004,SmInPd,83.27,83.073,83.172,1.9199771448947185
mp-982009,Pr2CdSn,54.037,54.037,54.037,1.7326912300685076
mp-982010,Pr2CdAg,50.574,50.574,50.574,1.70392730422039
mp-982015,LaDyMg2,38.201,38.201,38.201,1.5820747317283976
mp-982017,PrYTl2,51.765,51.765,51.765,1.714036218347168
mp-982040,KBiO3,86.685,86.685,86.685,1.9379439535220644
mp-982048,Ge2O3,178.568,178.568,178.568,2.251803634459697
mp-982070,VIr,270.43,270.042,270.236,2.431743203901059
mp-982195,KNd3,22.363,22.339,22.351,1.3492969585537018
mp-982245,PbAuO3,132.88,132.88,132.88,2.123459619443338
mp-982261,PbSe2,44.933,44.585,44.759,1.6508803750115102
mp-982370,Na,7.773,7.773,7.773,0.8905886677054873
mp-982381,NaCu3,67.999,67.751,67.875,1.8317098425969034
mp-982387,Pm2ZnHg,56.196,56.196,56.196,1.7497054038297049
mp-982388,HoTmMg2,42.853,42.853,42.853,1.6319812308762371
mp-982393,Pm2ZnAg,56.992,56.992,56.992,1.7558138977831494
mp-982511,HoGa2Pd,98.458,97.299,97.878,1.9906850865702508
mp-982557,HoGa3,70.08,69.84,69.96,1.844849800806639
mp-982558,HoGeO3,142.29,142.29,142.29,2.153174379371534
mp-982596,TbSc,45.101,45.095,45.098,1.6541572822721167
mp-982613,Pm2InHg,55.365,55.365,55.365,1.7432353042513384
mp-982637,Na3Mg,11.333,11.333,11.333,1.0543448887676306
mp-982664,K3In,6.457,6.455,6.456,0.809963521714014
mp-982665,K3In,6.339,6.339,6.339,0.8020207517719758
mp-982666,LiAl2Tc,115.85,115.85,115.85,2.0638960381259945
mp-982667,LiAl2Os,136.0,136.0,136.0,2.1335389083702174
mp-982724,HoTmTl2,53.76,53.76,53.76,1.7304592600457689
mp-982725,Nb2RuW,237.553,237.553,237.553,2.375760519390959
mp-982734,WN2,272.634,259.137,265.886,2.4246954705289507
mp-982739,TmHfCo2,111.695,111.695,111.695,2.0480337324619695
mp-982772,Pm2PtAu,87.278,87.278,87.278,1.9409047857136985
mp-982773,Na3Tl,11.861,11.861,11.861,1.074121305906298
mp-982779,NbTe,121.755,115.172,118.463,2.073582726675246
mp-982780,K3Cd,5.074,5.074,5.074,0.7053504628857119
mp-982869,PmYAl2,60.622,60.622,60.622,1.7826302602176096
mp-982873,Na3Tl,11.581,11.581,11.581,1.0637460616134435
mp-982974,LiBeAu2,105.456,105.456,105.456,2.0230712942960976
mp-982975,LiBeO3,112.446,112.446,112.446,2.050944011049328
mp-982981,Na3Rh,20.682,20.215,20.449,1.3106720749301237
mp-983063,PmSmHg2,58.175,58.175,58.175,1.7647363919587675
mp-983123,HfMgAu2,121.119,121.119,121.119,2.083212276486622
mp-983126,HoTmZn2,63.012,63.012,63.012,1.799423264334682
mp-983154,Pm2ZnPt,75.923,75.923,75.923,1.8803733603479045
mp-983229,Pm2ZnRh,74.896,74.896,74.896,1.874458623783367
mp-983230,Ga3B,65.049,65.049,65.049,1.8132406245283492
mp-983236,Pm2ZnOs,87.655,87.655,87.655,1.9427766940804239
mp-983237,Ga3Bi,43.085,43.085,43.085,1.634326097281592
mp-983358,HfAlFe2,172.287,172.287,172.287,2.2362525087813787
mp-983388,K3Hg,4.365,4.365,4.365,0.6399842480415886
mp-983425,Li2PmGe,50.35,50.35,50.35,1.7019994748896368
mp-983427,PmDyHg2,60.869,60.869,60.869,1.7843961669074468
mp-983428,PmDyIn2,55.936,55.936,55.936,1.7476914066182903
mp-983459,HfZr,101.466,101.269,101.368,2.0059008779088585
mp-983497,Pa3Zn,93.69,93.69,93.69,1.971693238949861
mp-983509,Na3Cd,11.996,11.946,11.971,1.078130430802564
mp-983539,BeAu3,140.648,140.648,140.648,2.1481335609225534
mp-983555,Er2PdAu,94.432,94.432,94.432,1.9751191878198655
mp-983556,Er2MgTl,51.119,51.119,51.119,1.7085823494787915
mp-983564,EuAsO3,164.961,164.961,164.961,2.217381280657467
mp-983565,CuBSe2,86.289,86.084,86.186,1.9354367250295206
mp-983567,CaAc3,22.939,22.935,22.937,1.3605366145832942
mp-983583,Er2ZnCu,68.856,68.856,68.856,1.8379417899576045
mp-983584,Al3Tl,49.964,49.964,49.964,1.6986571996858564
mp-983585,Al3Zn,78.655,78.655,78.655,1.8957263353940057
mp-983586,Ac2SiHg,49.655,49.655,49.655,1.6959629862267245
mp-983587,Ac2NiGe,54.432,54.432,54.432,1.735854291932475
mp-983590,Be3Fe,151.52,151.52,151.52,2.180469961659198
mp-983603,ErZnAsO,77.504,74.131,75.818,1.879772324004687
mp-983604,Er3As,56.983,56.983,56.983,1.7557453099288787
mp-983908,Er2ZnAu,77.836,77.836,77.836,1.8911805093959106
mp-984104,Dy2IrAu,108.554,108.554,108.554,2.0356458309771863
mp-984240,CsCaO3,40.397,40.397,40.397,1.6063491143229196
mp-984351,CuAg3,96.983,96.271,96.627,1.9850984961111124
mp-984352,Al2CoOs,203.003,203.003,203.003,2.3075024560108415
mp-984357,CsKO3,38.067,38.067,38.067,1.58054865210243
mp-984523,CsCa3,9.813,9.81,9.811,0.9917132757130894
mp-984544,Dy2ZnIr,95.673,95.673,95.673,1.9807893922653117
mp-984551,AcTlHg2,44.138,44.138,44.138,1.64481265033351
mp-984553,BOsO3,286.217,286.217,286.217,2.456695425324978
mp-984627,Dy2ZnHg,63.653,63.653,63.653,1.8038188770036951
mp-984628,CaBO3,195.881,195.881,195.881,2.2919923124861303
mp-984699,BaSr3,10.688,10.662,10.675,1.0283678836970616
mp-984702,CeDyZn2,51.683,51.683,51.683,1.713347714848314
mp-984705,ErRu3,181.24,181.034,181.137,2.2580071706595026
mp-984711,Cr3Cu,220.871,220.871,220.871,2.344138697461475
mp-984714,AgAsS,47.638,45.838,46.738,1.6696701242404666
mp-984718,BAs,132.174,132.149,132.161,2.1211033160904025
mp-984719,BeAg3,103.296,103.296,103.296,2.014083504369939
mp-984721,BeGaCo2,189.356,189.356,189.356,2.2772790708807022
mp-984728,BC,283.924,264.171,274.047,2.4378250522006764
mp-984729,BaSr3O4,79.071,79.071,79.071,1.8980172312944747
mp-984744,Ca3Tl,23.794,23.4,23.597,1.3728567925352289
mp-984754,PmHo3,40.372,40.218,40.295,1.6052511601081718
mp-984767,DyHoIn2,57.572,57.572,57.572,1.7602113167206652
mp-984772,Ce3Zn,34.06,33.987,34.023,1.531772605161404
mp-984785,AcMg3,34.101,34.101,34.101,1.532767114714318
mp-984791,CaTmCd2,45.017,45.017,45.017,1.6533765495970247
mp-984796,BaTh3,37.507,37.499,37.503,1.5740660098966028
mp-984873,Al3Fe,120.937,117.466,119.201,2.076279898799018
mp-984876,Ba2Pd2O5,107.529,100.305,103.917,2.0166866005144315
mp-985059,AcLa3,25.05,25.05,25.05,1.3988077302032644
mp-985278,AcF3,114.087,113.925,114.006,2.0569277083392885
mp-985280,Co3Bi,148.151,146.311,147.231,2.1679992618458086
mp-985281,CsIr,44.511,44.488,44.499,1.648350251444714
mp-985282,Ag3Ge,83.095,83.095,83.095,1.9195748921627003
mp-985283,Ag3Ge,82.772,82.772,82.772,1.9178834490791181
mp-985285,CoHg3,63.448,63.448,63.448,1.8024179368695976
mp-985287,AgAu3,121.673,121.307,121.49,2.0845405320614843
mp-985296,Ag3Pd,105.244,105.186,105.215,2.0220776595215395
mp-985300,AcEr3,37.45,37.45,37.45,1.5734518220354854
mp-985302,Ac3Pr,25.621,25.62,25.621,1.4085960764627827
mp-985303,Ac3Th,32.224,32.197,32.211,1.5080042078293292
mp-985439,BaPAu,57.858,56.48,57.169,1.7571605956027592
mp-985443,Ag3Hg,79.37,79.37,79.37,1.8996563803056357
mp-985450,CaAcIn2,37.832,37.832,37.832,1.5778593010073698
mp-985554,Ac3Nd,26.455,26.351,26.403,1.4216532757116436
mp-985578,AlFe,90.233,90.119,90.176,1.9550909670932437
mp-985579,AlFe2,147.959,147.955,147.957,2.170135516907655
mp-985584,Na3PS4,22.647,22.647,22.647,1.3550106800911463
mp-985585,Li3ClO,51.628,51.628,51.628,1.712885301382927
mp-985586,Na3BrO,31.663,31.663,31.663,1.50055206092814
mp-985805,AlAg2,94.559,93.759,94.159,1.9738618375075525
mp-985806,Al2Cu,96.231,96.231,96.231,1.983314998858912
mp-985828,AgBiS2,67.635,66.678,67.157,1.827091287338761
mp-985829,HfS2,28.623,0.045,14.334,1.1563674001335216
mp-985831,HfSe2,26.099,7.523,16.811,1.2255935481547995
mp-986716,Sr3N2,50.639,50.639,50.639,1.7044851208092588
mp-988939,AlAs,60.086,57.924,59.005,1.7708888146998252
mp-989192,SnClF,44.741,34.036,39.388,1.5953639292474369
mp-989193,SnBrF,25.871,11.296,18.583,1.2691158268951193
mp-989399,Ca6Al2NF,42.035,42.035,42.035,1.6236110517531817
mp-989402,Sr6In2NF,31.841,31.841,31.841,1.5029866987535112
mp-989404,Ca6In2NF,40.468,40.468,40.468,1.6071117413219582
mp-989405,Cs2LiInBr6,16.592,16.592,16.592,1.2198987390449658
mp-989504,Na2LiNF6,59.139,59.139,59.139,1.7718739766298401
mp-989512,LiTl2InCl6,22.841,22.841,22.841,1.3587151138021318
mp-989513,SrWN3,105.48,94.462,99.971,1.9998740363346337
mp-989514,Cs2NaSbCl6,17.435,17.435,17.435,1.2414219517119953
mp-989516,Cs2ICl6F,14.69,14.69,14.69,1.1670217957902564
mp-989523,Rb2NaAsF6,36.315,36.315,36.315,1.5600860484974142
mp-989524,LaWN3,171.355,163.675,167.515,2.2240537016746886
mp-989527,Cs2NaNF6,35.858,35.858,35.858,1.554586062884101
mp-989528,Rb2AlInH6,23.765,23.765,23.765,1.3759378186307774
mp-989530,SrTcN3,103.819,97.962,100.89,2.003848122034298
mp-989533,NaTl2InF6,39.944,39.944,39.944,1.6014515530470534
mp-989535,Cs2AlInH6,23.35,23.35,23.35,1.368286884902131
mp-989537,Cs2TlInF6,31.424,31.424,31.424,1.4972614661068557
mp-989538,Cs2InBiF6,27.515,27.515,27.515,1.4395695171471754
mp-989539,Rb2AlTlH6,23.369,23.369,23.369,1.3686401285764855
mp-989540,Sr6Sn2NO,43.347,43.347,43.347,1.6369590457907697
mp-989541,Rb2NaSbF6,33.711,33.711,33.711,1.5277716355835766
mp-989542,Ba6Tl2NCl,22.374,22.374,22.374,1.3497436337449509
mp-989545,Rb2NaSbCl6,18.041,18.041,18.041,1.2562606065122068
mp-989548,Rb2NaTlF6,34.898,34.898,34.898,1.5428005383101056
mp-989551,LiTl2InF6,41.494,41.494,41.494,1.6179853026090019
mp-989553,Cs2TlGaH6,22.583,22.583,22.583,1.353781634528817
mp-989554,LaMnN3,136.407,134.685,135.546,2.1320867059551643
mp-989560,Cs2TlSiH6,16.605,16.605,16.605,1.2202388799344042
mp-989561,NaTl2GaF6,42.375,42.375,42.375,1.6271097112111386
mp-989562,Cs2LiTlF6,33.191,33.191,33.191,1.5210203373118725
mp-989563,Rb2NaTlCl6,17.958,17.958,17.958,1.254257967223835
mp-989564,LaOsN3,243.043,243.043,243.043,2.3856831172634636
mp-989566,Rb2InGaF6,37.52,37.52,37.52,1.574262829707027
mp-989568,Cs2NaMgF6,31.063,31.063,31.063,1.4922433966767894
mp-989570,Cs2CaSnCl6,23.328,23.328,23.328,1.3678775066378805
mp-989573,Rb2BrCl6F,18.72,18.72,18.72,1.2723058444020865
mp-989575,Cs2AlTlH6,23.081,23.081,23.081,1.3632546209946867
mp-989576,YWN3,176.304,151.383,163.844,2.2144305420589334
mp-989578,Rb2NaInF6,38.727,38.727,38.727,1.5880138555218803
mp-989579,Rb2LiTlCl6,19.666,19.666,19.666,1.2937160348261092
mp-989580,Cs2KNF6,34.612,34.612,34.612,1.5392266950429951
mp-989583,Rb2LiInCl6,20.952,20.952,20.952,1.3212254854171759
mp-989585,Cs2KPbF6,26.386,26.386,26.386,1.421373558102006
mp-989586,SrTcN3,85.622,84.513,85.068,1.9297662223996563
mp-989590,Ca6Sn2NF,45.559,45.559,45.559,1.6585741829389293
mp-989592,Sr6Sn2NF,37.078,37.078,37.078,1.5691163001113653
mp-989605,Cs2RbInF6,28.556,28.556,28.556,1.4556973732865566
mp-989608,Cs2NaAsCl6,18.551,18.551,18.551,1.2683673254214838
mp-989609,YWN3,149.474,140.129,144.802,2.16077456036227
mp-989613,TiPN3,187.657,169.763,178.71,2.252148854818507
mp-989635,CaMoN3,109.968,102.988,106.478,2.027259885093204
mp-989642,Cs2NaAlH6,23.548,23.548,23.548,1.3719540271401314
mp-989644,Cs2NaCaCl6,16.182,16.182,16.182,1.2090321968365347
mp-989651,HfTeSe4,22.926,2.472,12.699,1.1037695231936726
mp-989695,Cu,132.247,132.08,132.163,2.1211098882440003
mp-990076,P2O5,255.736,236.378,246.057,2.391035724656139
mp-990084,Na2Cl,13.673,13.347,13.51,1.1306553490220306
mp-990430,SrTa2H2O7,100.785,49.995,75.39,1.8773137433122384
mp-990440,Na2ZrO3,83.228,78.563,80.895,1.9079216793438436
mp-991676,NbCu3Te4,30.476,30.476,30.476,1.4839579649009735
mp-995181,SnGe,9.245,0.493,4.869,0.6874397745458943
mp-996161,Nb3AlC2,200.627,200.319,200.473,2.3020558894718612
mp-996162,Nb2AlC,169.761,169.744,169.752,2.2298148997940532
mp-996940,TiReN3,269.978,268.403,269.191,2.4300605358057417
mp-996944,Cs2TlInBr6,14.846,14.846,14.846,1.1716094562166661
mp-996954,CuPtO2,180.876,163.332,172.104,2.235790964213324
mp-996960,AgNO2,28.592,10.884,19.738,1.2953031446371515
mp-996961,LiAuO2,73.654,40.026,56.84,1.7546540692554322
mp-996964,CdAgO2,115.222,108.047,111.634,2.0477964863895393
mp-996965,AgBiO2,92.512,85.027,88.77,1.9482662198802954
mp-996971,CuPdO2,166.33,144.27,155.3,2.1911714557285586
mp-996973,CuHgO2,57.352,35.01,46.181,1.664463332863959
mp-996975,CuAgO2,120.417,101.967,111.192,2.0460735419147613
mp-996979,BaAgO2,76.735,57.807,67.271,1.8278278836253314
mp-996981,TlAuO2,97.484,80.297,88.891,1.9488577919240813
mp-996983,AgAuO2,70.987,56.221,63.604,1.803484428907874
mp-996987,LiCuO2,87.095,69.804,78.449,1.8945874119478134
mp-996990,BaAgO2,87.349,78.574,82.961,1.918873978335956
mp-996992,LiAgO2,76.943,64.667,70.805,1.8500639271210804
mp-997005,CaAgO2,98.257,96.198,97.227,1.9877868855302727
mp-997006,AgPtO2,125.568,120.586,123.077,2.0901769017830545
mp-997009,BaAuO2,72.705,70.722,71.713,1.8555978909049153
mp-997010,TlAgO2,91.998,83.141,87.57,1.9423553497076766
mp-997012,CuPdO2,146.516,126.275,136.396,2.134801634225153
mp-997024,CsAuO2,32.395,19.318,25.856,1.4125613390944922
mp-997025,PbAuO2,76.451,60.531,68.491,1.835633507154728
mp-997027,AuO2F,25.941,9.058,17.499,1.2430132311496778
mp-997030,CaAgO2,112.711,112.431,112.571,2.051426524066763
mp-997031,MgCuO2,140.888,131.328,136.108,2.1338836524167615
mp-997034,BaCuO2,81.156,72.098,76.627,1.8843818229604476
mp-997037,CdAuO2,117.392,110.27,113.831,2.0562605511235668
mp-997041,NaCuO2,61.131,36.274,48.702,1.6875467963507491
mp-997042,TlCuO2,29.943,13.401,21.672,1.3358989920251119
mp-997054,CuBiO2,48.666,42.004,45.335,1.6564336200659502
mp-997055,CuBiO2,74.092,72.036,73.064,1.8637034446398524
mp-997082,BiAuO2,60.958,57.333,59.145,1.7719180361289044
mp-997084,RbAgO2,48.326,32.907,40.617,1.6087078429594708
mp-997085,SrAgO2,84.053,77.882,80.968,1.9083134118500795
mp-997086,SrAgO2,80.48,79.234,79.857,1.902312990958266
mp-997094,SrAuO2,81.661,80.033,80.847,1.90766390912036
mp-997100,SrAgO2,88.359,67.083,77.721,1.8905383798290312
mp-997108,RbAgO2,25.913,20.607,23.26,1.3666097103924297
mp-997590,La8MgAl7O24,183.604,183.604,183.604,2.2638821385155743
mp-997617,BOs,356.469,352.805,354.637,2.549784044455962
mp-997618,BSb,98.422,98.422,98.422,1.9930921859382429
mp-998147,TlCuCl3,39.029,39.029,39.029,1.5913874239421353
mp-998196,RbCuBr3,30.662,30.662,30.662,1.4866004793062013
mp-998307,CsPdBr3,33.583,33.583,33.583,1.5261194894568868
mp-998414,CuAgF3,86.522,86.522,86.522,1.9371265498207384
mp-998552,BaHfO3,159.196,159.196,159.196,2.2019321513429078
mp-998866,C,355.313,355.313,355.313,2.5506110975117884
mp-998883,Ge,61.324,61.324,61.324,1.7876304749701826
mp-998893,YC,124.296,124.296,124.296,2.0944571527295
mp-998894,YC,82.805,82.805,82.805,1.9180565615052712
mp-998903,TiN,258.929,258.929,258.929,2.4131806940604252
mp-998908,TiN,201.627,201.627,201.627,2.304548688318436
mp-998913,KO3,17.554,10.575,14.064,1.1481088577296967
mp-998947,TiRu3,247.859,247.859,247.859,2.394204693180136
mp-998964,TiGaFeCo,192.595,192.595,192.595,2.2846450081229066
mp-998965,TiInFe2,246.765,246.765,246.765,2.392283561419607
mp-998970,TiFe2Sb,187.429,187.429,187.429,2.272836788075656
mp-998971,TiFeCoSi,215.232,215.232,215.232,2.3329068412985228
mp-998973,TiFeCoSb,170.979,170.979,170.979,2.2329427727069073
mp-998974,TiFeCoAs,187.342,187.342,187.342,2.2726351523001864
mp-998980,TiAlFeCo,189.547,189.547,189.547,2.2777169151472796
mp-998981,TiAl3,102.749,102.749,102.749,2.0117776038172526
mp-998982,Ti3Sn,113.274,113.274,113.274,2.0541302368507917
mp-998986,Ti3Si,131.4,131.4,131.4,2.118595365223762
mp-998987,Ti3Ge,123.634,123.634,123.634,2.092137920444003
mp-998988,Ti3Ga,109.768,109.768,109.768,2.0404757513259137
mp-999027,Ti3Al,107.662,107.662,107.662,2.032062443294048
mp-999047,Ti2MnSi,153.082,153.082,153.082,2.184924127600605
mp-999052,Ti2MnAl,108.188,108.188,108.188,2.034179092352818
mp-999053,Ti2GaNi,121.628,121.628,121.628,2.0850335654439522
mp-999054,Ti2GaCo,138.266,138.266,138.266,2.1407153989976835
mp-999060,Ti2CoSi,154.865,154.865,154.865,2.1899532768657464
mp-999067,Ti2CoGe,145.264,145.264,145.264,2.1621579987542616
mp-999068,Ti2AlV,117.59,117.59,117.59,2.070370390367003
mp-999069,Ti2AlFe,412.064,412.064,412.064,2.6149646740143053
mp-999072,Ti2AlZn,96.88,96.88,96.88,1.9862341301349957
mp-999076,Ti2InNi,35.899,35.899,35.899,1.5550823510705005
mp-999079,Ti2AlCu,105.546,105.546,105.546,2.0234417789904766
mp-999086,TcN,293.701,263.92,278.811,2.4453099040926176
mp-999088,ThCoC2,183.828,176.599,180.213,2.255786116413431
mp-999096,Ti2AlCr,104.525,104.525,104.525,2.0192201762224524
mp-999117,TcN,356.635,331.021,343.828,2.536341241025666
mp-999118,TcB,290.206,286.469,288.337,2.459900375530037
mp-999120,TcB,302.94,299.213,301.077,2.4786775799743754
mp-999121,TbTlTe2,29.62,29.368,29.494,1.469733675913058
mp-999124,TbPd,82.658,80.912,81.785,1.912673658016198
mp-999126,NaTbS2,46.496,43.275,44.885,1.6521012295194637
mp-999127,NaTbSe2,38.516,36.181,37.348,1.572267350134817
mp-999130,TbNi,77.963,75.552,76.757,1.885117992263192
mp-999132,SmTlTe2,28.525,28.288,28.406,1.453410082711584
mp-999133,TaPd,202.236,201.423,201.83,2.3049857202066724
mp-999139,TaHgS2,28.222,9.58,18.901,1.2764847821093837
mp-999145,SmNi,71.087,70.155,70.621,1.848933862921316
mp-999188,NbNi3,198.862,198.862,198.862,2.2985518028982574
mp-999190,SmCoC2,157.361,146.334,151.847,2.1814062161007377
mp-999192,SiNi,177.688,169.956,173.822,2.2401047426186262
mp-999198,BMo,308.701,308.637,308.669,2.489493014953506
mp-999200,Si,81.551,81.123,81.337,1.9102881500273476
mp-999201,Sc2MnSi,93.51,93.51,93.51,1.9708580569965024
mp-999204,ScAl3,82.767,82.421,82.594,1.9169484993598924
mp-999207,Sc2MnSn,72.919,72.919,72.919,1.8628407041757553
mp-999257,Sc2MnC,113.031,113.031,113.031,2.0531975698777942
mp-999258,Sc2MnGe,81.341,81.341,81.341,1.910309507284358
mp-999259,RuC,285.045,284.084,284.565,2.454181483093286
mp-999263,RhN,277.573,269.6,273.586,2.4370938698086393
mp-999264,ReN,337.072,310.677,323.875,2.510377425993881
mp-999266,ReN,393.255,391.443,392.349,2.59367255003806
mp-999269,RbSmTe2,25.096,24.879,24.988,1.397731497273984
mp-999274,RbNaH2,14.999,14.991,14.995,1.175946470095546
mp-999287,PrRhC2,151.002,135.091,143.047,2.1554787541573055
mp-999294,Pd3N,133.636,133.636,133.636,2.125923467834651
mp-999298,Pd3Au,159.176,159.176,159.176,2.201877586936179
mp-999307,OsN,343.856,315.318,329.587,2.5179700733539363
mp-999308,OsC,385.683,364.039,374.861,2.573870259397706
mp-999317,OsN,321.813,318.185,319.999,2.5051486211475296
mp-999318,NiBi,89.539,86.521,88.03,1.9446307018562783
mp-999336,NdPd,74.395,73.225,73.81,1.8681152053272172
mp-999355,NbN,234.172,214.755,224.464,2.3511466978781557
mp-999357,NbN,307.394,302.426,304.91,2.484171667965254
mp-999376,NbPt,229.609,229.582,229.595,2.3609624259905093
mp-999377,NbC,276.316,270.438,273.377,2.436761973314231
mp-999388,NbC,237.868,235.084,236.476,2.3737870706701623
mp-999389,NbFe3,198.022,198.022,198.022,2.296713442523333
mp-999390,NbCr3,226.813,226.813,226.813,2.3556679429301446
mp-999395,Nb3Fe,187.538,187.538,187.538,2.273089280160884
mp-999396,Nb3Ni,174.363,174.363,174.363,2.24145433265717
mp-999439,Nb3Cr,183.542,183.542,183.542,2.2637354597657913
mp-999450,NaSmSe2,36.935,34.437,35.686,1.5524978711475055
mp-999455,NaSmS2,44.729,41.469,43.099,1.6344671936057384
mp-999460,NaScS2,51.951,50.281,51.116,1.7085568614669349
mp-999470,NaNdS2,43.246,39.765,41.505,1.6181004181966332
mp-999473,ZnN,169.406,169.406,169.406,2.2289287880533983
mp-999474,NaHoSe2,39.102,36.763,37.932,1.5790057418872046
mp-999484,YTi,48.406,48.406,48.406,1.6848991964665259
mp-999485,ZnN,135.277,135.277,135.277,2.1312239634698416
mp-999490,NaDyS2,47.308,44.228,45.768,1.6605619347576117
mp-999495,Na3N,29.531,29.531,29.531,1.4702781536067522
mp-999496,Na3N,27.157,27.096,27.127,1.4334017673890713
mp-999498,N2,273.401,273.401,273.401,2.4368000987237117
mp-999502,MoPt,275.394,274.881,275.137,2.439548997570061
mp-999503,MoN,275.165,242.455,258.81,2.412981052757543
mp-999508,MnSiNi2,170.737,170.737,170.737,2.2323276462147863
mp-999516,MnP,111.843,98.425,105.134,2.0217431881927204
mp-999540,MnSe,51.31,51.29,51.3,1.7101173651118162
mp-999542,MnFe3,195.981,195.979,195.98,2.2922117533318542
mp-999545,Mn3Fe,178.17,72.757,125.464,2.098519129449006
mp-999549,WN2,360.983,343.247,352.115,2.546684526287084
mp-999550,Mn3Ga,184.623,184.623,184.623,2.2662858036826683
mp-999558,Mn2SiNi,198.379,198.379,198.379,2.297495696715211
mp-999576,Mn2SiRu,218.838,218.838,218.838,2.340122737027873
mp-1001012,Sc2ZnS4,73.999,73.999,73.999,1.8692258508469715
mp-1001019,Mg(ScSe2)2,57.484,57.484,57.484,1.759546980712811
mp-1001023,BeC2,117.857,44.545,81.201,1.9095613776624523
mp-1001581,LiC6,241.874,58.496,150.185,2.1766265588829476
mp-1001602,B12W,238.944,238.944,238.944,2.3782961296481617
mp-1001612,LuSi,97.325,97.293,97.309,1.9881530095343152
mp-1001783,LiSnS2,47.877,46.775,47.326,1.675099799390056
mp-1001784,LiTiS2,61.159,60.525,60.842,1.7842034817564951
mp-1001786,LiScS2,56.903,54.398,55.65,1.7454651686707272
mp-1001788,ZrB6,178.43,178.43,178.43,2.2514678754835242
mp-1001789,IrC,274.838,274.838,274.838,2.4390767795133033
mp-1001790,LiO3,38.958,34.188,36.573,1.5631605859877016
mp-1001826,VN,218.203,218.203,218.203,2.3388607172628144
mp-1001827,IrC,328.287,318.777,323.532,2.5099172424579277
mp-1001833,InBi,35.088,35.088,35.088,1.5451586143334477
mp-1001834,HfN,238.794,238.794,238.794,2.378023410398589
mp-1001835,LiB,83.425,58.132,70.778,1.8498982864558375
mp-1001914,Li2SnIr,85.092,85.092,85.092,1.929888731422162
mp-1001916,HfN,196.209,196.209,196.209,2.2927189243522474
mp-1002069,NaLiICl,20.618,19.594,20.106,1.303325678218915
mp-1002081,KNaICl,14.834,14.222,14.528,1.1622058311770098
mp-1002083,CsKICl,10.869,10.634,10.751,1.0314488618593833
mp-1002105,VN,318.361,318.361,318.361,2.5029198601893956
mp-1002117,TcN,335.61,335.61,335.61,2.5258348928006322
mp-1002122,HfIr,207.546,207.546,207.546,2.3171143677089123
mp-1002124,HfC,158.82,158.82,158.82,2.200905191684992
mp-1002136,LaAu,64.419,63.646,64.033,1.8064038493632062
mp-1002165,GeC,160.406,160.406,160.406,2.2052206090738076
mp-1002183,TcB,311.631,311.631,311.631,2.4936406532986126
mp-1002187,TcB,282.66,282.66,282.66,2.4512643546218773
mp-1002188,TcB,304.285,301.643,302.964,2.48139102609237
mp-1002206,SiC,252.718,252.718,252.718,2.402636175921781
mp-1002207,ReN,361.49,361.49,361.49,2.558096287785768
mp-1002210,EuS,79.757,79.757,79.757,1.9017688099481718
mp-1002221,ErH,70.446,70.446,70.446,1.8478563384354945
mp-1002222,TlN,107.027,107.027,107.027,2.02949335218818
mp-1002227,RbSb,8.399000000000001,8.399000000000001,8.399000000000001,0.9242275812601177
mp-1004526,WS,178.414,174.971,176.693,2.2472193445175668
mp-1005693,Sm2InHg,56.894,56.894,56.894,1.7550664684286787
mp-1006057,LaPrIn2,51.388,51.388,51.388,1.710861715449988
mp-1006146,Eu(MgBi)2,32.915,32.346,32.63,1.513617073787875
mp-1006226,ZnBi,38.38,38.32,38.35,1.5837653682849997
mp-1006880,BiB,73.075,73.075,73.075,1.863768824029474
mp-1006886,CeS,119.446,119.446,119.446,2.0771716107036067
mp-1006887,CdC,102.325,102.325,102.325,2.009981753317307
mp-1007637,KNaH2,17.068,17.065,17.067,1.232157188487434
mp-1007656,HfPd3,179.875,179.875,179.875,2.2549708069446615
mp-1007657,HfRu3,232.863,232.863,232.863,2.367100488223947
mp-1007660,IrN,316.055,286.604,301.33,2.47904237158663
mp-1007663,HoTlTe2,29.849,29.605,29.727,1.473151083130739
mp-1007664,InPd3,143.549,143.413,143.481,2.1567943948576263
mp-1007666,HoAu,85.253,81.926,83.589,1.9221491296684354
mp-1007690,HgPt3,192.168,192.168,192.168,2.283681070218776
mp-1007691,HfPt,180.293,172.66,176.476,2.2466856515012896
mp-1007693,HfOs3,288.028,288.028,288.028,2.4594347087814827
mp-1007730,HfAl3,103.976,103.976,103.976,2.0169331059294304
mp-1007760,Ge,59.556,59.501,59.529,1.7747285871019023
mp-1007761,HW,295.67,295.427,295.549,2.470629494237379
mp-1007770,TlAs,36.447,36.447,36.447,1.5616617867811469
mp-1007776,TlP,45.906,45.906,45.906,1.6618694523476032
mp-1007778,TlN,89.83,89.83,89.83,1.9534213996810352
mp-1007821,GaCo2Ni,198.722,198.722,198.722,2.2982459493931895
mp-1007823,GaBN2,248.294,246.274,247.284,2.3931960171437208
mp-1007852,FeCo3,191.847,191.847,191.847,2.2829550123243663
mp-1007853,Fe3Ni,179.994,179.994,179.994,2.255258028379296
mp-1007855,FeNi3,193.05,193.046,193.048,2.2856653066414294
mp-1007881,FeB,254.969,247.879,251.424,2.4004067314648005
mp-1007906,ErH,67.419,67.378,67.398,1.8286470092674987
mp-1007907,ErTlTe2,29.991,29.722,29.857,1.4750461681277978
mp-1007908,DyTlTe2,29.884,29.634,29.759,1.4736183334000952
mp-1007918,DyAu,83.902,81.036,82.469,1.9162907284407231
mp-1007923,CrNi3,196.335,196.228,196.281,2.2928782619305186
mp-1007961,CrInCu2,93.374,93.374,93.374,1.9702259637197608
mp-1007974,CrNi3,205.939,205.939,205.939,2.3137385995607826
mp-1008223,CaSe,32.551,32.551,32.551,1.5125643350796594
mp-1008224,CrCo2Si,222.218,222.218,222.218,2.346779234551109
mp-1008274,Co3W,274.04,274.04,274.04,2.4378139588473458
mp-1008275,Cr3Ni,155.147,155.147,155.147,2.190743382266029
mp-1008277,CrCo2As,187.113,187.113,187.113,2.2721039619101293
mp-1008278,Cr3Ni,240.418,240.418,240.418,2.3809669800030306
mp-1008279,Co3Mo,255.044,255.044,255.044,2.406615111056612
mp-1008280,CrCo3,380.486,380.486,380.486,2.58033868151499
mp-1008282,Cr3Fe,227.443,227.443,227.443,2.3568725751156125
mp-1008285,Cr3Fe,239.14,239.14,239.14,2.378652224908501
mp-1008349,Co3Ni,258.138,258.138,258.138,2.4118519409078796
mp-1008374,C,350.007,273.122,311.565,2.493548664788055
mp-1008376,CeH3,41.701,41.701,41.701,1.6201464695846597
mp-1008395,C,402.314,400.654,401.484,2.603668242391364
mp-1008483,CdN,102.736,100.329,101.532,2.0066029410980435
mp-1008487,BW,339.635,339.615,339.625,2.5309996514259474
mp-1008488,BiPd,89.647,89.64,89.644,1.9525212269256047
mp-1008500,BaO,67.346,67.052,67.199,1.8273628102902346
mp-1008506,BaGaSiH,49.849,46.864,48.357,1.684459350008019
mp-1008523,BC2N,342.717,341.347,342.032,2.534066739896163
mp-1008524,BeSe,88.738,88.733,88.735,1.9480949536391912
mp-1008525,B2CN,323.391,318.866,321.128,2.50667817450246
mp-1008526,B2CN,325.587,320.344,322.966,2.509156804716249
mp-1008528,B2AsP,146.701,146.7,146.701,2.1664330742591087
mp-1008530,AlVFeCo,204.053,204.053,204.053,2.3097429841809296
mp-1008554,Al3V,99.015,99.015,99.015,1.9957009918072663
mp-1008555,AlCu3,138.447,138.447,138.447,2.1412835494816536
mp-1008556,AlGaN2,183.552,183.504,183.528,2.263702331900536
mp-1008557,AlBN2,258.633,257.19,257.912,2.411471549243564
mp-1008559,BP,162.181,162.14,162.161,2.209946413861709
mp-1008561,TmTlTe2,30.652,30.403,30.528,1.484698353024001
mp-1008568,ZrTi2,106.116,106.085,106.1,2.0257153839013404
mp-1008610,AuN,172.053,172.053,172.053,2.235662249593315
mp-1008617,YbAg2,51.824,51.275,51.549,1.712220244814602
mp-1008625,W2C,318.058,312.689,315.374,2.49882588645018
mp-1008630,WC,366.4,366.4,366.4,2.563955464995813
mp-1008631,VCoTe,143.581,143.581,143.581,2.157096973742655
mp-1008632,V2C,218.809,218.624,218.716,2.3398805546770536
mp-1008634,Au,135.103,105.047,120.075,2.079452595311
mp-1008635,WC,262.759,262.759,262.759,2.419557600374483
mp-1008642,UC2,197.231,197.231,197.231,2.2949751766845154
mp-1008653,AgC,133.032,133.032,133.032,2.1239561203040673
mp-1008677,TiO2,246.526,246.526,246.526,2.391862729134824
mp-1008680,TiGePt,151.635,151.635,151.635,2.1807994556000176
mp-1008682,TiS2,88.95,31.132,60.041,1.7784479169300809
mp-1008688,Ti2Sn,73.05,73.05,73.05,1.8636202202703156
mp-1008702,Ti2In,67.275,67.275,67.275,1.8278537064357923
mp-1008776,SrC2,57.003,49.453,53.228,1.7261401482076624
mp-1008785,RuO2,284.209,284.209,284.209,2.453637826541659
mp-1008786,MgTe,46.024,46.024,46.024,1.6629843610174428
mp-1008798,ReN2,355.034,310.168,332.601,2.5219235506376467
mp-1008805,ReC2,356.957,339.997,348.477,2.542174119298552
mp-1008826,OsN2,334.82,334.82,334.82,2.524811392063795
mp-1008835,OsC2,368.76,346.334,357.547,2.5533331384420217
mp-1008860,NbS2,59.185,6.43,32.808,1.5159797562794284
mp-1008866,NaAgO,59.264,59.264,59.264,1.7727909606658214
mp-1008872,MnFeTe,111.271,111.271,111.271,2.0463819910996826
mp-1008873,MnCoSe,118.385,118.385,118.385,2.073296678485579
mp-1008874,MnCoTe,116.02,116.02,116.02,2.0645328611315783
mp-1008876,MnCoS,133.924,133.924,133.924,2.1268584122141836
mp-1008881,MgNiH,99.319,89.411,94.365,1.9748109442406876
mp-1008903,MgAgSb,58.085,58.085,58.085,1.7640639936931712
mp-1008911,LiMnAs,43.203,43.203,43.203,1.6355139051067824
mp-1008918,CdN,119.78,119.78,119.78,2.07838430874819
mp-1008922,CuN,203.809,203.809,203.809,2.309223358100412
mp-1008925,LiFeP,90.836,35.673,63.254,1.801087994243103
mp-1008926,CrTe,44.382,44.382,44.382,1.6472068690855515
mp-1008928,EuSe,38.732,38.732,38.732,1.5880699231812236
mp-1008929,FeN,193.323,193.323,193.323,2.2862835259316503
mp-1008987,IrN,257.278,257.278,257.278,2.4104026510098224
mp-1008999,LaSe,69.443,69.443,69.443,1.8416284744855789
mp-1009006,LiCdAs,46.662,46.662,46.662,1.668963349338768
mp-1009008,LaTe,54.624,54.624,54.624,1.7373834994346395
mp-1009014,LiCuO,97.277,97.277,97.277,1.9880101685946157
mp-1009019,FeN,200.505,200.505,200.505,2.302125207107494
mp-1009077,FeH,173.813,173.813,173.813,2.2400822555253357
mp-1009078,CoN,297.425,297.425,297.425,2.4733774702576508
mp-1009079,CrTe,60.543,60.543,60.543,1.782063937122127
mp-1009083,MgSnP2,55.81,55.801,55.805,1.7466731124703232
mp-1009087,BeSiAs2,76.366,76.363,76.364,1.882888668967694
mp-1009088,BeGeAs2,68.999,68.985,68.992,1.838798734834607
mp-1009130,MnN,260.012,260.012,260.012,2.414993391868973
mp-1009131,MnAs,33.641,33.641,33.641,1.5268688969958806
mp-1009133,MnCo,192.154,192.154,192.154,2.2836494294448975
mp-1009217,MnSb,69.337,69.337,69.337,1.8409650471324461
mp-1009218,MoC,240.168,240.168,240.168,2.3805151414964185
mp-1009221,mp-1009221,34.757,34.757,34.757,1.541042283896527
mp-1009222,MnTe,35.201,35.201,35.201,1.5465550012142977
mp-1009223,NaAs,42.173,42.172,42.172,1.6250241978459552
mp-1009264,NbCo,207.312,207.312,207.312,2.3166244414230857
mp-1009458,NbC,206.433,206.433,206.433,2.314779124022619
mp-1009471,NbN,299.401,299.401,299.401,2.476253246553983
mp-1009485,CrN,313.927,313.927,313.927,2.4968286697833126
mp-1009488,NiN,258.337,258.337,258.337,2.4121866119226456
mp-1009504,EuZnGe,60.63,56.692,58.661,1.7683494621695957
mp-1009533,PdC,215.846,215.846,215.846,2.334144004838365
mp-1009544,CsRbP,10.753,10.753,10.753,1.0315296458034229
mp-1009545,PaN,221.916,221.916,221.916,2.34618861571198
mp-1009548,PdN,211.396,211.396,211.396,2.325096765401101
mp-1009582,NiC,256.077,256.077,256.077,2.4083705733077507
mp-1009592,CrFeTe,93.912,93.912,93.912,1.9727210896122862
mp-1009593,CrCoTe,101.026,101.026,101.026,2.0044331579746952
mp-1009639,PrN,94.434,94.434,94.434,1.9751283857587623
mp-1009655,CaC2,191.023,180.624,185.823,2.269099467218896
mp-1009657,CaN2,87.439,77.936,82.688,1.9174424876429526
mp-1009695,CaB2,121.589,121.289,121.439,2.084358182330473
mp-1009731,ReC,395.957,395.957,395.957,2.5976480251257716
mp-1009733,Ca2Si,36.951,36.951,36.951,1.567626196143706
mp-1009734,RhN,220.176,220.176,220.176,2.3427699775075697
mp-1009735,ReC,413.491,408.543,411.017,2.6138597850232874
mp-1009746,ScP,63.76,63.76,63.76,1.804548308388056
mp-1009750,ScN,140.651,140.651,140.651,2.1481428242576226
mp-1009755,Ca2Ge,34.833,34.833,34.833,1.5419908797794688
mp-1009756,Ca2Pb,28.076,28.076,28.076,1.4483352337401756
mp-1009770,RuN,260.463,260.463,260.463,2.4157460384335945
mp-1009787,RuC,321.211,321.211,321.211,2.506790409450668
mp-1009792,RuC,269.305,269.305,269.305,2.4302444167321613
mp-1009813,SiSn,55.027,55.027,55.027,1.7405758362899715
mp-1009818,CN2,410.882,384.26,397.571,2.59941469816163
mp-1009820,SnC,122.138,122.138,122.138,2.086850804180599
mp-1009822,SnC,130.966,130.966,130.966,2.11715856337396
mp-1009828,BaSiC,26.15,22.293,24.222,1.384209999793958
mp-1009829,Be2Si,98.66,98.66,98.66,1.9941411111261225
mp-1009831,TaN,312.497,312.497,312.497,2.4948458524330555
mp-1009832,TaC,224.634,224.634,224.634,2.35147549054902
mp-1009833,TaN,247.811,247.811,247.811,2.394120580221125
mp-1009834,Al2Ru,168.334,168.295,168.314,2.2261202411681817
mp-1009836,ZrN,225.944,225.944,225.944,2.3540008130206638
mp-1009838,ZrN,218.105,216.561,217.333,2.337125674915916
mp-1009848,TcC,239.569,239.569,239.569,2.3794306200613495
mp-1009894,ZrC,145.849,145.849,145.849,2.163903455768545
mp-1010071,CrCo,214.789,214.789,214.789,2.3320120360515992
mp-1010953,MgNi,92.625,92.625,92.625,1.9667282209873846
mp-1011375,CeSe2,54.03,53.869,53.95,1.7319914490189294
mp-1011695,Cs2Se,11.808,11.808,11.808,1.0721763444789663
mp-1012551,BaBrCl,29.314,29.042,29.178,1.465055519951821
mp-1012640,CrFeCoNi,193.94,188.414,191.177,2.2814356422605773
mp-1013524,Ca3N2,61.811,61.811,61.811,1.7910657698168504
mp-1013525,VS2,44.999,7.734,26.366,1.4210442477420484
mp-1013527,BeGeP2,83.097,83.083,83.09,1.919548758968848
mp-1013528,Ba3N2,36.533,36.533,36.533,1.5626853368697173
mp-1013529,Sr3N2,46.799,46.799,46.799,1.6702365731783577
mp-1013533,Ba3PN,40.54,40.54,40.54,1.60788374435699
mp-1013540,Ca3PN,36.021,36.021,36.021,1.5565557653534061
mp-1013544,Ca3SbAs,35.485,35.485,35.485,1.5500448095649058
mp-1013546,Ca3Sb2,29.002,29.002,29.002,1.4624279482097782
mp-1013547,Ca3P2,39.504,39.504,39.504,1.596641072587857
mp-1013548,Ca3SbN,57.655,57.655,57.655,1.760836976474582
mp-1013549,Ba3BiN,35.813,35.813,35.813,1.5540407027174017
mp-1013550,Ca3SbP,38.669,38.669,38.669,1.5873629411421786
mp-1013553,Sr3AsP,31.673,31.673,31.673,1.5006892007808343
mp-1013554,Sr3PN,49.284,49.284,49.284,1.6927059489012772
mp-1013555,Sr3AsN,47.628,47.628,47.628,1.6778623449547883
mp-1013558,Ca3BiP,37.265,37.265,37.265,1.5713011255662694
mp-1013564,Sr3BiAs,28.457,28.457,28.457,1.4541891138747685
mp-1013582,Ba3Sb2,20.26,20.26,20.26,1.3066394410242617
mp-1013584,Ba3BiSb,20.003,20.003,20.003,1.3010951349509423
mp-1013585,Sr3BiSb,23.823,23.823,23.823,1.3769964507406731
mp-1013587,Sr3Bi2,22.202,22.202,22.202,1.346392098317329
mp-1013588,Sr3SbP,31.726,31.726,31.726,1.501415319896368
mp-1013642,Ca3AsP,38.905,38.905,38.905,1.5900054196513296
mp-1013643,Sr3BiP,30.724,30.724,30.724,1.4874777564388986
mp-1013702,Ca3BiP,26.696,26.696,26.696,1.4264461936467363
mp-1013703,Ca3BiAs,26.621,26.621,26.621,1.4252243654258392
mp-1013704,Ca3BiSb,26.893,26.893,26.893,1.429639251861554
mp-1013708,Ba3SbN,17.51,17.51,17.51,1.2432861460834461
mp-1013710,Ba3BiN,3.97,3.97,3.97,0.5987905067631151
mp-1013712,Ba3SbP,19.718,19.718,19.718,1.2948628622779674
mp-1013713,Ba3BiP,18.193,18.193,18.193,1.2599043195152695
mp-1013714,Ba3SbAs,19.616,19.616,19.616,1.292610452838321
mp-1013716,Ba3BiAs,18.404,18.404,18.404,1.2649122245927586
mp-1013719,Ba3BiSb,19.129,19.129,19.129,1.2816922671609374
mp-1013733,Ca3BiSb,28.372,28.372,28.372,1.4528899511764932
mp-1013734,Ba3AsN,38.422,38.422,38.422,1.5845799676666654
mp-1013736,Ba3Bi2,18.785,18.785,18.785,1.2738111993994035
mp-1014168,CsPbBr3,17.944,17.43,17.687,1.247654175819024
mp-1014219,HfZn,115.663,115.663,115.663,2.0631944525927604
mp-1014227,Ti2ZnN,149.32,145.961,147.64,2.1692040365236194
mp-1014229,Ti2Zn,112.112,112.1,112.106,2.049628856994249
mp-1014230,TiZn,110.695,110.695,110.695,2.0441280046054566
mp-1014231,Hf2Zn,109.609,109.609,109.609,2.0398462155522097
mp-1014244,ZrZnN2,177.392,176.953,177.173,2.248397538970643
mp-1014246,ZrB,159.888,159.716,159.802,2.203582210419327
mp-1014251,HfZnN2,188.584,188.292,188.438,2.275168486175551
mp-1014252,Hf3ZnN,150.025,148.48,149.253,2.1739230692509985
mp-1014257,Ti3ZnN,147.03,144.431,145.73,2.16354896490181
mp-1014261,IrO2,196.155,188.291,192.223,2.283805350946825
mp-1014264,CrN2,265.131,265.131,265.131,2.4234605098599564
mp-1014265,Zr2N,175.065,174.51,174.788,2.2425116130084723
mp-1014307,ZrC,217.754,217.056,217.405,2.3372695280089646
mp-1014373,CrN2,112.156,112.156,112.156,2.049822511955455
mp-1014460,Cr3N4,274.267,274.267,274.267,2.4381735561277904
mp-1016108,TiZnN2,154.722,153.936,154.329,2.1884475421135665
mp-1016197,MgSiAs2,58.484,57.488,57.986,1.763323151206512
mp-1016200,MgGeAs2,52.519,52.356,52.437,1.719637837085267
mp-1016296,SrMg6Mo,40.827,37.779,39.303,1.5944257013606649
mp-1016329,SrMg6Nb,39.848,38.014,38.931,1.590295559354024
mp-1016601,Mg6NbC,47.984,40.209,44.097,1.6444090446205941
mp-1016819,HfZnO3,162.57,162.57,162.57,2.2110404057320534
mp-1016820,MgSnO3,154.103,154.103,154.103,2.1878110934281123
mp-1016821,BaSiO3,175.849,175.849,175.849,2.2451399029588086
mp-1016823,BaGeO3,137.118,137.118,137.118,2.1370944700159784
mp-1016825,HfMgO3,168.944,168.944,168.944,2.2277427725349317
mp-1016826,MgIrO3,172.48,172.48,172.48,2.2367387435066446
mp-1016827,MgGeO3,185.85,185.85,185.85,2.2691625654317447
mp-1016829,MgRuO3,161.797,161.797,161.797,2.2089704647699215
mp-1016831,HgIrO3,175.489,175.489,175.489,2.244249899211978
mp-1016836,ZnOsO3,208.753,208.753,208.753,2.3196327254686158
mp-1016837,SnHgO3,138.108,138.108,138.108,2.140218836111043
mp-1016840,HgOsO3,202.882,202.882,202.882,2.3072435174747192
mp-1016841,HfHgO3,159.867,159.867,159.867,2.2037588252409877
mp-1016842,TiHgO3,174.512,174.512,174.512,2.241825295791462
mp-1016843,MgOsO3,174.473,174.473,174.473,2.2417282286690083
mp-1016845,ZrCdO3,155.518,155.518,155.518,2.191780662483505
mp-1016846,TiCdO3,181.549,181.549,181.549,2.258993861094254
mp-1016848,SrIrO3,169.881,169.881,169.881,2.230144808789113
mp-1016850,BaRhO3,134.066,134.066,134.066,2.127318651941052
mp-1016851,HgRuO3,178.37,178.37,178.37,2.251321812315588
mp-1016871,ZrHgO3,146.764,146.764,146.764,2.1666195397850165
mp-1016872,CaIrO3,172.529,172.529,172.529,2.236862105098698
mp-1016873,CaHfO3,166.721,166.721,166.721,2.221990306544931
mp-1016874,SiHgO3,221.487,221.487,221.487,2.345348240744415
mp-1016876,ZnSiO3,235.713,235.713,235.713,2.3723835353141967
mp-1016877,HgRhO3,148.652,148.652,148.652,2.1721707566833763
mp-1016879,CdSiO3,228.217,228.217,228.217,2.358347992103246
mp-1016881,CdSnO3,152.367,152.367,152.367,2.1828909166768806
mp-1016882,CdOsO3,192.236,192.236,192.236,2.2838347211957557
mp-1016883,ZrZnO3,149.835,149.835,149.835,2.175613272184585
mp-1016884,CaGeO3,172.617,172.617,172.617,2.2370835645114426
mp-1016900,CaOsO3,190.541,190.541,190.541,2.279988440158062
mp-1016902,ZnSnO3,151.079,151.079,151.079,2.179204101546544
mp-1016903,CdGeO3,182.736,182.736,182.736,2.261824114189954
mp-1016926,ZnIrO3,201.293,201.293,201.293,2.3038286724831303
mp-1016928,MgSiO3,230.404,230.404,230.404,2.3624900145204806
mp-1016930,ZnGeO3,190.693,190.693,190.693,2.2803347511625747
mp-1016999,SrGeO3,158.897,158.897,158.897,2.201115697737619
mp-1017000,MgZrO3,157.164,157.164,157.164,2.1963530735618915
mp-1017377,Mg6SiB,48.599,43.541,46.07,1.6634182122526797
mp-1017446,HfCdO3,167.615,167.615,167.615,2.2243128813928834
mp-1017447,HgGeO3,172.111,172.111,172.111,2.2358086279489178
mp-1017507,TmAu,88.505,84.939,86.722,1.9381292850954641
mp-1017508,LuTlTe2,30.747,30.459,30.603,1.4857640022849476
mp-1017509,MgNiH2,106.382,74.821,90.601,1.9571329911876867
mp-1017511,Cr3Fe,351.671,216.709,284.19,2.4536087920248524
mp-1017514,MgSiN2,224.043,221.942,222.992,2.348289282697591
mp-1017515,Mn2CoAs,199.678,199.678,199.678,2.300330218075879
mp-1017529,VCo3,239.242,239.242,239.242,2.378837424342532
mp-1017531,VPt,237.296,236.559,236.927,2.374614555373868
mp-1017532,VN,328.813,318.27,323.541,2.5099293234761046
mp-1017533,YN,146.333,145.834,146.084,2.1646026519902244
mp-1017534,ZnCdSe2,50.039,49.988,50.014,1.6990915897697854
mp-1017540,ZrCd,79.312,78.924,79.118,1.898275300328985
mp-1017542,ZrOs3,278.47,278.47,278.47,2.444778414819478
mp-1017543,ZrPd3,170.19,170.19,170.19,2.2309340382843645
mp-1017544,ZrRu3,224.96,224.96,224.96,2.35210530333973
mp-1017546,ZrN,227.389,223.911,225.65,2.3534353378561645
mp-1017549,Ca(BH)2,108.375,105.197,106.786,2.0285143189725807
mp-1017552,Bi2O3,120.35,115.889,118.12,2.072323438293041
mp-1017554,CdNi3N,182.751,182.751,182.751,2.2618597620637897
mp-1017555,CsBeF3,80.268,80.268,80.268,1.9045424420002581
mp-1017566,GePbO3,157.328,157.328,157.328,2.1968060218180527
mp-1017578,HfBRh3,223.425,223.425,223.425,2.3491317666067437
mp-1017626,LiCaF3,79.537,79.537,79.537,1.900569206111658
mp-1017627,Lu3AlN,99.463,99.463,99.463,1.9976615542707963
mp-1017629,MgNiH3,109.663,109.663,109.663,2.040060122503365
mp-1017631,ScBPd3,153.391,153.391,153.391,2.1857998787459336
mp-1017632,Ni3SnN,174.329,174.329,174.329,2.241369638930721
mp-1017981,Hg,24.449,24.448,24.448,1.388243336895596
mp-1017985,TiAg,102.925,101.985,102.455,2.0105331576559315
mp-1017987,Tc3N,333.206,329.069,331.138,2.5200090214145807
mp-1018009,Li2MgSi,44.934,44.934,44.934,1.6525750809701454
mp-1018012,TiFeCoGe,197.425,197.425,197.425,2.2954021466851007
mp-1018015,Ti2MnGe,140.634,140.634,140.634,2.148090329412882
mp-1018020,NiAgSe2,80.914,73.605,77.26,1.8879547038088016
mp-1018023,Mn3Sn,138.52,138.52,138.52,2.1415124828774235
mp-1018024,MnFeCoGe,205.404,205.404,205.404,2.31260889671507
mp-1018025,LuAgO2,118.219,112.253,115.236,2.0615881749114195
mp-1018026,LiAg,44.74,43.297,44.019,1.643640172260607
mp-1018027,VN,336.359,331.646,334.002,2.5237490673695384
mp-1018028,TiS,141.502,137.884,139.693,2.14517464421339
mp-1018029,CuPd,147.228,147.228,147.228,2.1679904125089178
mp-1018030,Sr2SO,58.297,58.297,58.297,1.7656462062689844
mp-1018031,KInO2,87.642,85.739,86.691,1.9379740126639577
mp-1018032,SrCdO2,97.86,97.804,97.832,1.9904809319891312
mp-1018033,AgRhO2,143.571,139.267,141.419,2.1505077619419275
mp-1018040,MgSe,45.009,44.932,44.971,1.6529325448873384
mp-1018042,UBi,75.465,75.465,75.465,1.8777455763814295
mp-1018048,LaNiC2,138.001,133.414,135.707,2.1326022498923543
mp-1018050,CrC,340.772,332.309,336.54,2.5270366903931603
mp-1018051,KTiS2,51.648,51.234,51.441,1.7113094025728646
mp-1018053,InCu,69.047,68.201,68.624,1.836476028894998
mp-1018054,HfPt3,231.325,231.325,231.325,2.364222570839501
mp-1018057,HfBe,117.191,116.512,116.852,2.067636150031887
mp-1018059,GaSb,44.723,44.722,44.722,1.6505212172741976
mp-1018060,GaCo2Ni,180.424,173.656,177.04,2.2480714009192013
mp-1018061,FeH3,207.518,207.518,207.518,2.3170557731523536
mp-1018062,FeSnRh2,177.437,177.161,177.299,2.2487062861045466
mp-1018066,CrSnRh2,172.926,162.697,167.812,2.2248230133904388
mp-1018067,CrFe3,178.768,178.768,178.768,2.2522897814219425
mp-1018072,KTiS2,51.75,51.247,51.499,1.711798796056756
mp-1018079,CrGaP2,79.206,79.161,79.184,1.898637436467081
mp-1018080,CrCo2Bi,137.255,137.255,137.255,2.1375281741265537
mp-1018082,CrCo2Sb,173.777,173.777,173.777,2.2399922955068976
mp-1018083,CrCdTe2,38.594,38.554,38.574,1.5862946761451346
mp-1018085,CoSnRh2,186.247,184.717,185.482,2.268301770123707
mp-1018089,CaZnSe2,41.792,40.851,41.321,1.6161708232354515
mp-1018096,Ba2NF,45.529,44.474,45.001,1.6532221646565988
mp-1018097,BaCaO2,80.473,80.458,80.465,1.9056070156195546
mp-1018098,Ba2BrN,37.606,37.268,37.437,1.5733010394344609
mp-1018100,AlSb,49.339,49.319,49.329,1.6931023115115251
mp-1018102,ZrPd2,145.955,145.814,145.885,2.1640106397198697
mp-1018104,Zr2Cd,79.201,78.791,78.996,1.8976051011397037
mp-1018107,ZrTe2,18.214,8.741,13.477,1.1295932283679333
mp-1018122,Tm,44.048,43.894,43.971,1.6431663425708876
mp-1018124,Ti2Rh,162.654,161.646,162.15,2.2099169530089915
mp-1018126,GaBi,36.141,36.141,36.141,1.5580001650614794
mp-1018128,ScAg2,88.996,88.677,88.836,1.9485889954298268
mp-1018132,AlBi,38.773,38.773,38.773,1.5885294051609404
mp-1018133,LiHPd,92.147,72.364,82.256,1.9151675865229587
mp-1018134,Li,13.813,13.796,13.804,1.1400049506194492
mp-1018135,LiCdAs,46.596,46.596,46.596,1.6683486365936724
mp-1018136,LaBiPt,78.997,78.997,78.997,1.8976105987817753
mp-1018138,VI2,14.207,4.122,9.164,0.9620850805173599
mp-1018139,HoNiBi,81.591,81.591,81.591,1.9116422559854354
mp-1018140,MgNi,89.152,87.348,88.25,1.94571471405986
mp-1018142,NbN,223.571,223.571,223.571,2.3494154693540286
mp-1018144,LaH3,82.577,82.577,82.577,1.9168591010246105
mp-1018148,ScAu2,118.448,116.691,117.569,2.07029282425944
mp-1018149,ScCu2,101.757,101.503,101.63,2.0070219255786808
mp-1018150,NbTe2,29.389,13.273,21.331,1.3290112157073684
mp-1018151,NbPd2,195.472,193.725,194.599,2.2891406041975038
mp-1018154,Hf2Hg,111.61,111.389,111.5,2.0472748673841794
mp-1018157,CrN,215.484,215.484,215.484,2.3334150286977713
mp-1018161,CrNiSb,104.241,104.241,104.241,2.0180385689784996
mp-1018164,PtC,213.851,213.851,213.851,2.330111285425032
mp-1018165,PtC,259.237,259.237,259.237,2.413696986971113
mp-1018166,AlTc2,224.842,224.226,224.534,2.351282113242944
mp-1018179,AlAu2,128.672,126.562,127.617,2.1059085310812358
mp-1018629,YPd3C,153.404,153.404,153.404,2.1858366839628904
mp-1018635,ScPd3C,166.014,166.014,166.014,2.2201447137410812
mp-1018636,SnPd3C,153.925,153.925,153.925,2.1873091622635195
mp-1018639,TiSnO3,175.285,175.285,175.285,2.2437447529679764
mp-1018641,Tm3AlN,96.02,96.02,96.02,1.982361701633147
mp-1018643,YBPd3,142.867,142.867,142.867,2.154931925271204
mp-1018647,YbNiH3,99.841,99.841,99.841,1.999308922221231
mp-1018649,BC5,377.137,376.619,376.878,2.5762007865409697
mp-1018652,KCdSb,22.09,21.406,21.748,1.3374193243296733
mp-1018656,Ca2H3Br,41.374,41.143,41.258,1.6155081715281632
mp-1018657,CaBiAu,51.098,47.517,49.307,1.692908579430737
mp-1018664,CeO2,139.994,117.618,128.806,2.1099360936619918
mp-1018672,CoAs2,132.667,116.418,124.542,2.0953158357068
mp-1018674,DyAlZn,72.873,67.723,70.298,1.8469429693822776
mp-1018679,DyTe2,58.83,58.825,58.827,1.7695767012402985
mp-1018683,DySe2,77.106,77.093,77.099,1.8870487451417695
mp-1018684,Er2Mg3Ru,52.157,46.745,49.451,1.694175078341504
mp-1018685,ErCuSn,80.618,72.488,76.553,1.8839622147327295
mp-1018689,ErZnIn,67.596,64.085,65.841,1.8184964183643566
mp-1018690,ErZnGa,77.035,73.238,75.136,1.8758480708954828
mp-1018692,ErTe2,59.583,59.575,59.579,1.7750932095516234
mp-1018694,ErZnGa,76.939,74.805,75.872,1.8800815322980942
mp-1018699,EuZnGe,48.491,44.039,46.265,1.665252566503482
mp-1018702,EuZnGe,44.043,40.796,42.42,1.627570664180543
mp-1018709,Hf2GaSb3,93.339,93.055,93.197,1.969401932692873
mp-1018712,HfGa4Co,95.671,92.424,94.047,1.9733449465719288
mp-1018714,HfGaCu,125.9,124.429,125.165,2.0974829036994413
mp-1018717,HfSb2,87.534,87.491,87.513,1.942072571981192
mp-1018718,HfTa2N3,281.347,262.295,271.821,2.434283005861572
mp-1018720,HfVSi,161.195,160.717,160.956,2.206707170635319
mp-1018721,HfO2,194.399,177.279,185.839,2.2691368598590627
mp-1018724,HoCuSn,80.911,73.06,76.985,1.886406114109727
mp-1018725,HoFeSi,103.121,99.321,101.221,2.0052706235510795
mp-1018726,HfVGe,156.903,156.854,156.878,2.1955620439788217
mp-1018728,HoSe2,77.665,77.649,77.657,1.890180609122577
mp-1018732,HoTe2,59.178,59.176,59.177,1.7721529446625623
mp-1018734,IrN,304.326,304.326,304.326,2.483339057761276
mp-1018743,LaNi3Rh2,133.985,85.836,109.911,2.0410411592136413
mp-1018745,LaSbPd,82.992,74.26,78.626,1.8955661820364111
mp-1018751,LaS2,79.562,79.314,79.438,1.9000283014503423
mp-1018752,LaTeCl,55.073,55.044,55.059,1.740828319327094
mp-1018764,Li3HoSb2,44.527,44.404,44.465,1.6480182966516828
mp-1018770,Li3PrBi2,37.333,37.317,37.325,1.571999816397063
mp-1018780,Li3SmBi2,38.288,38.237,38.262,1.5827676673708988
mp-1018786,LiMnSb,30.873,30.544,30.709,1.4872656744192019
mp-1018794,Mg2Ge,48.622,48.545,48.583,1.6864843289791644
mp-1018803,MnCoSb,87.473,86.407,86.94,1.9392196358548182
mp-1018804,MnS2,130.009,123.467,126.738,2.102906849421561
mp-1018809,MoS2,50.906,3.187,27.047,1.4321191010248555
mp-1018814,NdSbTe,58.849,57.915,58.382,1.7662789685911178
mp-1018818,NdTeCl,58.904,58.756,58.83,1.7695988483874465
mp-1018849,OsN,353.873,353.873,353.873,2.548847427858378
mp-1018850,OsC2,370.888,352.585,361.737,2.5583929325216554
mp-1018895,PrFeSi,84.497,69.961,77.229,1.8877804114110295
mp-1018902,PrSbPt,95.101,78.532,86.816,1.938599772081502
mp-1018936,PrSbTe,57.835,56.921,57.378,1.7587454061598637
mp-1018940,PrSe2,69.985,69.935,69.96,1.844849800806639
mp-1018941,PrTeCl,57.873,57.746,57.809,1.7619954568645086
mp-1018948,Re2N,392.627,381.667,387.147,2.587875898267008
mp-1018949,RbMnBi,16.169,15.031,15.6,1.1931245983544616
mp-1019052,ReN,366.211,366.211,366.211,2.5637313852074923
mp-1019054,ReC2,360.291,337.246,348.768,2.542536630902283
mp-1019055,ReN2,384.33,383.776,384.053,2.584391161917615
mp-1019086,CN2,157.639,10.734,84.186,1.9252398750118103
mp-1019087,CaSnHg,42.043,34.063,38.053,1.5803889011088619
mp-1019089,KMgAs,27.67,26.66,27.165,1.4340097093697397
mp-1019097,SiC2,172.415,158.275,165.345,2.2183910664693065
mp-1019100,SmFeSi,89.517,80.099,84.808,1.9284368215017706
mp-1019105,KMgBi,20.185,19.514,19.85,1.297760511099134
mp-1019108,SmCoSi,135.415,72.752,104.084,2.0173839740276542
mp-1019109,SmGeRu,90.674,89.017,89.845,1.953493913021719
mp-1019138,SmSbTe,60.389,59.477,59.933,1.7776660172398966
mp-1019255,SmTlCd,54.265,51.374,52.82,1.7227983968709053
mp-1019259,SrSnHg,38.268,34.056,36.162,1.5582524418515553
mp-1019262,Ta2N3O,251.439,228.998,240.219,2.3806073547272524
mp-1019266,SmTe2,56.918,56.899,56.908,1.7551733228385715
mp-1019272,TaN2,296.478,280.699,288.589,2.4602797732912745
mp-1019277,SrHgPb,33.502,31.02,32.261,1.5086778251654933
mp-1019279,SrZnSn,40.37,34.666,37.518,1.5742396790643123
mp-1019280,SrZnPb,34.687,30.024,32.355,1.5099414041582262
mp-1019317,TcB2,314.676,304.841,309.759,2.491023933590648
mp-1019319,TcN,322.518,322.518,322.518,2.5085539579868685
mp-1019324,TbTe2,58.633,58.631,58.632,1.7681347086850427
mp-1019357,ThAsSe,86.857,86.786,86.821,1.9386247837139319
mp-1019358,ThAsS,97.864,97.829,97.846,1.9905430761520626
mp-1019359,ThSbSe,78.837,78.778,78.808,1.89657030606194
mp-1019360,ThPSe,89.84,89.495,89.668,1.9526374831452433
mp-1019361,ThSbTe,69.133,69.061,69.097,1.8394591919222578
mp-1019362,ThBiTe,65.84,65.7,65.77,1.8180278418592561
mp-1019380,Al3BN4,223.081,223.081,223.081,2.3484625826256402
mp-1019508,AlGa3N4,177.124,177.124,177.124,2.2482774113390294
mp-1019509,B2S2O9,42.173,21.983,32.078,1.5062072830522553
mp-1019541,BaCa3O4,90.795,90.795,90.795,1.9580619329682334
mp-1019544,BaZrO3,147.122,147.005,147.064,2.167506374190479
mp-1019550,BeGeN2,189.465,189.393,189.429,2.2774464666200873
mp-1019551,BaNa2Mg(PO4)2,83.62,81.835,82.728,1.9176525251195535
mp-1019564,Ca6Ge2O,41.392,41.392,41.392,1.6169164113724683
mp-1019573,CaAl2SiO6,131.525,120.575,126.05,2.1005428500124648
mp-1019584,CaAl2SiO6,129.984,121.912,125.948,2.100191275479545
mp-1019740,GaB3N4,302.943,302.943,302.943,2.481360921854843
mp-1019743,Ga3BN4,206.368,206.368,206.368,2.3146423552572477
mp-1020011,Li14P2(N2O)3,83.064,82.983,83.023,1.9191984223682759
mp-1020019,Li2PNO2,88.245,87.083,87.664,1.9428212830906346
mp-1020059,LiGe2N3,123.101,122.436,122.768,2.0890851808566575
mp-1020622,SrZrO3,144.423,140.325,142.374,2.1534306867201183
mp-1020703,SiGeN2O,118.035,117.188,117.612,2.0704516352427245
mp-1021323,LiC12,242.748,37.818,140.283,2.1470050448450104
mp-1021327,KLiICl,16.332,14.243,15.287,1.184322265577157
mp-1021328,H4C,0.79,0.79,0.79,-0.10237290870955855
mp-1021424,KMg6Mo,39.788,39.102,39.445,1.5959919603963821
mp-1021431,CsNaICl,12.292,11.103,11.698,1.0681116170273035
mp-1021478,SrMg6Ti,35.695,35.513,35.604,1.5514987923644668
mp-1021489,IrO3,202.01,202.01,202.01,2.305372868641297
mp-1021499,Cu2Se,77.181,74.523,75.852,1.8799670363753875
mp-1021503,SiO2,275.987,275.987,275.987,2.4408886256839413
mp-1021516,K2Sn,8.242,8.242,8.242,0.9160326101885695
mp-1021672,Sr2CuC(NO)2,78.243,74.708,76.475,1.8835194856567163
mp-1021848,KMg6V,27.208,26.862,27.035,1.4319263739116435
mp-1022051,Mg6CoC,46.987,46.254,46.621,1.6685815847106016
mp-1022116,Mg6CuB,46.198,46.128,46.163,1.6642940246084523
mp-1022207,Mg6FeC,46.335,46.311,46.323,1.6657966776894944
mp-1022488,NaMg6Zr,35.746,35.529,35.637,1.5519011370515952
mp-1022553,Mg6ZrC,44.953,38.482,41.717,1.6203130694023409
mp-1022723,Ce2Cu(NO)2,148.984,142.153,145.569,2.1630688985870874
mp-1022725,Sn,46.107,46.107,46.107,1.6637668653156659
mp-1022726,Ba2CuH6,31.824,30.133,30.978,1.4910533754308664
mp-1022728,Cu3O2,131.228,93.71,112.469,2.0510328336989385
mp-1022804,SrYMg6,31.364,31.341,31.352,1.4962652504700462
mp-1023125,MgCuO2,153.498,98.919,126.208,2.1010868845890798
mp-1023127,Ba4Cu3PbO9,97.683,97.683,97.683,1.9898189890146178
mp-1023128,CuS,104.037,104.037,104.037,2.017187820434346
mp-1023129,KCuCl3,38.496,38.496,38.496,1.5854156056597508
mp-1023132,K2Cu(ClF)2,19.251,18.939,19.095,1.2809196627093367
mp-1023161,CaMg6Mo,43.265,40.231,41.748,1.6206356747952138
mp-1023193,CaMg6Nb,42.652,41.683,42.167,1.6249727039365642
mp-1023208,CaMg6W,45.359,42.474,43.917,1.6426326655052157
mp-1023319,CaYMg6,34.873,34.688,34.78,1.5413295776666938
mp-1023329,CaMg6Zr,38.566,37.957,38.262,1.5827676673708988
mp-1023366,CaYMg6,33.843,33.839,33.841,1.5294431879386512
mp-1023924,MoS2,20.733,0.637,10.685,1.0287745265000883
mp-1023934,MoSe2,16.787,1.737,9.262,0.9667047766578746
mp-1023936,WSe2,17.865,0.582,9.224,0.9649192942866426
mp-1023939,MoS2,29.466,0.605,15.035,1.1771034324365364
mp-1024067,Na2ZnS2,31.937,29.394,30.666,1.4866571313388806
mp-1024071,SiPt2,206.444,203.623,205.034,2.311825884411957
mp-1024954,HoCuSn,80.491,78.713,79.602,1.9009239795222428
mp-1024955,PrNiSb,92.496,84.171,88.333,1.9461229803669517
mp-1024957,TmInCu4,109.749,109.749,109.749,2.040400571771011
mp-1024963,TbCo2B2C,171.642,171.076,171.359,2.2339069190821483
mp-1024984,TbInPt4,161.456,161.456,161.456,2.208054188829633
mp-1024987,HoCu4Ag,104.289,104.289,104.289,2.018238503141445
mp-1024990,LuB2Ir3,252.221,250.992,251.607,2.4007227195199876
mp-1024991,ErCu2,87.498,86.216,86.857,1.938804824957756
mp-1024993,DyB2Ir3,248.125,246.737,247.431,2.393454110351805
mp-1024994,HoCu4Au,110.424,110.424,110.424,2.0430634749764023
mp-1025010,Be5Fe,146.818,146.818,146.818,2.16677930368258
mp-1025017,NdSi2Ru3,177.352,177.348,177.35,2.2488311928079616
mp-1025022,HoInPt4,163.795,163.795,163.795,2.214300640369746
mp-1025028,PrSiAg,80.305,79.094,79.699,1.901452872246721
mp-1025030,ErPt5,190.143,189.41,189.776,2.2782412885622225
mp-1025045,TiGaPd,142.614,137.741,140.178,2.1466798593630334
mp-1025056,ThSi2Ru3,193.924,193.293,193.609,2.286925541812706
mp-1025067,ReGe2,160.279,154.161,157.22,2.1965077919396956
mp-1025069,PrSn2,54.676,52.794,53.735,1.730257253213017
mp-1025071,YbB2Ir3,232.999,232.304,232.651,2.3667049235941886
mp-1025075,TbB2Ir3,247.58,246.277,246.928,2.3925703388425097
mp-1025077,TbSe2,76.396,76.382,76.389,1.8830308247635805
mp-1025096,ErZn2,70.32,69.97,70.145,1.8459967195582496
mp-1025102,CeAl3Pt2,130.725,130.082,130.404,2.1152909131082045
mp-1025105,LuAlGe,84.547,84.224,84.386,1.926270401281129
mp-1025113,DyInPt4,165.87,165.87,165.87,2.219767844658399
mp-1025116,TmCu4Ag,109.243,109.243,109.243,2.0383936181022237
mp-1025123,UNi2B2C,243.517,241.973,242.745,2.385150293184479
mp-1025126,MgSi2,72.686,71.88,72.283,1.8590361690190575
mp-1025134,HoCu4Pd,115.869,115.869,115.869,2.0639672588301634
mp-1025136,EuAl3Cu2,80.103,79.417,79.76,1.9017851453035994
mp-1025150,Cu2WSe4,31.02,30.184,30.602,1.4857498108142526
mp-1025151,Cr2NiSe4,64.05,63.216,63.633,1.8036823986838555
mp-1025154,UTl2O4,45.07,40.184,42.627,1.629684768976202
mp-1025155,LuGa5Co,87.495,87.284,87.39,1.9414617393473297
mp-1025156,NpB6,170.195,170.195,170.195,2.23094679720388
mp-1025158,K2PuO4,54.86,51.904,53.382,1.7273948409519086
mp-1025161,InPPd5,154.668,154.285,154.477,2.1888638266951026
mp-1025165,Zr(VGa2)2,131.998,131.172,131.585,2.119206384805907
mp-1025167,Hf(VGa2)2,133.671,132.859,133.265,2.12471610363175
mp-1025170,Ti3B4,225.314,223.853,224.584,2.3513788126590653
mp-1025172,Ho(TiGa2)2,97.091,96.278,96.685,1.9853591015645373
mp-1025173,Ti(MoS2)2,104.34,104.047,104.193,2.017838542730384
mp-1025176,HfGa5Ni,91.938,88.527,90.233,1.9553653967091962
mp-1025177,Rb2CuF4,35.194,34.958,35.076,1.5450100614050613
mp-1025180,Mn(CrSe2)2,49.716,47.85,48.783,1.6882685045341548
mp-1025181,Tm2Cr2C3,166.87,165.595,166.232,2.220714630072002
mp-1025182,V2FeSe4,67.754,61.995,64.874,1.8120706764776455
mp-1025183,Ho2B4C,166.378,165.276,165.827,2.219655243924437
mp-1025185,Cs2CaCl4,17.306,17.303,17.305,1.2381716036301464
mp-1025187,CdPPt5,198.004,197.131,197.567,2.2957144052578666
mp-1025190,Co2NiSe4,105.204,96.322,100.763,2.003301089195768
mp-1025191,ScGa5Ni,84.754,84.332,84.543,1.9270776546632047
mp-1025192,Ta4C3,292.905,292.905,292.905,2.4667267853172268
mp-1025193,HfGa5Co,104.096,103.215,103.655,2.0155902559719547
mp-1025200,Eu2TiO4,133.074,133.068,133.071,2.1240834205217687
mp-1025201,Rb2PdCl4,10.339,10.324,10.332,1.0141843975012796
mp-1025203,Ti2VSe4,67.774,67.074,67.424,1.8288145139280063
mp-1025205,Y2Re2Si2C,143.761,141.831,142.796,2.1547160421582348
mp-1025207,Ti(CrTe2)2,48.357,47.62,47.988,1.6811326501811465
mp-1025208,Cs2PuO4,42.848,30.483,36.666,1.56426353410347
mp-1025212,InAsPt5,189.226,189.184,189.205,2.2769326090410233
mp-1025213,InPPt5,203.407,203.07,203.239,2.308007049377648
mp-1025218,SiPt5Pb,180.199,177.871,179.035,2.2529379405944003
mp-1025219,Ti2VTe4,47.727,44.355,46.041,1.6631447478371086
mp-1025220,SiAgPt5,197.376,196.816,197.096,2.294677810501893
mp-1025222,ZnPd5Se,136.888,136.532,136.71,2.1358002833021112
mp-1025223,Hf4Al3,116.507,116.177,116.342,2.0657365253511055
mp-1025224,V(CrS2)2,93.823,91.747,92.785,1.967477772083369
mp-1025225,ErGa5Co,86.199,86.177,86.188,1.9354468029874938
mp-1025229,TiGa5Co,109.096,108.501,108.798,2.036620911934337
mp-1025232,V2CrSe4,77.063,75.966,76.515,1.8837465825868682
mp-1025236,Sc(TiGa2)2,97.211,96.53,96.87,1.986189299736824
mp-1025237,Ba2RuO4,96.483,96.462,96.473,1.9844057838957567
mp-1025238,Tm(TiGa2)2,97.193,96.394,96.793,1.9858439505801064
mp-1025241,ScGa5Fe,90.405,89.981,90.193,1.955172832671189
mp-1025242,ScGa5Co,93.093,92.96,93.026,1.9686043472466233
mp-1025246,Er2B4C,168.106,166.64,167.373,2.223685400510561
mp-1025248,TlPd5Se,126.974,126.926,126.95,2.103632705209741
mp-1025252,Cs2MnCl4,17.789,17.789,17.789,1.250151535116612
mp-1025257,TmGa5Co,97.472,97.188,97.33,1.9882467233753784
mp-1025258,ZnPPd5,157.657,157.433,157.545,2.1974046245403764
mp-1025261,MgPPd5,145.074,144.764,144.919,2.1611253285644016
mp-1025263,Ti2NiS4,91.482,90.796,91.139,1.959704259084432
mp-1025264,U2W2C3,193.682,170.114,181.898,2.259827923946722
mp-1025265,Cs2CuF4,25.073,24.295,24.684,1.3924155377423488
mp-1025266,Tb2Cr2C3,156.465,156.413,156.439,2.1943450311622845
mp-1025267,Cs2CaBr4,13.981,13.961,13.971,1.1452274926523938
mp-1025270,GaPPt5,214.27,214.111,214.19,2.3307991908366485
mp-1025271,AlPPt5,218.912,218.892,218.902,2.3402497295213163
mp-1025272,ZnPPt5,209.512,209.102,209.307,2.3207837529948607
mp-1025273,Cs2YbH4,15.902,15.496,15.699,1.1958719894593277
mp-1025274,Cs2NpO4,41.503,27.015,34.259,1.5347746820147736
mp-1025276,Sm2AlNO3,177.685,177.683,177.684,2.249648322433562
mp-1025277,Pr2AlNO3,171.666,171.661,171.663,2.2346766980296437
mp-1025278,V2CrTe4,53.941,53.837,53.889,1.7315001246145556
mp-1025280,Sr2Cu(OF)2,90.917,88.851,89.884,1.9536823910643284
mp-1025281,Ti2NiSe4,69.925,69.317,69.621,1.8427402569741658
mp-1025285,Ce2Re2Si2C,115.308,113.113,114.211,2.057707934113319
mp-1025286,Rb2ZnF4,37.253,37.222,37.238,1.5709863475969332
mp-1025288,TbGa5Co,92.2,91.991,92.096,1.9642407679204923
mp-1025291,Ti(NbSe2)2,83.363,82.181,82.772,1.9178834490791181
mp-1025293,InAsPd5,144.793,144.789,144.791,2.160741567580654
mp-1025296,SnPPd5,154.821,154.077,154.449,2.1887851007508536
mp-1025301,GaPPd5,163.286,163.041,163.164,2.2126243435967226
mp-1025302,HgPPd5,148.78,147.745,148.263,2.1710327835252627
mp-1025304,Zr(TiGa2)2,113.524,111.55,112.537,2.0512953335937727
mp-1025306,AlAsPt5,197.617,197.001,197.309,2.295146895496447
mp-1025309,Pr(Re2Si)2,166.161,165.083,165.622,2.2191180247435516
mp-1025311,CdAsPt5,183.942,183.472,183.707,2.264125705045346
mp-1025313,TiGa5Ni,101.952,100.316,101.134,2.0048971845725156
mp-1025315,Mn(AlTe2)2,28.264,27.573,27.918,1.445884302916911
mp-1025318,Co(NiSe2)2,96.343,94.284,95.313,1.9791521392870386
mp-1025321,Rb2Cr(BrCl)2,19.176,18.974,19.075,1.280464546626918
mp-1025322,V(CoSe2)2,79.633,73.145,76.389,1.8830308247635805
mp-1025323,Dy2Cr2C3,160.482,159.717,160.099,2.2043886192657194
mp-1025324,SiSnPt5,201.499,200.928,201.214,2.303658194630517
mp-1025325,NpGa5Co,100.253,100.209,100.231,2.001002063315146
mp-1025329,TlSiPt5,187.463,185.839,186.651,2.2710303210414207
mp-1025331,In2AgSe4,21.881,20.49,21.185,1.3260284683370085
mp-1025334,Cs2TmH4,17.237,10.881,14.059,1.1479544309308205
mp-1025335,Lu(TiGa2)2,98.705,97.759,98.232,1.9922529863568756
mp-1025338,Tl2CuF4,38.104,34.573,36.339,1.5603729719412658
mp-1025339,Y2Fe2Si2C,125.683,124.277,124.98,2.0968405203313893
mp-1025345,Ti2CrTe4,49.617,49.613,49.615,1.6956129956914914
mp-1025346,GaAsPd5,152.094,152.091,152.092,2.1821063708759523
mp-1025348,TlPPd5,146.285,145.405,145.845,2.1638915448075537
mp-1025349,Sr2ZrO4,117.11,117.104,117.107,2.0685828555378847
mp-1025351,Sr4Bi2O,37.843,37.617,37.73,1.5766868052009955
mp-1025353,TlAsPt5,180.853,180.604,180.729,2.2570278455850237
mp-1025354,Er2Fe2Si2C,133.675,129.671,131.673,2.119496730518713
mp-1025356,ZnAsPt5,194.362,194.037,194.2,2.288249225571986
mp-1025358,Er(Al2Mo)2,134.507,134.28,134.393,2.1283766486244704
mp-1025360,Na2Ti2As2O,65.063,54.762,59.913,1.7775210663909957
mp-1025364,Dy(TiGa2)2,95.466,94.669,95.067,1.9780297892291716
mp-1025365,Sc(VGa2)2,118.589,118.365,118.477,2.0736340487209426
mp-1025370,InSiPt5,199.205,198.523,198.864,2.298556170673881
mp-1025372,Y2Cr2C3,156.457,155.394,155.926,2.1929185379923
mp-1025373,TcF6,6.037,6.037,6.037,0.780821175853473
mp-1025375,YGa5Co,85.962,85.953,85.957,1.9342812496977035
mp-1025377,Cd(AgI2)2,10.123,10.106,10.114,1.0049229492965257
mp-1025378,V2FeTe4,50.105,48.194,49.149,1.6915146859748682
mp-1025379,Tb2B4C,160.863,159.985,160.424,2.205269340805145
mp-1025385,AgPPt5,200.528,199.855,200.192,2.3014467183716976
mp-1025386,HgPPt5,197.361,195.817,196.589,2.2935592135319665
mp-1025390,LaSi2Ag,88.294,86.999,87.646,1.94273210049179
mp-1025393,TmSi2Ni,117.891,115.924,116.907,2.0678405160408575
mp-1025396,NbTl3Se4,18.062,18.062,18.062,1.256765837941647
mp-1025397,GeRu,171.945,171.945,171.945,2.2353895514637525
mp-1025408,TmCoSi2,127.852,120.069,123.961,2.0932850710581308
mp-1025409,TmPt,112.741,107.462,110.101,2.0417912634995417
mp-1025413,ThSi2Ni,132.757,131.529,132.143,2.12104416223207
mp-1025415,CePd7,143.898,143.898,143.898,2.1580547578351466
mp-1025420,SmSi2Ni,103.543,98.908,101.226,2.00529207580683
mp-1025421,SmO3,67.883,67.306,67.594,1.8299081473833696
mp-1025425,Co3H,215.864,215.703,215.784,2.334019239376913
mp-1025431,SmPt,98.477,96.62,97.549,1.989222821688426
mp-1025437,CeBi2SeO4,98.054,93.69,95.872,1.9816917873473348
mp-1025441,Ta2AlC,195.615,195.614,195.615,2.291402153966181
mp-1025448,YPt,104.177,100.128,102.153,2.0092511253915126
mp-1025453,SmSi2Rh,123.938,121.515,122.727,2.08894011823686
mp-1025456,CaZrF6,56.574,56.574,56.574,1.752616886120886
mp-1025457,HfAl5Ni2,126.668,126.628,126.648,2.1025983358887297
mp-1025461,PrBrO2,63.428,57.542,60.485,1.781647684984131
mp-1025473,Li2NdGe,44.328,42.766,43.547,1.6389582413569264
mp-1025478,TbAu3,103.265,99.476,101.371,2.005913730724013
mp-1025497,AlV2C,174.763,174.734,174.748,2.242412213923102
mp-1025500,ZnCu2SnS4,63.565,63.43,63.497,1.802753206957748
mp-1025504,TmGa2Ni,100.754,99.269,100.012,2.0000521122111583
mp-1025524,Zr2TlC,115.756,114.617,115.186,2.061399697036599
mp-1025526,LuAu3,112.858,111.402,112.13,2.049721822152435
mp-1025549,Tl3VSe4,19.502,19.502,19.502,1.2900791521022015
mp-1025550,Ti2GaN,157.13,157.121,157.125,2.196245290694014
mp-1025551,GaPt,167.158,167.158,167.158,2.2231271662873335
mp-1025552,LuGa2Ni,104.244,102.674,103.459,2.014768276348525
mp-1025554,PrSi2Ag,91.888,90.518,91.203,1.9600091240961484
mp-1025557,CoMoP2,213.069,211.782,212.426,2.3272076713806036
mp-1025565,HoO3,72.022,71.465,71.744,1.8557855865788604
mp-1025571,WS2,36.934,1.591,19.263,1.284723924636157
mp-1025575,Mo(WSe3)2,29.04,1.256,15.148,1.1803552964487887
mp-1025799,MoSe2,26.519,1.288,13.904,1.1431397591045913
mp-1025874,MoS2,34.13,0.084,17.107,1.233173855380943
mp-1028698,WSe2,31.763,1.131,16.447,1.216086692421913
mp-1029037,MoW3(SeS3)2,37.721,2.252,19.986,1.3007258830748205
mp-1029251,LiRuN,107.249,101.832,104.541,2.0192866500797417
mp-1029258,Ca(ZnN)2,122.939,122.26,122.599,2.0884869277986025
mp-1029262,VZn2N3,153.136,152.78,152.958,2.1845721963582645
mp-1029267,CaZrN2,160.36,158.817,159.589,2.2030029534060787
mp-1029293,CsVN2,105.401,105.401,105.401,2.022844731297986
mp-1029294,LiSn2N3,83.873,83.155,83.514,1.9217592852212395
mp-1029309,Na2HfN2,50.529,15.74,33.135,1.5202869749271162
mp-1029312,RbVN2,41.892,37.978,39.935,1.6013536887684903
mp-1029313,NaRuN,110.454,79.035,94.744,1.9765517162717785
mp-1029316,Na2ZrN2,54.415,24.345,39.38,1.5952757118020995
mp-1029330,Hf2SeN2,159.856,158.497,159.176,2.201877586936179
mp-1029334,Zn2SbN3,129.785,129.592,129.688,2.112899792777323
mp-1029336,KZnN,41.245,31.745,36.495,1.5622333679864997
mp-1029337,Zr2SeN2,148.585,147.702,148.143,2.170681135173504
mp-1029338,LiV2N3,148.865,146.009,147.437,2.1686064854184175
mp-1029347,KPtN,84.577,47.458,66.018,1.819662363342967
mp-1029349,Y4Se3N2,69.866,65.36,67.613,1.8300302060816689
mp-1029357,NaZnN,71.441,55.964,63.702,1.8041530677408208
mp-1029359,CaHfN2,168.759,167.12,167.939,2.22515156283233
mp-1029368,Mg2VN3,133.661,123.692,128.676,2.1094975520362103
mp-1029374,BaTiN2,145.197,143.401,144.299,2.1592633214192962
mp-1029378,Mg2SbN3,115.133,114.438,114.786,2.059888922090561
mp-1029385,Li2SnN2,115.539,110.365,112.952,2.052893925218966
mp-1029395,LiCrN2,88.824,85.908,87.366,1.9413424522541116
mp-1029396,SrHfN2,115.157,114.299,114.728,2.0596694227965173
mp-1029403,RbGe2N3,130.504,129.218,129.861,2.113478742852229
mp-1029404,KGe2N3,135.695,134.901,135.298,2.131291376823908
mp-1029408,Mg2NbN3,122.919,114.586,118.753,2.0746445898083863
mp-1029420,RbCoN,45.174,34.255,39.714,1.5989436314718473
mp-1029422,NbZn2N3,139.149,138.82,138.984,2.14296480664498
mp-1029424,LiTi2N3,138.908,129.781,134.345,2.128221507666712
mp-1029442,Mg2TaN3,124.833,119.936,122.385,2.0877281921851236
mp-1029448,Li5OsN4,70.391,70.104,70.247,1.8466277817975292
mp-1029457,Ba(CoN)2,116.677,71.647,94.162,1.9738756743440797
mp-1029458,Zn2CrN3,154.642,154.49,154.566,2.1891139680020273
mp-1029469,ZnSnN2,131.515,131.408,131.461,2.118796931556323
mp-1029474,Ca7SiN6,79.517,79.13,79.323,1.899399130883843
mp-1029479,Ca(InN)2,92.935,90.384,91.659,1.962175114780348
mp-1029490,Sr3B3N5,71.806,67.39,69.598,1.8425967597047608
mp-1029498,Li6CrN4,84.63,83.991,84.311,1.9258842404331145
mp-1029520,Mg2CrN3,136.395,112.18,124.288,2.094429199555873
mp-1029522,Li7SbN4,75.104,75.104,75.104,1.8756630679184985
mp-1029531,Sr3ReN3,58.81,58.555,58.683,1.7685123077980693
mp-1029532,Ca2CoN2,74.941,74.155,74.548,1.8724359965399844
mp-1029536,MgZrN2,150.834,148.168,149.501,2.174644097630545
mp-1029537,Ba3RuN3,45.027,44.136,44.581,1.6491498059479655
mp-1029542,Na6MoN4,54.977,54.366,54.672,1.7377649614546875
mp-1029562,Li3InN2,85.511,85.511,85.511,1.9320219852781082
mp-1029573,Ba3GaN3,40.904,34.59,37.747,1.5768824411249778
mp-1029574,Na5OsN4,39.897,39.429,39.663,1.5983855599492438
mp-1029580,Sr4ZrN4,72.938,69.068,71.003,1.8512766988024665
mp-1029592,Li3YN2,80.904,80.904,80.904,1.9079699942325778
mp-1029595,Na3OsN2,41.664,41.109,41.387,1.616863947041849
mp-1029605,Na2MnN2,47.635,40.645,44.14,1.6448323288256363
mp-1029610,Ca3CoN3,80.034,79.028,79.531,1.9005364431814311
mp-1029633,CaSnN2,99.529,91.298,95.413,1.9796075512620182
mp-1029640,Ba3OsN3,48.949,48.839,48.894,1.6892555681876795
mp-1029652,Y3Si6N11,141.97,141.792,141.881,2.1519242407877215
mp-1029655,Sr3WN3,57.165,56.542,56.853,1.7547533863336928
mp-1029656,Na6WN4,53.899,53.482,53.691,1.7299014928147463
mp-1029659,Ca3FeN3,72.432,71.309,71.871,1.8565536875930848
mp-1029660,Ca4ZrN4,87.414,86.578,86.996,1.9394992845971937
mp-1029699,Cs2CN2,19.372,16.249,17.81,1.2506639194632434
mp-1029702,MgTiN2,161.977,161.366,161.671,2.208632124609612
mp-1029726,Li6IrN4,84.078,82.802,83.44,1.9213742954184745
mp-1029730,Ca4HfN4,89.23,88.133,88.682,1.9478354789752574
mp-1029733,Sr3Al3N5,104.839,103.224,104.031,2.017162773171988
mp-1029737,Ca4VN4,89.362,88.326,88.844,1.9486281034426314
mp-1029739,Li6FeN4,76.92,76.4,76.66,1.8845688149183333
mp-1029741,Sr3IrN3,66.065,65.731,65.898,1.818872233984837
mp-1029750,Sr3RuN3,61.748,61.005,61.376,1.7879985811545507
mp-1029756,K3BN2,29.512,29.398,29.455,1.469159027072012
mp-1029776,Li2GeN2,87.901,78.236,83.069,1.919438982379334
mp-1029779,ZnGeN2,150.078,147.679,148.878,2.172830525928742
mp-1029782,Ca3W3N5,111.227,106.369,108.798,2.036620911934337
mp-1029784,Rb2CN2,26.329,25.521,25.925,1.4137187650610785
mp-1029791,MgSnN2,119.958,119.628,119.793,2.078431441173549
mp-1029799,Sr4TiN4,73.379,72.56,72.97,1.8631443462526673
mp-1029826,Li6OsN4,84.784,83.339,84.062,1.924599718510615
mp-1029834,HfMgN2,159.169,155.492,157.33,2.1968115426626764
mp-1029838,SrCrN2,94.972,89.058,92.015,1.9638586304566383
mp-1029868,Sr5(SiN3)2,83.29,79.405,81.348,1.9103468799570673
mp-1029903,LiNbN2,119.786,102.199,110.992,2.045291677155457
mp-1029921,Ca3Al3N5,114.835,110.401,112.618,2.0516078103724515
mp-1029923,Sr2CrN3,89.587,87.823,88.705,1.9479481002286723
mp-1029932,LiVN2,82.326,79.175,80.75,1.9071425310031405
mp-1029943,Ca3GaN3,79.586,79.585,79.585,1.9008312206132814
mp-1030827,Te2Mo3W(Se2S)2,30.763,1.918,16.34,1.2132520521963968
mp-1038767,MgCd,42.267,41.243,41.755,1.6207084880206175
mp-1038814,MgCd,42.487,42.487,42.487,1.6282560667110062
mp-1038879,Ca3Zn,20.037,20.037,20.037,1.3018326981843968
mp-1038915,CaZn,26.749,25.775,26.262,1.4193277969967577
mp-1038916,MgAl3,65.236,64.988,65.112,1.8136610354732021
mp-1038961,CaMg,22.057,21.122,21.589,1.3342325263295998
mp-1038972,MgCd,40.856,39.713,40.284,1.6051325872956372
mp-1038975,MgCd,40.341,40.036,40.188,1.6040963935874917
mp-1039019,MgAl,50.931,45.355,48.143,1.6825331495628313
mp-1039055,Mg3Cd,38.775,38.706,38.741,1.5881708267309689
mp-1039073,Mg3Bi,40.241,40.241,40.241,1.6046687645201794
mp-1039124,MgCd,41.927,41.35,41.638,1.6194898608523323
mp-1039147,CaZn,32.75,32.75,32.75,1.515211304327802
mp-1039198,Mg3Bi,39.493,39.419,39.456,1.5961130549156377
mp-1039208,Ca2Zn,23.007,22.816,22.911,1.360044045322261
mp-1039293,Mg3Cd,38.262,38.208,38.235,1.5824610945249487
mp-1039368,CaMg,21.898,21.041,21.47,1.3318320444362486
mp-1039383,CaMg3,29.072,28.937,29.005,1.4624728698036158
mp-1039385,Ca5Mg,18.174,17.953,18.063,1.2567898819268104
mp-1039434,Mg5Cd,38.095,37.984,38.04,1.5802405082653763
mp-1040467,RbOsO3,197.673,197.673,197.673,2.295947353421947
mp-1041194,CaTiS2,82.618,80.544,81.581,1.9115890244895357
mp-1041411,CaBi4O9,87.3,83.793,85.547,1.9322047841133494
mp-1042098,TiS2,7.823,6.086,6.954,0.8422346863472396
mp-1042127,BiS2,2.272,1.174,1.723,0.23628527744802852
mp-1042151,BaYCuSbO5,102.137,54.015,78.076,1.8925175553960008
mp-1046056,Ba2TlBi2O7,33.917,21.541,27.729,1.4429342077562655
mp-1047016,Zn(AgO2)2,77.689,51.722,64.706,1.810944553405564
mp-1047145,Mg(CuO2)2,81.932,39.042,60.487,1.7816620451495229
mp-1047156,Zn(CuO2)2,81.983,44.463,63.223,1.8008750997372465
mp-1052023,Mg2Cu,60.194,59.657,59.925,1.7776080427056915
mp-1056920,CsI,9.862,9.862,9.862,0.993964998195119
mp-1057286,CsH,8.987,8.987,8.987,0.9536147416906405
mp-1057979,IN,89.968,89.968,89.968,1.9540880661653277
mp-1059256,Pr,32.616,32.593,32.605,1.5132842045434782
mp-1063005,Li,13.655,13.645,13.65,1.1351326513767748
mp-1064272,NaN3,9.038,2.245,5.642,0.7514330818193475
mp-1064554,BiRh,112.206,111.789,111.998,2.049210267342332
mp-1064715,NaN3,106.806,69.637,88.221,1.9455719762719113
mp-1064719,LaNi,67.631,66.977,67.304,1.8280408759075542
mp-1065394,MoN,354.081,346.915,350.498,2.544685544153057
mp-1065811,SnO,99.836,75.281,87.558,1.9422958328538213
mp-1069604,CaSi3Pt,104.693,103.143,103.918,2.016690779738161
mp-1070857,NdSiNi4,167.876,167.41,167.643,2.2243854240049705
mp-1070859,TbSiNi4,152.113,150.628,151.371,2.18004268000987
mp-1071448,CeGaCo,89.269,86.145,87.707,1.9430342563085108
mp-1071541,YbBr2,28.905,28.767,28.836,1.4599350168515248
mp-1072181,FeSb2,67.252,64.596,65.924,1.8190435507100562
mp-1072922,TbSn2,61.217,59.122,60.169,1.7793727936407195
mp-1077102,TmSn2,62.53,60.726,61.628,1.789778073895567
mp-1077232,WN2,362.987,344.125,353.556,2.548458211809904
mp-1077353,TiH2,157.528,156.075,156.801,2.195348828074804
mp-1077723,Zr,89.974,87.574,88.774,1.9482857888651997
mp-1077929,La2CuO4,125.355,123.216,124.285,2.0944187166518913
mp-1078253,MnB4,278.705,268.322,273.514,2.4369795608966394
mp-1078278,CrB4,282.088,267.783,274.936,2.4392316098969786
mp-1078389,MoN,353.035,349.432,351.233,2.545595313169758
mp-1078464,MnGe,142.529,142.529,142.529,2.153903238089086
mp-1078497,YbGa2Ni,74.108,65.452,69.78,1.8437309651120921
mp-1078600,TmAgTe2,42.541,42.532,42.537,1.6287668572312906
mp-1079020,Ge,63.49,60.379,61.934,1.7919291297726698
mp-1079239,Ho6MnTe2,56.241,55.232,55.737,1.7461435894488961
mp-1079348,B3Os2,345.289,330.905,338.097,2.529041317204024
mp-1079437,FeB4,271.623,254.236,262.93,2.419840141416905
mp-1079629,Mg(BC)2,168.015,122.601,145.308,2.1622895252423597
mp-1079630,Ba2TaInO6,140.02,140.02,140.02,2.146190073315927
mp-1079896,Ca2H6Ru,56.915,56.915,56.915,1.7552267401861579
mp-1080664,CrB,305.035,304.835,304.935,2.484207274921296
mp-1087505,U(FeB3)2,202.265,199.945,201.105,2.3034228684357028
mp-1095505,Ti3GeC2,173.602,173.552,173.577,2.2394921780130486
mp-1095534,C,162.128,136.002,149.065,2.1733756844240246
mp-1095591,Tm3(CuSn)4,85.288,84.921,85.104,1.929949972976505
mp-1095682,Fe2Mo,232.373,226.327,229.35,2.3604987444680012
mp-1096799,AlO2,133.845,109.156,121.5,2.084576277934331
mp-1101156,Zr5N5O2,224.285,219.925,222.105,2.3465583354416184
mp-1101329,Tb2SeO2,85.306,83.521,84.414,1.9264144800205225
mp-1101843,PbO2,93.0,91.63,92.315,1.9652722740264037
mp-1102078,DyNi3,132.947,128.824,130.886,2.1168931954590056
mp-1102359,PbO2,78.413,58.837,68.625,1.8364823574581484
mp-1102585,UReB4,277.109,276.627,276.868,2.4422727635227073
mp-1102762,SmAsS,80.001,79.51,79.756,1.901763364693153
mp-1103642,Ag(Mo3Se4)2,52.276,41.921,47.099,1.6730116863413735
mp-1103697,Bi2Pd3Se2,50.873,50.534,50.704,1.7050422218462253
mp-1104008,NdGa6,61.625,59.641,60.633,1.7827090567920032
mp-1105147,Sr2YOsO6,138.825,138.81,138.817,2.142442654548951
mp-1105595,Zn2SiO5,91.424,87.592,89.508,1.9518618531995544
mp-1105622,Cs3CoCl5,11.739,11.451,11.595,1.064270752974006
mp-1105681,In2O3,156.766,156.581,156.673,2.1949941594466362
mp-1105765,NaNbO3,111.645,110.723,111.184,2.0460422943353755
mp-1105780,Bi2O3,33.363,33.358,33.361,1.523239060190306
mp-1105839,Sm(CoB)4,206.75,200.992,203.871,2.309355453165588
mp-1106184,MnB4,281.227,268.117,274.672,2.438814389798143
mp-1106404,Nd(FeB)4,218.112,215.449,216.78,2.336019211951666
mp-1120447,Si,68.415,67.285,67.85,1.8315498519957558
mp-1129406,Ca2Mg5(SiO3)8,84.225,74.713,79.469,1.900197748096617
mp-1180259,MnAsRh,142.779,141.03,141.905,2.151997698023741
mp-1180279,MgF2,52.747,48.049,50.398,1.7024133021955616
mp-1181812,Ca(BH4)2,16.705,15.024,15.864,1.2004127011972463
mp-1183691,CrN,359.813,354.533,357.173,2.5528786215653225
mp-1184554,Hg,7.904,7.849,7.877,0.8963608454693164
mp-1184569,Hg,11.76,11.154,11.457,1.0590709130929803
mp-1184755,K,3.577,3.576,3.576,0.55339751012388
mp-1184761,Ir3Os,359.91,359.91,359.91,2.5561939135728466
mp-1184771,Ir3Rh,323.477,323.477,323.477,2.509843406710474
mp-1184863,K3Mo,6.71,6.71,6.71,0.8267225201689921
mp-1185209,Li2ZnSi,57.67,46.427,52.049,1.7164123899723214
mp-1186018,Na3Au,18.942,18.94,18.941,1.2774029040768269
mp-1186852,Rb3Mg,4.215,4.215,4.215,0.6247975789607612
mp-1186901,Re,364.911,364.886,364.898,2.5621714830101836
mp-1186902,Re3Ir,365.406,365.406,365.406,2.5627756742302514
mp-1186923,Re3Rh,330.507,327.487,328.997,2.5171919377998653
mp-1188121,CsP(HO2)2,22.931,19.965,21.448,1.331386800974823
mp-1188441,TiCu4,141.125,140.965,141.045,2.14935769516421
mp-1188869,Nb2N3,304.099,301.181,302.64,2.4809263282846876
mp-1189355,Zn2SiO5,93.015,90.58,91.797,1.962828488339204
mp-1189451,BeCN2,310.333,310.141,310.237,2.4916935921158023
mp-1190680,Mg(BH4)2,14.66,13.446,14.053,1.147769046260147
mp-1190697,ScFe2,129.998,127.685,128.842,2.1100574577047966
mp-1190963,Pr2Fe17N3,155.732,154.951,155.341,2.1912860965767496
mp-1191390,TmAlB4,185.038,176.976,181.007,2.2576953704635994
mp-1191630,ScCoB4,226.911,220.838,223.874,2.350003658955572
mp-1192758,CaAl2(SiO5)2,107.89,104.156,106.023,2.025400088751118
mp-1196039,CuH10SO9,34.653,27.694,31.174,1.4937925310696667
mp-1196116,Sc2ReB6,227.209,225.594,226.401,2.354878340773843
mp-1196187,Cu2CO5,66.446,57.19,61.818,1.7911149502094212
mp-1196695,Na2Al2(SiO4)3,50.144,42.488,46.316,1.66573104525868
mp-1198750,MgH22SO15,28.801,26.477,27.639,1.4415223258823937
mp-1200331,MgB2H4C8(N4O)2,27.224,27.133,27.179,1.434233473644771
mp-1201205,Li4BH10N3,20.395,20.395,20.395,1.3095237096531134
mp-1205309,LiB,54.879,32.756,43.817,1.6416426395860129
mp-1206441,V5B6,278.031,276.255,277.143,2.4427039137790465
mp-1210846,LuCoB4,219.973,216.324,218.149,2.3387532265115745
mp-1215178,ZrTiB4,243.752,241.516,242.634,2.3849516579393133
mp-1215198,ZrUB24,233.692,232.21,232.951,2.367264579105123
mp-1215209,ZrTaB4,269.707,268.192,268.949,2.4296699338370895
mp-1215211,ZrNbB4,261.21,259.816,260.513,2.415829400139937
mp-1216295,VRe11B4,354.859,354.682,354.771,2.549948112132862
mp-1216375,VCrB4,206.633,196.446,201.539,2.304359099340127
mp-1216398,VCrB2,280.344,278.794,279.569,2.4464890130130548
mp-1216445,V9Cr3B8,272.194,271.522,271.858,2.43434211756482
mp-1216475,V3ReB4,295.448,294.81,295.129,2.47001188629146
mp-1216493,V3Cr3B8,294.462,292.003,293.232,2.4672113625075967
mp-1216667,TiVB4,270.053,265.163,267.608,2.4274990922943007
mp-1216692,TiNbB4,269.993,266.527,268.26,2.4285559202516755
mp-1216966,TiCrB4,281.381,274.428,277.905,2.4438963605696538
mp-1217363,TcRu,307.117,305.033,306.075,2.485827858164971
mp-1217818,TaVB4,295.944,291.372,293.658,2.4678418366399995
mp-1217898,TaTiB4,278.6,275.039,276.819,2.442195895437783
mp-1217924,TaNbC2,309.924,307.664,308.794,2.4896688532174327
mp-1217958,TaCrB4,253.215,237.367,245.291,2.3896816137504433
mp-1217964,TaB2Mo3C2,315.217,315.055,315.136,2.4984980182431658
mp-1217965,TaB2Mo,296.834,296.517,296.676,2.4722824149075118
mp-1217974,TaB4W3,324.669,324.473,324.571,2.511309713572125
mp-1217975,Ta3TiB4,266.591,266.081,266.336,2.4254298729528543
mp-1219503,RuRh,282.341,282.023,282.182,2.450529307256754
mp-1219509,ReOs,386.241,385.54,385.891,2.5864646497921355
mp-1219553,RbBH4,11.822,11.822,11.822,1.0726909550128685
mp-1219652,Rb3H(SeO4)2,19.527,19.058,19.292,1.285377253249845
mp-1220023,OsRu,355.921,355.38,355.651,2.5510240341610206
mp-1220351,NbVB4,289.5,284.766,287.133,2.458083108533789
mp-1220383,NbB4Mo3,297.324,296.928,297.126,2.472940656389585
mp-1220650,Nb4B20Mo11,303.373,303.136,303.254,2.481806538034804
mp-1221393,MoWC2,367.588,363.4,365.494,2.5628802519141813
mp-1221519,Mo2CN,355.211,351.06,353.135,2.5479407635941747
mp-1223655,IrOs,374.867,374.149,374.508,2.573461099255102
mp-1223677,Ir4Os,354.278,354.144,354.211,2.5492620440508986
mp-1223860,IrRu,327.599,326.009,326.804,2.5142873635497787
mp-1224184,HfZrB4,245.503,244.284,244.894,2.388978144868233
mp-1224257,HfTiN2,269.122,269.12,269.121,2.429947587872556
mp-1224263,HfTiB4,248.784,246.145,247.465,2.393513783545397
mp-1224283,HfTaB4,278.513,276.865,277.689,2.443558676531247
mp-1224328,HfNbB4,269.15,267.442,268.296,2.428614197864346
mp-1225884,CsBH4,10.872,10.872,10.872,1.0363094437244378
mp-1226195,Cs3H(SeO4)2,17.697,17.405,17.551,1.2443018662211769
mp-1226242,CrB2W,301.611,300.584,301.097,2.4787064284123397
mp-1226352,Cr2Ir2C,307.984,307.677,307.831,2.488312353153084
mp-1228631,B4OsW,325.961,314.194,320.077,2.5052544678587205
mp-1228634,B4MoIr,298.181,284.902,291.541,2.464699639100684
mp-1228652,B8O,209.678,209.038,209.358,2.3208895608301785
mp-1232339,LiC12,237.381,19.016,128.198,2.1078812498650206
mp-1238815,B4C,238.936,237.111,238.023,2.3766189246635037
mp-1252369,Si3Os,172.928,172.921,172.924,2.237855272881945
mp-1340758,YCuO3,129.718,108.184,118.951,2.0753680974254616
mp-1345518,CaTi2O4,156.889,153.933,155.411,2.191481754942568
mp-1374018,Ca3Sn2O7,128.268,127.942,128.105,2.1075660807988013
mp-1383723,MgBiF6,20.538,11.108,15.823,1.1992888280824057
mp-1386610,Ca2Sn3O8,109.875,105.663,107.769,2.0324938530111716
mp-1389664,Cu2SnSe4,32.71,25.84,29.275,1.4664969037444007
mp-1390196,CoSe2,30.307,30.307,30.307,1.4815429489731033
mp-1390618,SnO2,79.773,5.673,42.723,1.630661741157685
mp-1394400,YSnF5,59.696,50.423,55.059,1.740828319327094
mp-1400172,SbO2,69.332,67.749,68.54,1.8359441000938481
mp-1400520,Ca2CoN2,78.446,65.382,71.914,1.8568134457497572
mp-1402513,Mg2TiN2,111.91,105.997,108.953,2.037239192962341
mp-1402707,Mg2MnN2,112.902,106.578,109.74,2.0403649558600603
mp-1405065,MoS2,60.301,60.301,60.301,1.780324514310646
mp-1406000,YBiO3,123.577,116.189,119.883,2.078757602367898
mp-1407236,CrS2,47.448,47.278,47.363,1.6754392030514795
mp-1408285,TiO2,94.613,78.806,86.709,1.9380641776086214
mp-1412082,AlCuO3,191.884,183.522,187.703,2.2734712138735245
mp-1412249,La2MgTiO6,146.93,144.944,145.937,2.164165414296824
mp-1412687,YSnO3,135.269,135.269,135.269,2.1311982794393534
mp-1413511,AlBiO3,105.509,105.509,105.509,2.0232895068718815
mp-1418444,AlAgO3,134.977,134.977,134.977,2.130259771279629
mp-1418929,YAgO3,152.504,152.504,152.504,2.1832812348640855
mp-1419175,SbO2,63.268,8.829,36.048,1.5568811743797557
mp-1421511,AlSbO3,127.135,127.135,127.135,2.1042651273783055
mp-1424898,YBiO3,113.052,113.052,113.052,2.053278249841756
mp-1426094,AlSnO3,152.634,152.634,152.634,2.1836512857005155
mp-1428312,AgN,147.992,147.992,147.992,2.170238239383065
mp-1430706,WN,333.465,283.243,308.354,2.4890495865118294
mp-1430957,Zn(CoN)2,147.797,125.048,136.422,2.134884412169157
mp-1432347,YCuO3,182.599,182.599,182.599,2.261498394799205
mp-1436662,YTiO3,188.993,188.993,188.993,2.2764457188945557
mp-1443298,YTiO3,166.23,116.661,141.445,2.150587600002347
mp-1444267,Al(SnO2)2,131.505,124.172,127.838,2.106659967572558
mp-1445082,CaSbF6,9.915,5.106,7.511,0.8756977619802079
mp-1475723,TiAlO3,180.192,180.192,180.192,2.255735505660915
mp-1504314,AlCuO3,160.131,160.131,160.131,2.2044754157773965
mp-1,Cs,1.974,1.974,1.974,0.2953471483336179
mp-2,Pd,166.982,166.982,166.982,2.2226696584410193
mp-7,S,2.235,1.512,1.874,0.2727695865517595
mp-8,Re,365.069,365.022,365.046,2.562347594011034
mp-9,Y,39.59,39.59,39.59,1.5975855017522047
mp-10,As,79.731,79.731,79.731,1.9016272111240657
mp-11,As,47.915,14.861,31.388,1.4967636439371923
mp-13,Fe,207.747,206.439,207.093,2.316165419449939
mp-17,Cr,252.155,252.155,252.155,2.4016675842376873
mp-18,Tb,38.74,38.158,38.449,1.5848850489455246
mp-19,Te,22.623,16.088,19.355,1.286793175654974
mp-20,Be,125.076,125.076,125.076,2.097173983814058
mp-23,Ni,173.808,173.808,173.808,2.240069762192599
mp-24,C,387.827,387.827,387.827,2.5886380407994927
mp-25,N2,0.6920000000000001,0.6920000000000001,0.6920000000000001,-0.15989390554324215
mp-26,La,25.925,25.794,25.86,1.4126285205443752
mp-28,Ce,39.339,39.337,39.338,1.5948122759940047
mp-30,Cu,151.394,151.394,151.394,2.180108663681054
mp-32,Ge,57.916,57.916,57.916,1.7627985594405442
mp-33,Ru,310.48,309.645,310.062,2.4914485440459218
mp-34,Si,106.609,106.389,106.499,2.0273455298731524
mp-36,Sc,50.651,50.651,50.651,1.7045880240338067
mp-37,Th,55.005,55.005,55.005,1.740402169016284
mp-38,Pr,32.217,32.215,32.216,1.5080716165993753
mp-42,Ta,195.607,195.503,195.555,2.2912689245819307
mp-44,U,150.101,145.519,147.81,2.1697038169945717
mp-45,Ca,17.224,17.224,17.224,1.236134016815431
mp-46,Ti,112.979,112.908,112.944,2.0528631645516087
mp-47,C,435.393,435.355,435.374,2.6388624899469573
mp-48,C,227.728,4.224,115.976,2.064368125899653
mp-49,Os,400.984,399.836,400.41,2.602504915187369
mp-50,Ta,194.527,194.527,194.527,2.288979889143491
mp-51,Li,13.874,13.874,13.874,1.1422016901635135
mp-56,Ba,8.264,8.254,8.259,0.9169274661129927
mp-64,Ce,45.141,43.197,44.169,1.6451175668065425
mp-66,C,435.156,435.156,435.156,2.63864497602088
mp-67,Sc,54.573,54.493,54.533,1.736659389995781
mp-68,Sm,35.591,35.233,35.412,1.5491504555475843
mp-69,Sm,36.693,36.692,36.692,1.5645713848355594
mp-70,Rb,2.795,2.786,2.79,0.44560420327359757
mp-71,Yb,15.868,15.868,15.868,1.200522191802113
mp-72,Ti,112.955,112.807,112.881,2.0526208481289827
mp-74,Rh,252.9,252.9,252.9,2.4029488293444046
mp-75,Nb,172.165,171.936,172.05,2.235654676956949
mp-76,Sr,10.978,10.978,10.978,1.0405232264455961
mp-78,Ge,69.338,69.3,69.319,1.840852288929149
mp-82,Tl,26.678,26.078,26.378,1.421241863921055
mp-84,Sn,47.262,47.259,47.261,1.6745029066718735
mp-85,In,35.252,35.238,35.245,1.5470975149038937
mp-86,Sm,36.422,36.392,36.407,1.5611848937890889
mp-87,Be,120.143,119.894,120.019,2.079250003897407
mp-88,Dy,40.433,40.06,40.246,1.604722722859099
mp-90,Cr,234.148,233.156,233.652,2.3685695028234024
mp-91,W,302.264,302.264,302.264,2.48038642527123
mp-92,Si,108.333,106.894,107.613,2.0318647386838444
mp-94,Cd,41.965,41.854,41.91,1.6223176608338443
mp-95,Sr,12.611,12.611,12.611,1.1007495256898598
mp-97,Pr,32.211,32.21,32.21,1.5079907248196913
mp-99,Er,44.76,44.76,44.76,1.6508900778563125
mp-101,Ir,345.128,345.128,345.128,2.5379801947368756
mp-102,Co,200.587,200.587,200.587,2.3023027830651905
mp-103,Hf,108.327,108.248,108.287,2.0345763221179722
mp-104,Sb,36.704,28.187,32.445,1.5111477784947727
mp-105,Te,34.909,33.595,34.252,1.5346859353497446
mp-110,Mg,36.66,36.66,36.66,1.5641924606261979
mp-111,Ne,3.177,3.177,3.177,0.5020172148271475
mp-112,Y,41.723,41.712,41.717,1.6203130694023409
mp-113,Tc,296.018,295.997,296.007,2.471301981415112
mp-114,Pu,34.9,34.9,34.9,1.54282542695918
mp-117,Sn,35.858,35.858,35.858,1.554586062884101
mp-118,P,0.978,0.969,0.973,-0.0118871597316481
mp-122,Ba,8.934,8.934,8.934,0.9510459481358198
mp-123,Nd,33.845,33.842,33.844,1.5294816863783811
mp-124,Ag,87.692,87.692,87.692,1.942959975186675
mp-126,Pt,248.014,248.014,248.014,2.394476196758219
mp-128,Ge,56.024,55.597,55.811,1.746719804107614
mp-129,Mo,262.529,262.529,262.529,2.4191772842917967
mp-130,P,61.079,37.591,49.335,1.6931551325383358
mp-131,Zr,93.989,93.673,93.831,1.972346344825883
mp-132,Ca,17.427,17.272,17.349,1.239274447023257
mp-133,Sb,56.475,56.475,56.475,1.7518562395924007
mp-135,Li,13.87,13.87,13.87,1.1420764610732848
mp-136,Fe,296.003,295.207,295.605,2.470711775643102
mp-137,Ge,55.065,52.269,53.667,1.729707318785064
mp-139,Sr,11.543,11.516,11.529,1.0617916391840112
mp-142,Ga,50.194,49.854,50.024,1.6991784156726122
mp-143,Tm,45.526,45.506,45.516,1.6581640887504154
mp-144,Ho,43.161,43.091,43.126,1.6347391785612535
mp-146,V,181.232,181.232,181.232,2.2582348831665104
mp-147,Se,5.331,2.973,4.152,0.6182573448404014
mp-149,Si,88.916,88.916,88.916,1.9489799171735835
mp-153,Mg,36.451,36.445,36.448,1.5616737023990064
mp-156,La,20.188,20.188,20.188,1.3050932960616481
mp-157,P,33.389,7.987,20.688,1.3157185075363187
mp-159,Nd,31.862,31.862,31.862,1.5032730332887871
mp-160,B,212.455,207.99,210.223,2.3226802294212425
mp-162,Yb,14.766,14.766,14.766,1.1692628640864462
mp-165,Si,88.835,88.795,88.815,1.9484863201376814
mp-168,Si,86.24,86.24,86.24,1.9357087478426636
mp-169,C,227.227,4.166,115.697,2.063322097928955
mp-171,VNi3,217.13,217.128,217.129,2.3367178322009288
mp-173,MnAl6,110.79,110.778,110.784,2.044477041859281
mp-178,ThAl,72.41,71.868,72.139,1.8581701177786845
mp-182,SrGa2,42.438,40.036,41.237,1.6152870627502502
mp-188,AlPt3,224.023,224.023,224.023,2.3502926087819414
mp-189,SiRu,203.638,203.638,203.638,2.3088588230282885
mp-191,YRh,106.896,106.896,106.896,2.0289614544096253
mp-193,Zr2Cu,105.775,105.639,105.707,2.024103747579077
mp-195,HoPt3,174.749,174.749,174.749,2.2424146991775213
mp-196,Al5Co2,124.136,124.122,124.129,2.0938732566690965
mp-203,NiTe,116.153,112.738,114.446,2.0586006182575227
mp-213,CaPd,55.058,55.058,55.058,1.7408204314536153
mp-214,ZrRu,180.261,180.261,180.261,2.255901775990846
mp-215,YSb,57.085,57.085,57.085,1.7565220053905515
mp-217,ErTl,57.284,57.284,57.284,1.7580333360678644
mp-218,Sm2O3,130.35,130.35,130.35,2.1151110355043476
mp-219,MoP,223.201,215.455,219.328,2.341094078413754
mp-223,GeO2,34.324,30.554,32.439,1.5110674577100232
mp-224,WS2,53.797,2.8120000000000003,28.304,1.4518478155656478
mp-226,FeS2,145.937,145.937,145.937,2.164165414296824
mp-227,SmCu5,105.315,104.541,104.928,2.0208913949892713
mp-229,ZrRh3,209.808,209.808,209.808,2.32182204386524
mp-230,SbO2,94.216,93.919,94.068,1.9734419104946128
mp-232,DyRh,112.175,112.175,112.175,2.0498960782051117
mp-237,TmTe,66.367,66.367,66.367,1.8219521865904758
mp-238,MnPd,131.934,131.266,131.6,2.1192558892779365
mp-239,BaS3,33.243,32.915,33.079,1.5195523720701603
mp-241,CdF2,95.332,95.332,95.332,1.9792387043182063
mp-242,SrB6,144.836,144.836,144.836,2.160876522207418
mp-246,TiF3,102.445,101.952,102.198,2.009442396801993
mp-248,Fe2N,249.136,248.177,248.656,2.3955989430995244
mp-249,HfAl,117.731,117.611,117.671,2.0706694442214384
mp-250,Mg2Ge,39.618,39.618,39.618,1.5978925476566541
mp-251,TaN,330.533,330.533,330.533,2.519214825402442
mp-252,BeTe,56.315,56.315,56.315,1.7506240884493052
mp-255,NaHg,17.327,17.115,17.221,1.2360583667385543
mp-256,LaN,121.33,121.33,121.33,2.0839681975984155
mp-258,ZrV2,138.858,138.858,138.858,2.1425709057338787
mp-259,AlMo3,224.498,224.498,224.498,2.351212476328951
mp-260,CrB,295.708,294.61,295.159,2.470056030283777
mp-265,TaIr3,323.564,323.564,323.564,2.5099601956624977
mp-266,Zr2Pd,124.384,123.404,123.894,2.093050274657039
mp-274,Nb5Sb4,96.987,96.982,96.984,1.9867000921542541
mp-276,TbNi2,119.456,119.456,119.456,2.0772079682462103
mp-279,LiIr,155.22,128.352,141.786,2.1516333505726224
mp-280,PuC,147.937,147.937,147.937,2.1700768074397287
mp-282,TiF2,109.445,109.445,109.445,2.039195925593209
mp-284,AlCo,178.781,178.781,178.781,2.2523213621466387
mp-288,PtS,139.097,123.283,131.19,2.1179007320645193
mp-291,TiOs,248.343,248.343,248.343,2.395051923122393
mp-292,V3As,195.129,195.129,195.129,2.290321818876993
mp-295,HoAs,77.463,77.463,77.463,1.8890943124049857
mp-300,YbPt3,158.564,158.564,158.564,2.200204592968748
mp-303,BaZn5,47.626,47.61,47.618,1.677771150682378
mp-305,TiFe,198.715,198.715,198.715,2.298230651062266
mp-306,B2O3,42.59,23.739,33.164,1.5206669064729443
mp-308,U3O8,164.596,162.74,163.668,2.2139637754294803
mp-309,ThAg2,85.295,82.581,83.938,1.9239586170161467
mp-313,YC2,118.778,107.842,113.31,2.0542682395471874
mp-314,Th3Ge2,85.641,85.616,85.628,1.932615800390958
mp-315,PbF2,67.722,67.722,67.722,1.8307297754283016
mp-316,MnV,243.086,243.086,243.086,2.385759947334373
mp-317,SnRh,140.398,140.398,140.398,2.1473609212186413
mp-318,SrIr2,146.445,146.445,146.445,2.1656745483666864
mp-319,Sm2Tl,48.58,48.112,48.346,1.6843605477098162
mp-321,RhPb2,80.124,80.122,80.123,1.9037572019676925
mp-322,TlS,23.953,22.193,23.073,1.3631040660746356
mp-323,LaF3,127.735,127.523,127.629,2.105949366461901
mp-328,Zr2Ni,118.584,117.031,117.807,2.0711710966569616
mp-331,ScAl,78.486,78.486,78.486,1.8947921960447727
mp-334,LaF3,101.426,100.955,101.191,2.005141887759205
mp-335,BaGa4,47.993,47.242,47.617,1.6777620302018421
mp-341,PbF4,45.491,16.548000000000002,31.019,1.4916277927850559
mp-342,SmTe,60.983,60.983,60.983,1.785208785253995
mp-343,PrN,133.177,133.177,133.177,2.1244292275701895
mp-344,BN,263.723,96.715,180.219,2.255800575545204
mp-345,HfB,172.719,172.719,172.719,2.23734011487655
mp-348,TmPd,97.651,97.651,97.651,1.989676695061233
mp-349,Yb3Si5,52.433,52.405,52.419,1.7194887316311005
mp-350,Zr5Te4,68.345,68.322,68.334,1.8346368433347593
mp-351,SiNi,167.313,162.325,164.819,2.2170072748339384
mp-352,HfO2,209.068,200.74,204.904,2.311550436492808
mp-355,Nd5Si4,65.48,63.483,64.481,1.8094317640810644
mp-357,SmPd3,120.483,120.483,120.483,2.080925772827615
mp-361,Cu2O,111.715,111.715,111.715,2.048111489855652
mp-362,Ni3S2,127.151,126.706,126.928,2.1035574369421024
mp-363,NbGe2,145.777,142.703,144.24,2.1590857137143455
mp-364,AlRh,194.408,194.408,194.408,2.2887141324234266
mp-365,MgB4,161.517,155.877,158.697,2.2005687169516945
mp-370,CdS,71.97,71.97,71.97,1.857151502687493
mp-372,VPt3,237.489,237.489,237.489,2.3756434988032638
mp-374,CrB2,263.508,255.897,259.702,2.4144752942023455
mp-375,UO3,153.034,153.034,153.034,2.184787929980734
mp-376,PrSn3,56.073,56.073,56.073,1.748753792206785
mp-377,LuRh,122.628,122.628,122.628,2.0885896451994914
mp-378,ErSi,94.177,94.171,94.174,1.9739310172821256
mp-379,AgSe,50.145,50.145,50.145,1.7002276356482497
mp-380,ZnSe,56.285,56.243,56.264,1.7502306044053497
mp-381,SiRu,257.369,257.369,257.369,2.4105562351102447
mp-384,MgP4,58.095,56.831,57.463,1.7593882956802058
mp-389,SiPd,152.259,149.994,151.127,2.1793420613177372
mp-390,TiO2,186.874,181.619,184.247,2.2654004251929467
mp-392,U3Sb4,75.787,75.787,75.787,1.8795947160217494
mp-395,ZrAl3,102.818,102.591,102.705,2.011591586923
mp-397,KCd13,38.647,38.647,38.647,1.587115787154395
mp-398,ErGa3,73.646,73.646,73.646,1.867149163600874
mp-399,Te2Pt,55.357,34.994,45.176,1.6549077747288228
mp-400,NdAl2,72.11,72.11,72.11,1.857995495560924
mp-401,Sc2S3,56.007,55.857,55.932,1.7476603489802105
mp-402,CdP2,55.204,54.788,54.996,1.7403311032924114
mp-404,MnTe,47.467,46.075,46.771,1.6699766555582602
mp-406,CdTe,35.041,35.041,35.041,1.5445764915681006
mp-408,Mg2Ge,49.429,49.429,49.429,1.693981824321287
mp-409,NaS,26.858,26.857,26.857,1.4290574991662477
mp-410,YbPt2,141.375,141.375,141.375,2.150372617933512
mp-413,UP2,119.667,117.077,118.372,2.0732489854647143
mp-415,IrN2,341.901,337.289,339.595,2.53096128731869
mp-416,Cr3Os,279.999,279.999,279.999,2.4471564802877284
mp-417,MnRh,183.708,183.708,183.708,2.264128069099519
mp-419,YbB6,154.194,154.194,154.194,2.18806747476819
mp-422,BeS,92.273,92.273,92.273,1.9650746407181203
mp-423,GePd2,155.208,150.311,152.76,2.18400964970128
mp-425,GdB2,153.875,153.057,153.466,2.186012173637635
mp-426,CoSe,132.775,132.723,132.749,2.1230312582196635
mp-427,FeAs,161.946,158.722,160.334,2.2050256274486766
mp-428,PrMg3,38.445,38.445,38.445,1.5848398652399251
mp-429,ZnNi,144.716,144.674,144.695,2.1604535241395824
mp-430,TiO2,162.17,153.817,157.994,2.1986405944457563
mp-432,NbRu,234.553,234.399,234.476,2.370098396727099
mp-433,DyAl,64.613,64.375,64.494,1.8095193132694167
mp-435,ThSn3,68.417,68.417,68.417,1.8351640269959277
mp-436,SmRh,101.019,101.019,101.019,2.0044030650609925
mp-437,MgAu,81.405,81.405,81.405,1.9106510806351575
mp-438,Nd2S3,74.77,73.984,74.377,1.8714386570866632
mp-441,Rb2Te,11.393,11.393,11.393,1.0566380973796525
mp-443,CaAu2,70.517,61.085,65.801,1.818232493783892
mp-446,Cr3Pt,242.7,242.7,242.7,2.385069776331935
mp-448,CoN,248.591,248.591,248.591,2.3954854013728393
mp-449,Fe5Si3,178.398,173.265,175.831,2.245095446062306
mp-450,NbB2,287.537,285.587,286.562,2.4572185995837277
mp-451,ZrB,160.149,160.149,160.149,2.204524231193173
mp-452,CoAs3,108.351,108.351,108.351,2.034832923892826
mp-454,NaGa4,39.261,39.186,39.224,1.5935518802381219
mp-458,Ti2O3,215.156,213.631,214.394,2.331212627087181
mp-460,PrZn,50.277,50.277,50.277,1.7013693556822556
mp-463,KF,29.839,29.839,29.839,1.4747842644521352
mp-464,HoSe,82.998,82.998,82.998,1.9190676273227136
mp-467,Th3N4,156.194,137.878,147.036,2.167423679559197
mp-468,AlF3,47.118,31.119,39.119,1.5923877443764842
mp-470,GeO2,211.214,194.617,202.915,2.3073141523879115
mp-471,CdAs2,37.513,35.941,36.727,1.564985454981382
mp-475,SnP,73.018,73.018,73.018,1.8634299332308102
mp-477,SmGa2,74.609,69.094,71.852,1.8564388612228557
mp-480,ErPt2,166.753,166.753,166.753,2.222073655912279
mp-481,ScPt3,198.156,198.156,198.156,2.297007226947477
mp-484,Te3As2,19.654,10.79,15.222,1.1824717176053743
mp-485,ZrNi3,174.598,172.401,173.5,2.2392994791268923
mp-486,NiP2,132.914,93.135,113.025,2.0531745157063317
mp-487,MnP4,138.158,135.862,137.01,2.136752266326663
mp-488,CuSe,65.772,63.671,64.721,1.8110452189121078
mp-489,Ge4Ir,108.76,108.481,108.621,2.0359137967302487
mp-492,TiN,278.511,278.511,278.511,2.4448423526334797
mp-495,LuGa3,68.978,68.978,68.978,1.838710597953147
mp-496,SrSi2,58.246,58.246,58.246,1.7652661058770105
mp-500,TaSe2,41.749,4.947,23.348,1.3682496846381222
mp-501,TaSe2,38.23,11.151,24.691,1.3925386794696881
mp-503,ThS,118.095,118.095,118.095,2.072231510497701
mp-504,CuS,80.165,78.936,79.551,1.9006456433383794
mp-507,SiNi2,204.724,201.232,202.978,2.3074489689655793
mp-514,HfZn2,110.274,110.274,110.274,2.0424731281466495
mp-516,LuSb,63.1,63.1,63.1,1.8000293592441343
mp-517,TaSi2,185.973,183.429,184.701,2.2664692467846175
mp-522,CuAu,141.111,135.292,138.201,2.140511185533915
mp-523,CrS,63.553,61.409,62.481,1.7957479717496292
mp-527,BaCd,19.668,19.668,19.668,1.2937601996181238
mp-534,B13N2,246.654,246.544,246.599,2.3919913111268563
mp-535,Fe4N,193.027,193.027,193.027,2.2856180609812395
mp-538,CaAg,35.619,33.017,34.318,1.5355219699029694
mp-539,Ga2S3,32.423,30.028,31.225,1.4945024470461732
mp-541,Ta3Sb,187.381,187.381,187.381,2.2727255523282355
mp-542,SrHg,27.259,27.259,27.259,1.4355099196406986
mp-546,HoRh2,156.517,156.517,156.517,2.1945615150788087
mp-548,NbCr2,228.632,228.632,228.632,2.3591370154329008
mp-549,ScSb,65.333,65.333,65.333,1.815132600842988
mp-550,Al12Mo,91.875,91.875,91.875,1.9631973520922512
mp-551,BaAl2,42.631,42.631,42.631,1.629725520059476
mp-555,Fe8N,185.503,184.506,185.005,2.2671834659330994
mp-556,ZrNi,139.608,138.565,139.087,2.1432865398259433
mp-557,TeO2,31.527,30.975,31.251,1.494863918881161
mp-559,YPd3,124.541,124.541,124.541,2.095312348560091
mp-560,TmAu2,106.265,104.064,105.164,2.021867096499461
mp-562,Sb2Pt,105.593,105.593,105.593,2.0236351287836136
mp-563,C3N4,383.458,383.458,383.458,2.5837178027905185
mp-564,TePd,98.016,97.9,97.958,1.9910399095903786
mp-565,Sn2Rh,107.82,107.684,107.752,2.032425339908433
mp-568,TiSb2,89.664,88.698,89.181,1.9502723378504014
mp-570,NdTe,58.456,58.456,58.456,1.7668290943371607
mp-572,SmCd,51.061,51.061,51.061,1.7080893159564645
mp-573,Ni3Se4,90.676,86.546,88.611,1.9474876377196693
mp-574,Ta2Co,213.65,213.614,213.632,2.3296663063271152
mp-576,B13C2,224.211,222.08,223.146,2.348589106307638
mp-578,GaAg2,82.709,82.514,82.611,1.9170378792965581
mp-579,CrC,110.843,110.843,110.843,2.0447082715834357
mp-580,PuB2,124.683,116.273,120.478,2.0809077493930355
mp-582,CeIr2,195.743,195.743,195.743,2.2916862401259923
mp-590,NiAs,128.859,105.576,117.218,2.0689943070782415
mp-592,TiRu,215.387,215.387,215.387,2.333219487269101
mp-594,NiS,134.159,134.158,134.158,2.127616575273058
mp-597,TiNi,153.156,149.561,151.359,2.180008249766514
mp-601,PrP,75.919,75.919,75.919,1.8803504789589867
mp-602,Te2Mo,29.941,3.947,16.944,1.2290159427634098
mp-603,Be2Ag,125.633,125.633,125.633,2.0991037304480162
mp-606,U3As4,100.456,100.456,100.456,2.001975881244265
mp-608,TiCo3,142.93,142.93,142.93,2.155123393710712
mp-613,Te2Pd3,108.562,104.111,106.336,2.026680319598617
mp-615,YMg,41.771,41.771,41.771,1.62087487242297
mp-617,PtO2,81.336,0.897,41.116,1.6140108573873608
mp-623,HgPt,143.372,143.355,143.364,2.156440109740573
mp-625,Mg3Ru2,105.762,105.762,105.762,2.0243296548945064
mp-627,NpSe,76.476,76.476,76.476,1.8835251645274906
mp-628,Zr2Co,114.424,106.222,110.323,2.042666063045703
mp-631,TiC,251.478,251.478,251.478,2.4004999977556998
mp-633,LaSn3,56.392,56.392,56.392,1.7512174975598185
mp-634,HgS,9.743,8.869,9.306,0.9687630481972486
mp-635,ScRh3,185.005,185.005,185.005,2.2671834659330994
mp-637,YB4,177.715,177.122,177.419,2.249000127070139
mp-638,SrZn5,52.946,51.606,52.276,1.7183023492912977
mp-641,As2S3,10.214,1.725,5.969,0.7759015788916743
mp-643,ThO2,188.295,188.295,188.295,2.274838787880499
mp-645,TbP,85.585,85.585,85.585,1.9323976550034643
mp-646,PrCd,47.806,47.806,47.806,1.6794824071427308
mp-647,NbS,180.005,176.296,178.15,2.2507858266870344
mp-648,Na2S,28.189,28.189,28.189,1.4500796696216884
mp-649,FePt3,263.838,263.838,263.838,2.4213373461830394
mp-650,Be5Pd,142.084,142.084,142.084,2.152545175021481
mp-656,LuS,104.585,104.585,104.585,2.019469400741885
mp-657,YbZn2,47.299,46.856,47.078,1.6728180045661816
mp-661,AlN,195.038,194.202,194.62,2.2891874682207343
mp-662,NiSe,119.227,118.737,118.982,2.0754812648214527
mp-663,NdGe,71.497,71.131,71.314,1.8531747966947585
mp-665,SnSe2,21.138,2.045,11.592,1.0641583724631183
mp-668,PrGa2,70.914,67.207,69.061,1.8392328626224363
mp-669,ThAl2,89.305,84.232,86.769,1.9383645923004351
mp-672,CdS,53.117,53.115,53.116,1.7252253622308817
mp-673,HoNi2,124.103,124.103,124.103,2.0937822800297368
mp-674,LaPd3,109.965,109.965,109.965,2.0412544785617674
mp-675,ZrW2,213.964,213.964,213.964,2.3303407083185554
mp-676,CaN6,50.0,43.39,46.695,1.6692703797381965
mp-679,Er2O3,145.923,145.923,145.923,2.1641237496442423
mp-682,NaF,46.136,46.136,46.136,1.664039938402841
mp-691,SnSe,25.456,22.222,23.839,1.3772880336357036
mp-692,Tb2C,58.0,55.028,56.514,1.7521560472810582
mp-693,Pr3Tl,40.884,40.884,40.884,1.6115533796155022
mp-694,VSe2,27.277,8.68,17.979,1.2547655324161473
mp-696,SiPt,173.874,173.469,173.672,2.2397298056336328
mp-697,SnO2,192.235,192.235,192.235,2.283832462016354
mp-700,GeSe,22.381,16.64,19.51,1.290257269394518
mp-706,HgF,39.642,22.432,31.037,1.4918797362198082
mp-708,LaAs,66.566,66.566,66.566,1.8232524606602374
mp-710,SmP,80.277,80.277,80.277,1.9045911342714745
mp-712,YCu,70.25,70.25,70.25,1.8466463285771175
mp-715,ZrIr2,245.659,245.659,245.659,2.3903326796401356
mp-717,B2O3,172.057,165.658,168.858,2.2275216410659016
mp-718,SnPd3,145.871,145.871,145.871,2.1639689602154117
mp-720,TlF,8.073,5.582,6.828,0.834293512442696
mp-721,TbCd,54.797,54.797,54.797,1.7387567825882035
mp-725,RhO2,239.205,230.613,234.909,2.370899656094169
mp-726,SeO2,19.757,15.468,17.612,1.245808676787488
mp-728,Li2Pd,52.42,48.977,50.698,1.7049908270631942
mp-729,Cr3Si,246.829,246.829,246.829,2.3923961837245686
mp-730,P2Pt,175.121,175.121,175.121,2.243338228534989
mp-731,Mg3Hg,42.682,42.573,42.628,1.6296949571055064
mp-733,GeO2,39.135,36.586,37.861,1.5781920805402574
mp-736,Li3P,39.582,39.455,39.519,1.5968059465437126
mp-738,Sb2Au,72.555,72.555,72.555,1.8606673464441366
mp-739,TiP,139.599,138.571,139.085,2.1432802948482763
mp-741,HfO2,229.231,220.567,224.899,2.3519875243753945
mp-742,Ti2Cu,131.237,130.619,130.928,2.1170325338320217
mp-743,RbN3,18.111,17.862,17.987,1.2549587346578492
mp-744,HoP,88.424,88.424,88.424,1.9465701570144947
mp-745,ThMg2,50.194,50.194,50.194,1.7006518063357177
mp-747,BaPt2,103.144,103.144,103.144,2.013443969655946
mp-749,SmN,145.3,145.3,145.3,2.1622656142980214
mp-753,ZnSb,47.798,47.667,47.732,1.6788096319519625
mp-754,Te2Rh,95.422,95.422,95.422,1.9796485149252876
mp-755,CoSb2,100.305,97.353,98.829,1.9948844009838613
mp-756,TbAl2,79.498,79.498,79.498,1.900356202871695
mp-757,Li3As,34.872,34.746,34.809,1.541691546963688
mp-759,La2Sb,49.851,49.375,49.613,1.6955954887586915
mp-760,FeSe2,125.794,125.142,125.468,2.0985329752552624
mp-763,MgB2,151.6,143.268,147.434,2.168597648446007
mp-766,As2Ru,152.996,148.764,150.88,2.178631675393253
mp-767,Yb3Ge5,44.175,43.492,43.833,1.6418011954739224
mp-768,TmAl3,77.938,77.938,77.938,1.8917492569851764
mp-771,MnAl,128.984,116.074,122.529,2.0882388891040464
mp-772,TmSi2,90.15,88.763,89.456,1.9516094749145976
mp-774,CaNi5,126.465,103.677,115.071,2.060965887253864
mp-776,LaCd,45.631,45.631,45.631,1.6592599864084947
mp-778,Fe2P,219.1,218.97,219.035,2.3405135170883358
mp-782,Te2Pd,55.094,51.012,53.053,1.7247099470801077
mp-786,MnSb,56.906,56.743,56.824,1.7545318016639986
mp-788,CoTe,114.482,112.917,113.699,2.0557566450185023
mp-790,LuPt3,182.998,182.998,182.998,2.2624463433167126
mp-793,Ca5Si3,40.879,40.316,40.597,1.608493941666254
mp-795,LiSi,52.357,52.281,52.319,1.7186594345013728
mp-797,DyPd3,127.136,127.136,127.136,2.104268543375269
mp-800,TmB2,175.11,174.904,175.007,2.2430554201181443
mp-801,Mo3Os,290.754,290.754,290.754,2.463525698175991
mp-804,GaN,172.144,172.144,172.144,2.2358918901699267
mp-810,NiSb,108.461,107.785,108.123,2.0339180872058455
mp-811,BaPt5,150.943,144.526,147.734,2.169480456808933
mp-814,DySe,81.802,81.802,81.802,1.9127639219885055
mp-817,TmTl3,46.269,46.269,46.269,1.6652901133063587
mp-818,SiRh,201.301,189.797,195.549,2.2912555993953223
mp-819,HfCr2,188.948,188.948,188.948,2.2763422993037836
mp-820,HgSe,42.533,42.533,42.533,1.6287260160903738
mp-823,TiCo,351.113,351.113,351.113,2.545446909567159
mp-825,RuO2,256.936,247.527,252.231,2.40179846170405
mp-827,KN3,20.881,20.154,20.517,1.3121138584526923
mp-828,SiNi3,209.083,209.083,209.083,2.320318722887826
mp-829,AlPd,155.221,155.221,155.221,2.190950477019804
mp-830,GaN,171.704,171.704,171.704,2.234780412561574
mp-832,HoPd,94.522,94.522,94.522,1.9755329023358548
mp-833,CaPd2,93.613,93.613,93.613,1.971336163227738
mp-834,ThN,176.864,176.864,176.864,2.247639442901681
mp-836,TbZn,57.624,57.624,57.624,1.7606034017686334
mp-838,Cu3Sn,149.365,149.365,149.365,2.1742488432114024
mp-839,V3Au,186.748,186.748,186.748,2.271255959383742
mp-840,SmRh2,146.007,146.007,146.007,2.164373677623461
mp-841,Li2O2,72.955,72.346,72.65,1.8612356186340404
mp-842,CaPt2,132.905,132.905,132.905,2.1235413197806756
mp-844,Ca3N2,67.434,67.434,67.434,1.8288789215986967
mp-846,Hf2Al3,114.238,114.233,114.235,2.0577991860293428
mp-850,ScNi2,142.02,142.02,142.02,2.152349508312726
mp-851,ErPd,95.906,95.906,95.906,1.9818457780296803
mp-853,ErNi5,151.9,151.572,151.736,2.1810886311922317
mp-855,MgBe13,99.848,99.848,99.848,1.999339370181555
mp-856,SnO2,176.318,167.548,171.933,2.2353592410991174
mp-858,TmAl2,83.144,83.144,83.144,1.9198309142782033
mp-861,Hf2Ni,142.306,139.159,140.732,2.1483928596471507
mp-862,CaSi2,62.331,55.162,58.747,1.7689856936380386
mp-865,CaB6,146.893,146.893,146.893,2.167001100529485
mp-867,ErCd,59.501,59.501,59.501,1.7745242647341364
mp-869,TaAl3,132.439,132.39,132.414,2.1219339050531727
mp-871,FeSi,201.745,201.745,201.745,2.304802780076547
mp-872,BaSn,28.5,28.273,28.386,1.4531041984322088
mp-873,VPd3,190.818,190.814,190.816,2.280614787665645
mp-875,AlOs,236.689,236.689,236.689,2.374178074784558
mp-877,Er2In,56.247,55.695,55.971,1.747963066252848
mp-879,La3Te4,50.175,50.175,50.175,1.7004873811595231
mp-881,NpSn3,54.068,54.054,54.061,1.7328840748526284
mp-883,HoN,167.77,167.77,167.77,2.2247143045303974
mp-884,NdSi2,82.467,81.161,81.814,1.9128276264402972
mp-886,Ga2O3,156.516,154.573,155.545,2.191856055256293
mp-888,CaAs,46.169,46.098,46.134,1.66402111128755
mp-889,Cr3B4,301.792,299.627,300.71,2.4781478706432734
mp-890,NdIr2,183.307,183.307,183.307,2.2631790498139717
mp-891,TaNi3,218.13,218.119,218.124,2.338703453263817
mp-892,ScPt,137.028,137.028,137.028,2.136809319003193
mp-893,ZrSi,141.868,141.587,141.728,2.151455658604665
mp-894,ZnPt,174.463,173.929,174.196,2.241038178238392
mp-898,HoAl3,76.784,75.725,76.254,1.8822626300826122
mp-900,RhSe,139.184,136.877,138.031,2.1399766343505293
mp-902,BaZn,20.356,20.356,20.356,1.3086924422012571
mp-903,ZrCr2,180.27,180.27,180.27,2.255923458732901
mp-905,LaF3,102.33,101.894,102.112,2.0090767825134166
mp-909,As2Se3,12.244,2.793,7.518,0.8761023213777936
mp-910,NbC,296.238,296.238,296.238,2.4716407669866474
mp-912,LaPt2,143.888,143.888,143.888,2.1580245760693844
mp-915,YCd,56.99,56.99,56.99,1.7557986569738306
mp-917,CaC2,58.078,57.209,57.644,1.7607541095058237
mp-919,HoTe,65.126,65.126,65.126,1.8137544048856635
mp-921,YRh2,152.291,152.291,152.291,2.1826742384257973
mp-922,CoPt3,227.99,227.99,227.99,2.35791579857913
mp-925,VN,316.753,316.753,316.753,2.5007207368223323
mp-927,CuP2,88.269,87.094,87.682,1.9429104473795458
mp-930,ZrP,135.366,135.366,135.366,2.131509595910235
mp-931,ThP,112.228,112.228,112.228,2.0501012234836407
mp-932,ScGa3,73.065,73.065,73.065,1.8637093886274512
mp-933,YAs,75.352,75.352,75.352,1.8770947838893584
mp-936,Hg4Pt,60.904,60.904,60.904,1.7846458167852552
mp-938,GeTe,37.905,28.127,33.016,1.5187244558693596
mp-944,AlB2,196.75,183.919,190.335,2.279518656438449
mp-945,NiPt,217.073,216.219,216.646,2.335750674935293
mp-946,PrIr2,179.692,179.692,179.692,2.254528742477954
mp-947,Au2S,66.577,66.577,66.577,1.8233242216887826
mp-948,ZnTe,53.63,53.63,53.63,1.7294077969630681
mp-949,CoPt,218.832,217.668,218.25,2.3389542523776075
mp-950,NaZn13,64.356,64.356,64.356,1.8085890430106928
mp-951,CeRh2,144.079,144.079,144.079,2.158600685541703
mp-952,MoPt2,271.919,271.684,271.801,2.434251050239312
mp-953,NbZn3,118.284,118.284,118.284,2.0729260026020873
mp-954,BaB6,141.127,141.127,141.127,2.149610109638492
mp-956,U3Si,141.509,140.979,141.244,2.1499700081924553
mp-957,HgSe,57.045,57.045,57.045,1.7562175844672636
mp-959,LaAl3,62.476,61.451,61.963,1.7921324363935758
mp-960,B2Mo,305.194,301.658,303.426,2.482052791917868
mp-963,ZrO2,215.952,208.112,212.032,2.326401409865847
mp-965,TbB2,160.34,160.272,160.306,2.20494977761382
mp-971,K2O,27.218,27.218,27.218,1.4348562097403752
mp-972,MnSe,44.652,44.652,44.652,1.649840916069159
mp-973,U2N3,204.398,192.78,198.589,2.297955188914619
mp-975,SF6,5.711,5.385,5.548,0.7441364524012473
mp-976,V6Si5,186.289,185.513,185.901,2.269281725938191
mp-977,LuIn3,54.557,54.557,54.557,1.7368504811633279
mp-979,ZrSb2,81.633,81.461,81.547,1.9114079885840072
mp-980,USi2,122.842,118.737,120.789,2.082027385801496
mp-981,SrF2,65.882,65.882,65.882,1.8187667747080942
mp-982,TmPd3,132.296,132.296,132.296,2.121546713392419
mp-984,BN,200.265,4.649,102.457,2.0105416353338015
mp-985,TmCu,74.896,74.896,74.896,1.874458623783367
mp-986,CeZn,35.292,35.292,35.292,1.5476762705546943
mp-987,ZnCu,116.179,116.179,116.179,2.0651276340067017
mp-988,Si3N4,234.755,234.383,234.569,2.370270616396198
mp-990,HoAu2,101.95,99.714,100.832,2.0035983814939056
mp-991,WN,376.541,373.799,375.17,2.57422810328016
mp-992,CaGa2,48.763,26.457,37.61,1.5753033334223991
mp-993,DySi2,87.88,86.223,87.052,1.9397787533854112
mp-994,YP,85.85,85.85,85.85,1.9337402994969353
mp-996,OsO2,288.276,274.124,281.2,2.4490153163477864
mp-998,Al2Cu,110.885,104.288,107.587,2.031759797637521
mp-1000,BaTe,28.286,28.286,28.286,1.4515715370380673
mp-1005,FeP,212.361,202.504,207.432,2.3168757547116816
mp-1007,DySb,60.478,60.478,60.478,1.7815974206656746
mp-1010,MnB4,284.117,267.996,276.056,2.440997190847914
mp-1014,ZrMn2,168.2,147.754,157.977,2.1985938622697057
mp-1017,Zr3O,132.969,132.936,132.953,2.1236981413572904
mp-1020,TaRh3,260.037,260.037,260.037,2.415035147019184
mp-1022,K2S,18.259,18.259,18.259,1.2614769886213744
mp-1025,ThAu2,113.252,101.591,107.422,2.0310932338789707
mp-1027,HfRh3,215.169,215.169,215.169,2.3327797014798173
mp-1028,V3Te4,49.295,49.159,49.227,1.6922033697328374
mp-1029,BaF2,54.086,54.086,54.086,1.7330848638202554
mp-1031,GdCd,53.093,53.093,53.093,1.7250372656808735
mp-1032,Ta2B,248.94,248.876,248.908,2.3960388552265965
mp-1037,PrPt5,181.805,181.19,181.498,2.2588718437316384
mp-1038,MgCu2,91.482,91.482,91.482,1.9613356506818589
mp-1039,MgTe,33.954,33.954,33.954,1.5308909443189718
mp-1042,HfSi,151.561,151.123,151.342,2.1799594689154427
mp-1044,UIr3,303.949,303.949,303.949,2.4828007188828343
mp-1045,Nd2O3,124.063,124.063,124.063,2.0936422787448987
mp-1046,NbSn2,96.935,96.753,96.844,1.9860727190395353
mp-1047,Ca3N2,71.598,70.364,70.981,1.8511421135156971
mp-1048,TiNi,152.412,141.091,146.751,2.166581069326822
mp-1050,Ni3S4,119.054,119.054,119.054,2.0757439914985154
mp-1052,NaAu2,71.011,71.011,71.011,1.8513256285679671
mp-1053,NdZn,52.019,52.019,52.019,1.7161619991736512
mp-1055,CdSe,59.102,59.102,59.102,1.7716021775693636
mp-1056,Tb2O3,141.499,141.499,141.499,2.15075337063051
mp-1057,Al3Ni2,131.505,130.976,131.24,2.11806622171401
mp-1059,NdCd,48.816,48.816,48.816,1.6885621902983319
mp-1065,LaSb,49.747,49.747,49.747,1.696766895680132
mp-1067,LiAl,48.228,48.228,48.228,1.6832992522396597
mp-1068,CuS2,53.369,53.369,53.369,1.727289065300296
mp-1069,HfSi2,134.107,129.882,131.995,2.1205574803457217
mp-1070,CdSe,44.38,44.379,44.379,1.6471775119704626
mp-1073,CaCd,31.367,31.367,31.367,1.4964729839273
mp-1076,KB6,133.72,133.72,133.72,2.126196367920531
mp-1077,B2Ru,286.044,280.642,283.343,2.4523124878477267
mp-1078,CaCd2,39.934,39.878,39.906,1.6010381982177941
mp-1081,V3S4,98.374,95.719,97.046,1.9869776395314065
mp-1082,VIr3,319.895,319.895,319.895,2.5050074520585377
mp-1084,ZrB12,233.379,233.379,233.379,2.3680617746123693
mp-1085,UOs2,491.593,491.593,491.593,2.6916056901562033
mp-1086,TaC,323.894,323.894,323.894,2.5104029029622406
mp-1087,SrS,48.468,48.468,48.468,1.6854550992176132
mp-1089,TiIr3,294.735,294.735,294.735,2.4694317117043774
mp-1090,FeSe,78.719,78.423,78.571,1.8952622805945343
mp-1093,ThGe,86.356,86.356,86.356,1.936292517657562
mp-1096,CeS,87.161,87.161,87.161,1.9403222042725952
mp-1097,TaB,286.236,286.033,286.134,2.456569466106769
mp-1099,NiGe,139.543,134.577,137.06,2.136910727481376
mp-1101,TmAs,79.857,79.857,79.857,1.902312990958266
mp-1102,LuN,178.449,178.449,178.449,2.2515141185808427
mp-1104,LaMg,33.855,33.855,33.855,1.5296228181334433
mp-1105,BaO2,65.763,64.558,65.16,1.8139810756364718
mp-1108,TaB2,304.206,302.122,303.164,2.481677628590631
mp-1113,BW2,329.553,329.552,329.552,2.5179239516500744
mp-1114,VP,179.138,159.512,169.325,2.2287210842783987
mp-1118,SiNi2,196.062,186.739,191.4,2.281941933440825
mp-1120,Mo3Ir,282.393,282.393,282.393,2.450853927156495
mp-1121,GaCo,173.828,173.828,173.828,2.2401197333673197
mp-1123,HgS,50.248,50.248,50.248,1.7011187803960166
mp-1124,MgZn2,63.358,63.182,63.27,1.8011978344591488
mp-1125,Li2S,40.219,40.212,40.216,1.6043988722200189
mp-1127,SmPt2,156.601,156.601,156.601,2.194794530985624
mp-1128,SiIr,225.979,204.02,215.0,2.3324384599156054
mp-1129,ScIr,166.725,166.725,166.725,2.2220007260906907
mp-1132,CdO,127.369,127.369,127.369,2.105063739088943
mp-1135,NbPd3,197.633,197.618,197.625,2.2958418829402656
mp-1136,Na3As,22.244,22.231,22.238,1.3470957258946687
mp-1138,LiF,69.649,69.649,69.649,1.8429148853314163
mp-1139,Co3Mo,289.004,277.285,283.145,2.452008896912284
mp-1140,NdCu5,102.286,101.477,101.881,2.008093199074759
mp-1143,Al2O3,232.111,229.896,231.003,2.3636176200435965
mp-1145,TiB2,256.596,251.843,254.22,2.4052097143846334
mp-1146,ThS2,90.983,89.936,90.46,1.9564565834098997
mp-1147,Ti3O5,180.358,161.153,170.755,2.2323734294289257
mp-1150,URh3,214.274,214.274,214.274,2.330969476960791
mp-1152,TiRh3,228.591,228.591,228.591,2.359059127514726
mp-1153,Li2S,40.49,40.49,40.49,1.6073477767684134
mp-1156,GaSb,44.793,44.793,44.793,1.651210150183348
mp-1157,TaNi2,213.605,212.751,213.178,2.3287423834145877
mp-1158,LuPd3,134.504,134.504,134.504,2.1287351999673967
mp-1159,Zr2Fe,123.415,122.622,123.018,2.089968662079499
mp-1164,ThC,97.603,97.603,97.603,1.989463166677166
mp-1167,CF4,4.682,4.595,4.638,0.6663307443019685
mp-1168,HfTe5,19.029,4.517,11.773,1.0708871440185408
mp-1169,ScCu,86.854,86.854,86.854,1.9387898243711974
mp-1170,SnS2,25.276,2.249,13.762,1.1386815535103736
mp-1172,MgRh,115.355,115.355,115.355,2.0620364235241966
mp-1174,MgSc,49.321,49.321,49.321,1.6930318734808543
mp-1176,TbTe,63.35,63.35,63.35,1.8017466192194602
mp-1179,DyNi5,152.237,151.884,152.06,2.1820149861507345
mp-1185,VRh3,251.212,251.212,251.212,2.400040381121319
mp-1186,ZrS2,30.289,7.834,19.062,1.2801684652107912
mp-1187,ThIr2,203.203,203.203,203.203,2.3079301153925313
mp-1189,PrAl2,73.605,73.605,73.605,1.8669073170365968
mp-1190,ZnSe,56.491,56.491,56.491,1.751979262656985
mp-1194,CdPt,140.028,139.754,139.891,2.1457897747057837
mp-1199,HoMg,41.356,41.356,41.356,1.6165385266541688
mp-1201,Sb2Te3,24.104,14.084,19.094,1.280896918228884
mp-1203,TiO,196.379,194.754,195.566,2.2912933530288933
mp-1208,ErAl2,82.064,82.064,82.064,1.9141526817216783
mp-1209,RbAu5,77.848,66.143,71.996,1.8573083682898193
mp-1210,ThCd2,66.817,65.977,66.397,1.8221484571861017
mp-1211,ScCd,67.024,67.024,67.024,1.8262303430171443
mp-1214,VS,134.456,125.26,129.858,2.1134687098284934
mp-1215,Ti2O,183.434,182.945,183.19,2.262901762654138
mp-1219,BaGa2,36.155,35.684,35.919,1.555324237223348
mp-1220,Be5Au,138.173,138.173,138.173,2.1404231870569608
mp-1221,V3Ge,184.157,184.157,184.157,2.265188231491744
mp-1222,CrSi2,194.848,194.31,194.579,2.2890959670923965
mp-1224,HgO,26.433,18.351,22.392,1.350092885458106
mp-1229,CuF2,78.134,55.759,66.947,1.8257311203676334
mp-1231,Cr3Ga,217.363,217.363,217.363,2.337185619495474
mp-1232,Mo3Pt,265.997,265.997,265.997,2.4248767385453798
mp-1235,TiIr,227.391,227.38,227.385,2.3567618120135743
mp-1236,NdAg,55.86,55.86,55.86,1.7471009313649863
mp-1239,Sb3Ir,98.2,98.2,98.2,1.9921114877869497
mp-1240,HoS,99.911,99.911,99.911,1.9996133058066536
mp-1245,Sr2N,26.387,22.953,24.67,1.3921691494897361
mp-1247,Sb2Ir,118.882,115.916,117.399,2.0696643976242743
mp-1249,MgF2,92.741,91.679,92.21,1.964778022022376
mp-1250,Lu2In,58.681,58.072,58.376,1.766234333244611
mp-1251,VRh,232.571,232.556,232.563,2.3665406210802344
mp-1252,ZrBe2,118.573,118.186,118.38,2.073278335635835
mp-1253,BaSe,35.501,35.501,35.501,1.55024058653017
mp-1256,HoGa2,78.746,69.712,74.229,1.8705736098534087
mp-1259,YbAl3,59.791,59.791,59.791,1.7766358170235972
mp-1260,SrPd5,107.367,105.234,106.301,2.0265373500589425
mp-1261,EuZn,37.377,37.377,37.377,1.572604440549203
mp-1264,CdAu3,113.161,113.161,113.161,2.0536967766478287
mp-1265,MgO,151.45,151.45,151.45,2.1802692776688746
mp-1266,Na2Se,23.909,23.909,23.909,1.3785614120185763
mp-1269,SmS,90.438,90.438,90.438,1.9563509495317035
mp-1272,Cr3Ru,265.536,265.536,265.536,2.4241234088128603
mp-1274,CoS,165.159,165.063,165.111,2.217776007727743
mp-1275,SiMo3,251.363,251.363,251.363,2.4003013510013993
mp-1278,Zr2Si,127.313,127.272,127.293,2.1048045219179117
mp-1279,TaN,306.824,305.785,306.305,2.486154086113417
mp-1280,ErTe,65.928,65.928,65.928,1.819069901132168
mp-1281,VIr,273.227,273.187,273.207,2.4364918224707957
mp-1282,VC,306.705,306.705,306.705,2.4867208560434877
mp-1285,PtO2,212.055,206.553,209.304,2.3207775282016962
mp-1291,ErIn3,55.358,55.358,55.358,1.7431803913357315
mp-1296,ErB6,174.535,174.535,174.535,2.24188253033637
mp-1299,SiPt2,208.362,203.855,206.108,2.3140948490738587
mp-1306,ThAl3,85.62,85.571,85.595,1.9324483962679107
mp-1307,LiGa,42.172,42.172,42.172,1.6250241978459552
mp-1315,MgS,74.305,74.305,74.305,1.8710180385162745
mp-1317,CoSb3,84.037,84.037,84.037,1.9244705403224327
mp-1319,ZrTe,90.212,86.694,88.453,1.9467125671649161
mp-1321,CdSb,39.225,38.881,39.053,1.5916544014246259
mp-1327,NdMg,37.564,37.564,37.564,1.574771831875029
mp-1329,LaTe2,52.645,52.508,52.576,1.7207875417549676
mp-1330,AlN,252.764,252.764,252.764,2.402715219473174
mp-1331,YCd2,57.592,53.307,55.449,1.7438937182327345
mp-1332,Si3Mo5,241.254,240.291,240.773,2.3816077840456957
mp-1334,Y2C,61.497,56.983,59.24,1.7726150498491708
mp-1335,VFe,195.793,195.793,195.793,2.291797160829137
mp-1336,PdO,162.329,149.115,155.722,2.1923499728998745
mp-1339,NbIr3,313.146,313.146,313.146,2.495746868571184
mp-1340,Ga2Se3,28.319,27.418,27.869,1.4451213855675014
mp-1341,Te2Rh3,148.742,143.488,146.115,2.1646948024013453
mp-1342,BaO,68.281,68.281,68.281,1.8342998728894109
mp-1343,NdNi2,108.469,108.469,108.469,2.035305636317179
mp-1345,CaP,52.802,52.748,52.775,1.722428241979694
mp-1346,B6O,231.913,225.466,228.689,2.359245275432318
mp-1347,Th3P4,108.466,108.466,108.466,2.035293624576835
mp-1349,SrPt2,117.262,117.262,117.262,2.0691572971620698
mp-1352,ZrN,247.481,247.481,247.481,2.3935418622114044
mp-1356,Sb2Pd,87.651,87.651,87.651,1.942756875272991
mp-1357,P3Rh,149.168,149.168,149.168,2.1736756668767683
mp-1358,DyIr2,198.438,198.438,198.438,2.297624841256
mp-1359,NbIr,259.362,258.274,258.818,2.412994476899419
mp-1361,IrSe2,106.232,105.488,105.86,2.024731889655249
mp-1364,YNi,78.142,75.054,76.598,1.8842174302030572
mp-1367,Mg2Si,54.228,54.228,54.228,1.7342235873788265
mp-1368,Zn8Cu5,105.749,105.749,105.749,2.024276269224051
mp-1371,Sn3Pd,65.413,63.204,64.308,1.8082650030912368
mp-1373,Nb3Ge,171.519,171.519,171.519,2.234312235971235
mp-1377,ThCu2,97.108,91.933,94.521,1.9755283076723982
mp-1378,LiC,42.525,39.013,40.769,1.6103300590163425
mp-1380,Zn3Ru,135.478,135.432,135.455,2.131795040615637
mp-1385,CeZn2,54.805,44.585,49.695,1.6963126949376413
mp-1388,DyRh2,154.129,154.129,154.129,2.1878843606849596
mp-1391,Ag2F,83.558,73.254,78.406,1.8943492982352808
mp-1393,Sn4Au,53.109,53.095,53.102,1.7251108783810285
mp-1394,Rb2O,22.839,22.839,22.839,1.358677084512974
mp-1395,VRu,230.974,230.974,230.974,2.363563095511026
mp-1397,Rb2Te,11.781,11.453,11.617,1.0650939893571525
mp-1399,AlAu,109.101,75.774,92.438,1.965850540459601
mp-1400,HfW2,222.256,222.256,222.256,2.346853493969444
mp-1401,ZrZn2,103.307,103.307,103.307,2.014129749964683
mp-1402,SmNi2,110.17,110.17,110.17,2.0420633494321563
mp-1403,Sm2S3,77.351,76.568,76.96,1.8862650590297565
mp-1404,CdAu,90.997,87.326,89.162,1.9501798016119467
mp-1405,TbGe,80.97,80.447,80.709,1.906921966350309
mp-1406,MnTe,46.537,46.537,46.537,1.6677983831312033
mp-1407,Rh3Se8,74.681,74.321,74.501,1.8721621021653023
mp-1408,MgHg,45.593,45.593,45.593,1.658898169534276
mp-1409,TiNi3,189.934,189.843,189.888,2.278497520300729
mp-1410,DyN,163.58,163.58,163.58,2.2137302038548414
mp-1412,Ti3Sb,119.611,119.611,119.611,2.077771121288055
mp-1413,P2Ru,190.476,183.797,187.136,2.27215734226971
mp-1415,CaSe,47.761,47.761,47.761,1.679073411294163
mp-1416,NbF4,54.661,12.136,33.398,1.5237204603753218
mp-1418,FeNi3,199.381,199.381,199.381,2.299683769881799
mp-1423,HoC2,123.038,111.633,117.335,2.069427577670364
mp-1424,GePd,123.401,122.084,122.742,2.0889931955479395
mp-1425,TiCr2,198.812,198.812,198.812,2.2984425942287965
mp-1427,Lu2O3,156.458,156.458,156.458,2.1943977743663825
mp-1431,MnSi,203.381,203.381,203.381,2.3083103783773886
mp-1432,Be2B,144.862,144.862,144.862,2.1609544768813187
mp-1437,LiCd,35.162,35.162,35.162,1.546073569594591
mp-1438,ZrIr3,267.921,267.921,267.921,2.4280067555144598
mp-1439,TiO2,205.237,202.351,203.794,2.3091913935798782
mp-1441,CsO2,18.464,18.296,18.38,1.2643455070500924
mp-1444,CaCd2,38.106,33.644,35.875,1.5547919097420488
mp-1447,SmSe,76.17,76.17,76.17,1.8817839555933846
mp-1451,NbNi3,205.155,205.002,205.078,2.3119190733811994
mp-1453,NdSe,73.49,73.49,73.49,1.8662282473796472
mp-1458,Nb3Ir,218.977,218.977,218.977,2.340398501608862
mp-1459,TaN,338.756,337.201,337.979,2.528889716646143
mp-1463,LaIr2,174.499,174.499,174.499,2.2417929424944747
mp-1471,Zr3Al,100.33,100.33,100.33,2.001430812246398
mp-1472,ZrB2,238.244,237.283,237.763,2.376144271871977
mp-1474,Re3P4,185.566,182.02,183.793,2.264328966684124
mp-1476,ScS,99.417,99.417,99.417,1.997460653762713
mp-1477,BaSi2,31.859,31.084,31.472,1.4979243425752615
mp-1479,BP,162.017,162.017,162.017,2.2095605862638625
mp-1481,SnTe,42.065,42.065,42.065,1.6239208932516294
mp-1482,Zr2Al3,107.693,107.688,107.69,2.032175376961363
mp-1483,SiRh,221.514,221.514,221.514,2.3454011794557315
mp-1487,AlNi,157.34,157.34,157.34,2.196839145833112
mp-1490,AlAu4,127.118,127.118,127.118,2.1042070513186064
mp-1491,VB2,286.989,280.61,283.799,2.4530108608351724
mp-1495,ErIr2,202.819,202.819,202.819,2.30710863709444
mp-1497,TaN,299.972,278.098,289.035,2.4609504357894445
mp-1500,BaS,41.171,41.171,41.171,1.6145914156787486
mp-1501,Al3Pt5,200.313,199.585,199.949,2.3009192364486957
mp-1502,Al2Pt,129.675,129.675,129.675,2.112856256665623
mp-1505,TmMg,43.263,43.263,43.263,1.6361166315679718
mp-1509,Sn2S3,20.346,13.344,16.845,1.226471015317139
mp-1514,UB2,212.025,209.669,210.847,2.323967426111069
mp-1515,ZrSi2,127.944,124.147,126.046,2.1005290681362925
mp-1518,CeRh3,171.204,171.204,171.204,2.23351390728993
mp-1519,CaTe,37.042,37.042,37.042,1.5686944274028403
mp-1521,Sb7Mo3,107.671,107.671,107.671,2.0320987466041713
mp-1522,FeS2,162.931,161.196,162.063,2.2096838740094915
mp-1523,ZrP2,127.03,125.851,126.441,2.101887921941067
mp-1526,TiHg,104.447,104.382,104.414,2.018758733485324
mp-1527,TbCu2,84.942,83.304,84.123,1.9249147521290442
mp-1529,LuIr,147.522,147.522,147.522,2.1688567916100143
mp-1533,Nd3Tl,41.606,41.606,41.606,1.619155964737166
mp-1534,YS,93.243,93.243,93.243,1.9696162380626747
mp-1535,TbSi2,86.506,85.152,85.829,1.9336340525574092
mp-1539,ZrTe,97.022,91.25,94.136,1.9737557404456714
mp-1540,HoTl,55.065,55.065,55.065,1.740875643559668
mp-1541,BeSe,74.87,74.87,74.87,1.874307833128039
mp-1542,YB2,163.076,163.072,163.074,2.2123847240284147
mp-1543,Ge2Pt,118.286,101.889,110.087,2.041736036849998
mp-1545,Nb3Rh,201.402,201.402,201.402,2.3040637789517158
mp-1546,DyMg3,41.005,41.005,41.005,1.6128368162322582
mp-1547,NiS,120.382,119.958,120.17,2.07979606117236
mp-1548,PrMg,37.078,37.078,37.078,1.5691163001113653
mp-1549,TbPt3,169.757,169.757,169.757,2.2298276916340907
mp-1550,AlP,82.769,82.769,82.769,1.9178677081636246
mp-1551,Te2Ir,92.632,82.092,87.362,1.9413225678860893
mp-1552,Mo2C,295.279,295.143,295.211,2.4701325359094604
mp-1553,HoNi5,149.715,149.196,149.455,2.1745104488907625
mp-1555,V3Sb,171.734,171.734,171.734,2.2348562855546046
mp-1557,Mg3Au,57.64,57.631,57.636,1.760693832686587
mp-1558,SrPd2,80.634,80.634,80.634,1.906518204321726
mp-1559,Mg3N2,110.105,110.105,110.105,2.0418070412524436
mp-1560,LaTe,54.332,54.332,54.332,1.7350556920202278
mp-1561,TbSe,80.122,80.122,80.122,1.9037517815866272
mp-1562,ThBe13,117.752,117.752,117.752,2.070968292289998
mp-1563,CaSi,53.805,53.338,53.572,1.7289378601632293
mp-1565,ZrO2,235.389,235.389,235.389,2.371786163898571
mp-1566,SmFe5,98.078,86.161,92.119,1.9643492148236834
mp-1567,ThNi5,155.39,152.777,154.083,2.1877547255875855
mp-1569,Be2C,200.504,200.504,200.504,2.3021230410988416
mp-1571,PrPd3,111.571,111.571,111.571,2.047551325635197
mp-1572,GaSe,24.268,4.002,14.135,1.1502958128255383
mp-1573,Sn2Pd,82.435,82.303,82.369,1.9157637934679848
mp-1575,CaC2,59.067,57.287,58.177,1.764751322324621
mp-1578,V3Rh,216.564,216.564,216.564,2.335586264381791
mp-1579,ErC2,126.138,114.765,120.452,2.0808140154738615
mp-1580,NbN,304.766,304.766,304.766,2.483966515042859
mp-1581,As2O3,12.917,6.971,9.944,0.9975611156335884
mp-1585,V3Co,208.895,208.895,208.895,2.3199280450621806
mp-1589,TiCr2,199.502,199.313,199.407,2.2997403997530363
mp-1590,Be12Cr,190.833,167.791,179.312,2.2536093545894813
mp-1591,Al4C3,159.538,159.226,159.382,2.2024392722540345
mp-1592,Ag2Te,54.182,51.636,52.909,1.7235295532805723
mp-1594,Ni2Ge,174.857,172.448,173.653,2.2396822905099625
mp-1595,Nb2O5,140.923,130.195,135.559,2.132128356446812
mp-1597,UO2,206.152,206.152,206.152,2.314187552500222
mp-1598,Na3P,24.791,24.772,24.781,1.39411882769457
mp-1601,TaRu,253.387,253.237,253.312,2.403655763854265
mp-1602,SiS2,11.254,0.926,6.09,0.7846172926328754
mp-1603,TmGa3,76.098,76.098,76.098,1.8813732428365677
mp-1604,Pt3O4,213.174,213.174,213.174,2.328734234383141
mp-1606,NbAu2,176.908,176.797,176.852,2.247609975567521
mp-1607,YbCu5,99.13,96.902,98.016,1.9912969751264786
mp-1608,ZrHg3,82.284,82.284,82.284,1.9153153955129998
mp-1609,Cr3Ir,275.177,275.177,275.177,2.4396121316328205
mp-1610,TbS,96.236,96.236,96.236,1.9833375634794446
mp-1620,Si2W,220.031,218.855,219.443,2.341321731866523
mp-1623,ErS,99.884,99.884,99.884,1.9994959259815053
mp-1627,Mo2S3,100.699,95.927,98.313,1.9926109487067265
mp-1630,Zr3Hg,105.27,105.27,105.27,2.0223046229350685
mp-1635,TbMg,40.716,40.716,40.716,1.6097651056927427
mp-1637,Re2P,299.675,293.604,296.64,2.472229712464403
mp-1638,SrAl2,47.886,47.886,47.886,1.6802085611921103
mp-1640,Ho2C,62.508,57.912,60.21,1.779668627207148
mp-1641,CrSb,73.93,73.76,73.845,1.8683210948284368
mp-1648,Al12Re,98.031,98.031,98.031,1.9913634328355103
mp-1649,Fe3Pt,193.551,192.861,193.206,2.2860206092763176
mp-1652,ZnPd,140.597,140.493,140.545,2.1478153998471594
mp-1655,UIr2,239.465,239.465,239.465,2.3792420462781627
mp-1664,V3Pd,194.62,194.62,194.62,2.2891874682207343
mp-1666,Th2S5,96.76,96.589,96.675,1.9853141807451031
mp-1667,Co2Ge,210.062,207.295,208.679,2.319478746894872
mp-1670,MnPt,167.004,165.351,166.177,2.220570914368019
mp-1672,CaS,56.852,56.852,56.852,1.7547457473647483
mp-1674,PrSe,71.671,71.671,71.671,1.8553434640684257
mp-1677,Be2Mo,197.618,197.577,197.598,2.295782544536227
mp-1681,La3Sn,44.031,44.031,44.031,1.643758548951467
mp-1682,ZrAs,118.518,117.456,117.987,2.0718341586681035
mp-1683,ZrSe3,24.495,5.821,15.158,1.180641902729832
mp-1684,ZnAu,114.545,114.545,114.545,2.0589761365651174
mp-1687,BaPd2,73.421,73.421,73.421,1.8658202953344667
mp-1688,ErAs,79.218,79.218,79.218,1.8988238736662513
mp-1689,HfRe2,262.427,262.427,262.427,2.4190085157180055
mp-1690,TaS2,40.649,2.757,21.703,1.3365197704104161
mp-1692,CuO,152.093,136.637,144.365,2.1594619151913297
mp-1696,CdPd,111.885,111.826,111.855,2.048655402146333
mp-1697,TbPt2,163.153,163.153,163.153,2.21259506385155
mp-1698,SrSn,32.773,32.695,32.734,1.5149990780786806
mp-1699,AlCr2,184.35,182.359,183.355,2.263292757453435
mp-1700,AlN,194.648,194.648,194.648,2.2892499457196
mp-1702,LaRh2,131.545,131.545,131.545,2.119074345286202
mp-1704,Tb2Tl,52.731,52.267,52.499,1.7201510310513266
mp-1705,Sb2O5,126.623,124.45,125.537,2.0987717459570905
mp-1708,YTe,61.724,61.724,61.724,1.7904540625893903
mp-1709,U2Ti,131.1,130.331,130.716,2.1163287496801795
mp-1711,Er3Ge4,78.392,78.095,78.243,1.8934454938560756
mp-1714,FeSi2,182.946,181.164,182.055,2.2602026109963584
mp-1716,Rh2O3,233.769,232.476,233.122,2.367583260340628
mp-1719,PuN,159.157,158.251,158.704,2.2005878729176422
mp-1720,SmRu2,157.736,157.736,157.736,2.197930823430834
mp-1722,Zn13Fe,84.104,82.593,83.349,1.9209003936410827
mp-1723,UAl3,88.376,88.376,88.376,1.9463343410004275
mp-1725,CaZn2,45.128,44.757,44.942,1.6526523954003471
mp-1727,SrSi2,54.075,50.978,52.527,1.7203825974402471
mp-1729,SmFe2,91.755,91.497,91.626,1.9620187275358087
mp-1730,BaGe,30.709,29.902,30.305,1.4815142883460288
mp-1734,CaZn5,60.234,59.132,59.683,1.7758506450728575
mp-1738,SmAs,72.532,72.532,72.532,1.8605296528786557
mp-1743,Mo5As4,152.718,152.337,152.527,2.183346728358863
mp-1745,Sm2O3,136.616,130.192,133.404,2.1251688517085925
mp-1746,MgF2,104.298,104.298,104.298,2.0182759805522097
mp-1747,K2Te,13.039,13.039,13.039,1.1152442853272548
mp-1748,NdS,86.452,86.452,86.452,1.9367750447923204
mp-1751,ThSb,79.402,79.402,79.402,1.8998314416969273
mp-1752,HoSi2,88.836,86.972,87.904,1.944008637740468
mp-1753,ThAs,100.068,100.068,100.068,2.0002952198843054
mp-1754,UHg2,72.63,72.241,72.435,1.8599484644560276
mp-1755,ZnAu3,127.165,126.937,127.051,2.1039780876687395
mp-1756,ThB6,195.95,195.95,195.95,2.292145267814121
mp-1762,ErRh2,160.655,160.655,160.655,2.2058942464677935
mp-1766,TmS,102.797,102.797,102.797,2.0119804405108423
mp-1767,Tm2O3,150.148,150.148,150.148,2.176519551688189
mp-1769,SbPd,104.839,104.807,104.823,2.0204565849105687
mp-1773,ReB2,343.065,332.401,337.733,2.528573497762156
mp-1774,ErB2,171.53,171.485,171.507,2.2342818503224215
mp-1775,SnAu,73.078,72.651,72.865,1.8625189692378288
mp-1776,UN2,256.399,256.399,256.399,2.4089163270272445
mp-1777,Li15Ge4,28.204,28.204,28.204,1.450310706005005
mp-1778,BeO,207.897,207.897,207.897,2.3178482224106123
mp-1779,YbTe,39.676,39.676,39.676,1.5985278815896797
mp-1780,ScRh,138.583,138.583,138.583,2.141709958565751
mp-1782,ScSe,81.738,81.738,81.738,1.9124240070042726
mp-1783,MnS,51.147,51.147,51.147,1.7088201654840551
mp-1784,CsF,21.461,21.461,21.461,1.3316499545527432
mp-1785,PrSb,54.454,54.454,54.454,1.7360297870141546
mp-1786,Ti3Au,137.742,137.742,137.742,2.1390663846073226
mp-1787,NdMg3,38.838,38.838,38.838,1.589256857401574
mp-1791,Al5Rh2,131.338,131.023,131.181,2.1178709372294295
mp-1793,Zr3Te,105.458,105.446,105.452,2.02305482097192
mp-1794,BeO,243.273,243.273,243.273,2.3860939108145094
mp-1795,NbF3,93.987,93.987,93.987,1.9730677874432756
mp-1798,CeMg3,45.536,45.536,45.536,1.6583548784041904
mp-1799,TaCo2,247.841,247.841,247.841,2.3941731527295502
mp-1811,HgTe,45.79,45.79,45.79,1.6607706435276974
mp-1814,BaAg5,54.035,50.515,52.275,1.7182940414897094
mp-1818,SiF4,7.258,7.258,7.258,0.8608169638645377
mp-1819,SbO2,94.874,70.217,82.545,1.9166907718668378
mp-1820,YbS,62.187,62.187,62.187,1.7936996062608332
mp-1821,WSe2,42.737,3.679,23.208,1.3656377157946076
mp-1822,TiAs,118.951,118.279,118.615,2.0741396131876537
mp-1823,Ti3Al,114.065,113.856,113.96,2.0567524405674393
mp-1825,Cu2Sb,79.518,78.978,79.248,1.898988310638381
mp-1827,SrGa4,48.223,47.873,48.048,1.681675314854906
mp-1831,SrAu5,90.714,90.319,90.516,1.956725353763569
mp-1832,LaPt5,178.934,177.725,178.329,2.251221974223323
mp-1834,NdAl4,71.469,70.447,70.958,1.8510013661077092
mp-1836,TlSe,20.913,19.876,20.394,1.3095024149667034
mp-1837,TbCu,71.128,71.128,71.128,1.8520405972374918
mp-1840,TiO2,191.071,190.642,190.856,2.280705817551724
mp-1841,SiIr3,298.9,297.877,298.389,2.474782808990459
mp-1842,NbAl3,126.235,126.075,126.155,2.1009044679283226
mp-1848,Te2Ru,110.797,110.797,110.797,2.044528001357354
mp-1849,Mn2P,193.835,193.262,193.549,2.286790931813053
mp-1851,SnPd2,132.711,128.405,130.558,2.1158034885634573
mp-1852,UF5,21.797,6.771,14.284,1.1548498415207444
mp-1854,EuPd2,91.067,91.067,91.067,1.9593610299446167
mp-1857,YbCd,31.809,31.809,31.809,1.5025500161269034
mp-1860,LaSi,69.413,69.356,69.385,1.8412655926257824
mp-1865,UN,206.53,206.53,206.53,2.3149831450391236
mp-1866,KO2,24.338,24.153,24.246,1.3846401008262916
mp-1867,Ta2Ni,229.195,226.871,228.033,2.357997700863783
mp-1868,VS,148.103,145.892,146.997,2.167308471505043
mp-1869,GaPd2,152.126,148.83,150.478,2.1774730103816635
mp-1871,Fe2C,223.515,220.961,222.238,2.346818320038284
mp-1873,ZnF2,97.037,92.627,94.832,1.9769549098949428
mp-1874,NbS2,19.647,1.777,10.712,1.0298705640039525
mp-1876,SnS,53.469,53.469,53.469,1.728102061816012
mp-1877,HoAl3,76.786,76.786,76.786,1.8852820445498473
mp-1878,HfBe13,125.555,125.555,125.555,2.0988340123828437
mp-1880,SbF3,15.82,10.713,13.266,1.1227399929623576
mp-1882,CaCu5,91.186,89.373,90.279,1.9555867398509261
mp-1883,SnTe,38.189,38.189,38.189,1.5819382862819857
mp-1885,AlIr,229.406,229.406,229.406,2.360604772470283
mp-1890,BMo,311.15,311.108,311.129,2.4929404931176884
mp-1891,SmAl4,72.37,71.651,72.01,1.8573928109209012
mp-1894,WC,381.324,379.092,380.208,2.5800212506654128
mp-1898,CeSi2,90.102,88.065,89.084,1.9497997092480146
mp-1901,NaO2,33.083,32.286,32.685,1.514348489301937
mp-1903,BaAl4,51.06,50.415,50.737,1.705324784486743
mp-1907,TiTe2,25.135,16.234,20.685,1.315655525231531
mp-1909,LaMg2,33.099,33.099,33.099,1.5198148728983056
mp-1910,CeNi5,150.812,141.882,146.347,2.1653838241609984
mp-1911,CeSn3,58.694,58.694,58.694,1.7685937077199438
mp-1912,ZnAg,89.933,89.933,89.933,1.9539190809227955
mp-1913,ErPt3,177.756,177.756,177.756,2.2498242688837347
mp-1914,YGa2,76.824,70.562,73.693,1.8674262367633332
mp-1915,Fe2B,221.379,220.353,220.866,2.3441288659444877
mp-1918,FeRh,198.729,198.729,198.729,2.2982612471852377
mp-1921,ThTe,83.002,83.002,83.002,1.9190885571772671
mp-1922,RuSe2,137.146,137.146,137.146,2.1371831454931502
mp-1924,TbSi,90.723,90.714,90.719,1.9576982543257766
mp-1925,ZrS,132.151,132.151,132.151,2.121070453830489
mp-1929,NdB6,174.362,174.362,174.362,2.2414518419009473
mp-1932,Nb3Os,232.709,232.709,232.709,2.3668131799122256
mp-1933,Cu3N,116.742,116.742,116.742,2.067227129281864
mp-1934,LiZn,41.652,41.652,41.652,1.6196358597190368
mp-1935,BaMg2,21.706,21.696,21.701,1.336479746957996
mp-1936,TaAs,177.321,174.228,175.774,2.2449546358594623
mp-1937,YbCu,39.004,37.992,38.498,1.5854381681701801
mp-1938,Al2O3,231.637,231.591,231.614,2.3647648069508445
mp-1939,ErNi2,123.362,123.362,123.362,2.0911814017406267
mp-1941,GaNi,152.55,152.55,152.55,2.183412211978426
mp-1943,GaSe,24.88,6.699,15.789,1.1983546247369399
mp-1944,CoP3,143.928,143.928,143.928,2.158145290549385
mp-1948,LaAg,48.529,48.529,48.529,1.6860013422331412
mp-1949,TiMn2,193.082,170.864,181.973,2.2600069549033193
mp-1953,TiAl,113.507,113.46,113.483,2.0549308081444724
mp-1955,ErCu,73.462,73.462,73.462,1.866062747820057
mp-1956,TmGa2,76.467,75.576,76.021,1.8809335781271939
mp-1958,SrTe,32.317,32.317,32.317,1.509431038243717
mp-1959,PuO2,196.245,196.245,196.245,2.29279860044877
mp-1960,Li2O,78.6,78.6,78.6,1.8954225460394079
mp-1961,TiAg,101.124,95.717,98.421,1.9930877733405694
mp-1963,NbRh,227.641,226.817,227.229,2.356463757216159
mp-1968,La2O3,120.45,111.594,116.022,2.064540347612162
mp-1969,NbSb2,97.015,95.427,96.221,1.9832698661003756
mp-1971,HoCu,73.432,73.432,73.432,1.865885356849177
mp-1973,NbGa3,123.195,122.75,122.973,2.0898097680394434
mp-1975,TmN,172.542,172.542,172.542,2.2368948278036913
mp-1977,NdSn3,56.558,56.558,56.558,1.752494043569587
mp-1979,HoPd3,127.535,127.535,127.535,2.1056293865027715
mp-1982,Al21Pt8,133.252,132.069,132.661,2.122743266691025
mp-1984,TaS2,52.607,10.07,31.338,1.4960712762206372
mp-1985,C3N4,408.432,408.082,408.257,2.610933639912835
mp-1986,ZnO,129.269,129.269,129.269,2.1114943892028495
mp-1989,Ta5Si3,215.425,215.235,215.33,2.3331045403985895
mp-1990,Mg3As2,49.199,49.199,49.199,1.6919562755540367
mp-1994,HfB2,253.066,251.541,252.303,2.4019224145116285
mp-1995,PrC2,101.112,93.85,97.481,1.9889199757061038
mp-1996,NdIr3,191.377,191.377,191.377,2.2818897423577877
mp-1999,Sb2O3,12.83,12.83,12.83,1.1082266563749286
mp-2000,CuSe2,70.59,68.671,69.631,1.8428026323056008
mp-2001,LaTl3,44.459,44.459,44.459,1.647959690046146
mp-2006,V3Ir,239.084,239.084,239.084,2.378550513195589
mp-2008,FeAs2,138.71,133.236,135.973,2.133452679582434
mp-2011,UP,99.646,99.646,99.646,1.9984598698925613
mp-2012,LiHg,32.253,32.253,32.253,1.508570116579046
mp-2014,DyP,87.469,87.469,87.469,1.9418541614291753
mp-2016,PrNi2,98.368,98.368,98.368,1.9928538414836323
mp-2018,AlFe3,171.541,171.541,171.541,2.2343679374731007
mp-2025,HfBe5,130.988,130.924,130.956,2.1171254012507235
mp-2027,HfCo,123.98,123.98,123.98,2.0933516320155547
mp-2028,Be2Nb,156.483,156.483,156.483,2.1944671635616024
mp-2030,RuS2,172.042,172.042,172.042,2.2356344826144134
mp-2031,Be2Cu,135.017,135.017,135.017,2.1303884539866758
mp-2033,Ni3N,201.934,201.925,201.929,2.305198694553102
mp-2034,W2C,335.391,334.552,334.971,2.5250072097677605
mp-2039,ScMn2,173.388,172.995,173.191,2.2385253198297494
mp-2050,HoSb,61.329,61.329,61.329,1.7876658833566177
mp-2051,LaCu2,69.447,65.173,67.31,1.828079590556746
mp-2052,ScAs,85.701,85.701,85.701,1.93298588950719
mp-2053,Nb3Sb,173.865,173.865,173.865,2.2402121648853033
mp-2056,Ni3Se2,105.914,104.596,105.255,2.0222427355844967
mp-2057,DyB2,167.705,167.698,167.701,2.22453565230905
mp-2058,Ni3B,219.908,216.019,217.964,2.338384769327444
mp-2059,NbAs,163.264,159.255,161.259,2.2075239623228873
mp-2061,ThTl3,58.019,58.019,58.019,1.7635702391473662
mp-2062,LaSi2,79.783,78.484,79.133,1.8983576305164476
mp-2063,Pr2O3,126.182,117.127,121.654,2.085126393162998
mp-2065,MnS,60.757,59.996,60.377,1.7808715300879754
mp-2068,RhF3,58.372,51.945,55.159,1.7416163840734527
mp-2070,CoS2,127.327,127.327,127.327,2.1049205066203895
mp-2071,Zn3P2,64.529,64.499,64.514,1.8096539698753271
mp-2074,Li3Sb,32.535,32.535,32.535,1.5123508110698745
mp-2075,Si3N4,294.14,294.14,294.14,2.4685540880841907
mp-2076,ZrSe2,24.254,7.51,15.882,1.2009051916849918
mp-2077,DyMg,41.646,41.646,41.646,1.619573294786003
mp-2078,TiCu,127.975,127.512,127.744,2.1063405109352393
mp-2079,Rb2P3,14.76,14.575,14.668,1.166370901288565
mp-2082,PIr2,275.878,275.878,275.878,2.440717068875146
mp-2083,Sn2Ir,110.242,110.242,110.242,2.042347083564683
mp-2088,CeAl2,74.275,74.275,74.275,1.8708426604757018
mp-2089,ZrTe3,25.91,13.907,19.908,1.2990276320719856
mp-2090,FeCo,189.836,189.836,189.836,2.2783785743652594
mp-2091,V3B2,258.072,257.131,257.602,2.4109492305262528
mp-2093,Pr3Al,42.665,42.665,42.665,1.6300717499686574
mp-2097,SnO,40.401,19.109,29.755,1.4735599546008133
mp-2098,CeOs2,192.391,192.391,192.391,2.2841847519961886
mp-2102,PrGe,70.379,70.212,70.295,1.8469244352668395
mp-2103,CuAu3,135.617,135.617,135.617,2.1323141330666786
mp-2105,Hf3Si2,144.852,142.554,143.703,2.1574658347302305
mp-2108,Ti5Si3,140.588,138.995,139.791,2.1454792116374346
mp-2114,YN,159.077,159.077,159.077,2.2016073921220203
mp-2117,TbN,157.952,157.952,157.952,2.198525129345091
mp-2119,TbC2,119.294,109.523,114.409,2.058460189637039
mp-2120,HoAg2,76.511,75.496,76.004,1.8808364492836074
mp-2123,Nb3Au2,174.054,174.037,174.046,2.2406640465925007
mp-2125,TeO2,25.492,18.627,22.059,1.3435858206914029
mp-2126,HfIr3,278.691,278.691,278.691,2.4451229439072435
mp-2128,Sn4Pd,56.66,56.332,56.496,1.7520177002190218
mp-2129,NdGe2,66.605,66.048,66.327,1.8216903544081267
mp-2130,LuNi2,72.926,72.922,72.924,1.8628704823949414
mp-2131,SrN6,42.672,35.64,39.156,1.5927983198354998
mp-2133,ZnO,128.255,128.079,128.167,2.107776218920823
mp-2134,ErAl3,76.715,76.715,76.715,1.8848802893767334
mp-2137,Mg2Ni,72.885,69.237,71.061,1.8516313147692127
mp-2142,Te2Os,130.119,130.119,130.119,2.114340716951111
mp-2145,ErSi2,89.124,86.761,87.942,1.9441963382348688
mp-2150,BaTe2,28.367,28.237,28.302,1.4518171266293454
mp-2151,Mg17Al12,49.768,49.768,49.768,1.6969501883346132
mp-2152,YNi5,147.648,147.055,147.351,2.168353087542634
mp-2154,CeP,69.44,69.44,69.44,1.8416097121684354
mp-2156,TiS2,31.136,4.869,18.003,1.2553448814857588
mp-2159,DyTe,64.339,64.339,64.339,1.8084743065215474
mp-2163,HoRh,113.966,113.966,113.966,2.05677530559286
mp-2167,DyAg,66.847,66.847,66.847,1.8250819215055414
mp-2168,SnSe,30.818,23.393,27.105,1.433049411616613
mp-2170,Li2Pt,71.575,62.361,66.968,1.8258673289207414
mp-2172,AlAs,67.291,67.291,67.291,1.827956982326332
mp-2173,P2O5,50.952,29.838,40.395,1.6063276124671917
mp-2176,ZnTe,42.833,42.833,42.833,1.6317784932109056
mp-2179,TiRe,228.62,228.62,228.62,2.3591142204149063
mp-2180,HfSb2,84.523,84.207,84.365,1.9261623108500554
mp-2182,SnAs,64.044,64.044,64.044,1.8064784488512122
mp-2183,ThSe,101.246,101.246,101.246,2.005377874234922
mp-2187,TiSb,91.263,89.002,90.133,1.95488382642832
mp-2189,CrSe,47.744,47.473,47.608,1.6776799372567381
mp-2191,ErSb,58.352,58.352,58.352,1.7660557459697062
mp-2192,BPt,260.187,259.785,259.986,2.4149499622537096
mp-2199,Fe3Si,210.833,210.833,210.833,2.323938588496058
mp-2201,PbSe,46.512,46.512,46.512,1.6675650144263525
mp-2203,YB6,172.001,172.001,172.001,2.235530971868127
mp-2204,Nd3Te4,53.979,53.979,53.979,1.7322248346757647
mp-2205,LuPd,102.592,102.592,102.592,2.011113496338032
mp-2207,NbSe2,35.13,7.248,21.189,1.3261104609708299
mp-2210,ZrCu,105.385,105.385,105.385,2.022778799863035
mp-2211,V3Pt,219.134,219.134,219.134,2.340709766272737
mp-2212,ScCo,119.727,119.727,119.727,2.078192100521152
mp-2213,FeNi,185.282,184.521,184.902,2.2669416087484984
mp-2214,TmMg2,44.234,44.234,44.234,1.6457562136038415
mp-2215,ThHg2,79.33,75.85,77.59,1.8898057518680855
mp-2221,Zr2Ag,97.936,97.936,97.936,1.9909423621551123
mp-2222,MnHg,69.323,69.323,69.323,1.8408773488378072
mp-2225,Be2Fe,154.36,154.324,154.342,2.1884841236406167
mp-2226,DyPd,91.251,91.251,91.251,1.9602376324940163
mp-2228,ErMg,42.316,42.316,42.316,1.6265046084593118
mp-2229,ZnO,166.374,166.374,166.374,2.221085458139909
mp-2231,SnS,25.545,21.128,23.336,1.3680264161136761
mp-2233,Th2Ag,72.085,71.871,71.978,1.8571997750616671
mp-2234,Er2S3,69.616,69.104,69.36,1.841109084468154
mp-2237,TeO2,148.041,145.025,146.533,2.1659354410996343
mp-2242,GeS,25.968,16.795,21.382,1.330048325210463
mp-2243,NbS,179.891,176.403,178.147,2.250778513218519
mp-2245,Si3N4,222.077,221.976,222.026,2.346403834790089
mp-2247,AgN3,33.882,14.681,24.282,1.3852844547752103
mp-2250,ZrNi2,166.427,166.427,166.427,2.2212237846938283
mp-2251,Li3N,51.992,51.977,51.984,1.7158696940009075
mp-2252,ScB2,192.353,189.907,191.13,2.281328859801704
mp-2254,Al2O3,202.002,201.171,201.586,2.304460367387219
mp-2258,Cu3Au,104.875,104.875,104.875,2.0206719738367567
mp-2260,FePt,200.398,200.383,200.39,2.3018760452731546
mp-2263,ScIr2,216.325,216.325,216.325,2.3351067123870703
mp-2264,ErGe,80.876,80.329,80.602,1.9063458182094015
mp-2267,HoB2,168.396,168.389,168.393,2.2263240341674355
mp-2268,TbAg,65.884,65.884,65.884,1.8187799585182405
mp-2273,Ag3Sb,75.93,74.265,75.098,1.875628371084997
mp-2275,UF6,4.721,4.714,4.717,0.6736658762457018
mp-2280,CuSe2,74.484,74.484,74.484,1.8720629914330218
mp-2281,SmSb,55.79,55.79,55.79,1.7465563614103692
mp-2283,ZrCo,128.339,128.339,128.339,2.108358651004931
mp-2284,AgF2,34.761,25.914,30.338,1.481986946998056
mp-2285,Te2Ir,55.937,41.616,48.777,1.6882150857786258
mp-2286,Li2Se,33.677,33.677,33.677,1.527333396916821
mp-2287,SiRh,197.122,171.834,184.478,2.2659445816154538
mp-2291,Si2Ni,141.692,141.692,141.692,2.1513453304596317
mp-2292,La2O3,114.974,114.974,114.974,2.060599640934742
mp-2293,MnSe,53.225,53.225,53.225,1.7261156701103602
mp-2294,Al3Ir,150.878,150.405,150.642,2.1779460729618605
mp-2296,Ni3P,199.927,199.91,199.918,2.300851898413969
mp-2297,NdC2,105.814,97.651,101.733,2.007461851577619
mp-2301,NiP3,125.545,125.545,125.545,2.0987994210262424
mp-2302,AsRh2,189.638,189.638,189.638,2.2779253664236325
mp-2303,DyZn,59.752,59.752,59.752,1.7763524464306704
mp-2305,MoC,351.796,347.205,349.501,2.543448422696466
mp-2306,LaMg3,37.949,37.949,37.949,1.5792003362208553
mp-2310,CdO2,105.752,105.752,105.752,2.0242885895766336
mp-2311,NbO,242.599,242.599,242.599,2.3848890063599977
mp-2313,MgIn,39.005,38.835,38.92,1.5901728315963144
mp-2316,TmZn,63.975,63.975,63.975,1.8060102945592231
mp-2317,LaNi5,121.263,107.241,114.252,2.0578638112045695
mp-2318,Nb2C,223.243,223.233,223.238,2.3487681229968596
mp-2322,YAl2,79.891,79.891,79.891,1.902497857280319
mp-2327,TiZn16,79.484,79.107,79.295,1.8992458034478699
mp-2330,Nb2Se3,70.762,66.195,68.479,1.8355574097057077
mp-2331,B2Mo,301.811,298.487,300.149,2.4773369007646715
mp-2333,NdPd3,115.77,115.77,115.77,2.0635960332910592
mp-2334,DyCu,71.228,71.228,71.228,1.852650750028155
mp-2337,HfCo2,183.341,183.341,183.341,2.26325959580046
mp-2338,TbZn2,66.11,65.727,65.918,1.8190040220789185
mp-2339,Ti3Pt,157.855,157.855,157.855,2.1982583425666515
mp-2340,Na2O2,49.935,49.798,49.866,1.6978045326940079
mp-2341,Li3N,65.204,65.153,65.179,1.8141076930758355
mp-2343,Mg2Sn,40.919,40.919,40.919,1.611925011653304
mp-2345,Dy2O3,143.814,143.814,143.814,2.157801165788124
mp-2347,NiAs,117.422,116.018,116.72,2.0671452788853952
mp-2348,Zr2Au,119.277,119.127,119.202,2.0762835421632535
mp-2349,YCd3,56.024,55.043,55.533,1.7445511355336676
mp-2350,LaS,83.314,83.314,83.314,1.9207179859430326
mp-2351,TmPt3,179.331,179.331,179.331,2.253655370238268
mp-2352,Na2O,45.868,45.868,45.868,1.6615098038359233
mp-2354,Ti3Hg,118.442,118.442,118.442,2.0735057322332215
mp-2360,CaGe,48.146,47.996,48.071,1.6818831566608843
mp-2361,Hf5Al3,112.605,111.147,111.876,2.0487369302684684
mp-2364,PaO2,206.71,206.71,206.71,2.3153614869793353
mp-2367,LaC2,95.627,88.975,92.301,1.9652064062494148
mp-2369,SnPd,98.784,96.37,97.577,1.989347461619309
mp-2370,PrNi5,139.794,139.056,139.425,2.1443406531635985
mp-2371,Ga2Te5,14.601,12.486,13.543,1.1317148784650681
mp-2379,CoSi2,173.636,173.636,173.636,2.2396397725713104
mp-2381,ErRh,114.582,114.582,114.582,2.059116398480737
mp-2384,LaP,71.271,71.271,71.271,1.8529128524048548
mp-2385,TaCr2,242.207,242.207,242.207,2.3841866904892903
mp-2388,CdTe,46.602,46.602,46.602,1.6684045555381781
mp-2391,YbPd3,107.848,107.848,107.848,2.0328120956878215
mp-2393,YTl3,46.531,46.531,46.531,1.667742386077543
mp-2399,YHg,65.407,65.407,65.407,1.8156242299556207
mp-2402,NaSi,20.825,15.097,17.961,1.2543305128653472
mp-2403,YPt3,169.488,169.488,169.488,2.2291389549386844
mp-2404,CaAl2,55.933,55.929,55.931,1.7476525842236437
mp-2408,Ga3Pd5,145.55,144.438,144.994,2.1613500310570073
mp-2410,SrAg5,61.358,60.271,60.814,1.784003569779971
mp-2413,Ce3Al,43.376,43.376,43.376,1.6372495002364102
mp-2417,DyIr3,212.008,212.008,212.008,2.326352249090558
mp-2422,ErGa2,79.266,69.455,74.361,1.8713452214920303
mp-2424,LaZn5,70.22,69.843,70.032,1.8452965292690389
mp-2426,LiAg,41.392,41.392,41.392,1.6169164113724683
mp-2430,ZrGe2,109.059,107.299,108.179,2.0341429625332115
mp-2431,ErTl3,47.25,47.25,47.25,1.6744018128452818
mp-2432,CaMg2,30.093,30.092,30.093,1.4784654851312637
mp-2434,SrTl,25.126,25.126,25.126,1.4001233554370809
mp-2435,HoCo5,425.921,328.361,377.141,2.5765037482789963
mp-2444,GaRh,179.773,179.773,179.773,2.254724465864818
mp-2449,NbRh3,248.556,248.556,248.556,2.3954242512225146
mp-2450,CaSn,37.582,37.541,37.561,1.5747371461260398
mp-2451,YAl3,73.368,70.185,71.776,1.8559792519028737
mp-2455,As2Os,169.071,163.741,166.406,2.221168981329186
mp-2459,YbIn,35.186,35.186,35.186,1.5463698983593055
mp-2460,Er2O3,154.868,151.04,152.954,2.18456083898799
mp-2462,PrCu5,100.176,99.436,99.806,1.9991566503912277
mp-2465,DyPt3,172.498,172.498,172.498,2.236784064081762
mp-2466,ErAu2,104.91,102.711,103.81,2.0162391910426387
mp-2469,CdS,53.24,53.24,53.24,1.7262380468026375
mp-2470,DyS,96.9,96.9,96.9,1.9863237770507653
mp-2472,SrO,84.99,84.99,84.99,1.9293678292400995
mp-2474,YAg,65.962,65.962,65.962,1.8192938151925486
mp-2478,NbSi2,176.333,174.074,175.204,2.2435440171180043
mp-2481,Mg2Cu,56.446,56.389,56.418,1.7514176864921722
mp-2484,SmSn3,57.389,57.389,57.389,1.7588286572567047
mp-2486,UC2,178.279,168.457,173.368,2.2389689391267855
mp-2488,SiOs,209.102,209.102,209.102,2.320358186738331
mp-2489,UC,178.518,178.518,178.518,2.251682012641776
mp-2490,GaP,76.335,76.335,76.335,1.882723709928976
mp-2491,ErSe,83.657,83.657,83.657,1.9225022864123547
mp-2493,CeN,143.06,143.06,143.06,2.1555182207084114
mp-2495,PrS,84.639,84.639,84.639,1.9275705235823266
mp-2499,BaSi,32.544,31.48,32.012,1.505312808221921
mp-2500,AlCu,113.146,112.011,112.579,2.051457386654875
mp-2501,BMo2,293.334,293.319,293.327,2.4673520405166003
mp-2507,GaS,28.129,8.416,18.273,1.2618098542210836
mp-2509,ThRh3,170.311,170.311,170.311,2.231242698960969
mp-2512,AsPd5,152.119,151.478,151.799,2.1812689105850716
mp-2513,As2Pt,136.486,136.486,136.486,2.1350881060685762
mp-2515,CrPt3,231.851,231.851,231.851,2.3652089733978587
mp-2516,YZn,60.055,60.055,60.055,1.7785491713061496
mp-2517,Ca2Si,37.604,35.806,36.705,1.5647252284074704
mp-2520,TmSb,62.342,62.342,62.342,1.794780730809461
mp-2524,NdGa2,72.327,68.027,70.177,1.8461947986001934
mp-2525,PrAg,54.408,54.408,54.408,1.7356627618381235
mp-2529,PrRh2,138.487,138.487,138.487,2.1414090073842362
mp-2530,Li2Te,26.076,26.076,26.076,1.4162409723681493
mp-2532,PrTe,57.203,57.203,57.203,1.7574188058783455
mp-2533,NbO2,235.078,233.943,234.511,2.3701632185959136
mp-2534,GaAs,60.742,60.742,60.742,1.7834890874614695
mp-2536,Ni2B,241.879,234.359,238.119,2.3767940500287423
mp-2540,VTc,254.937,254.937,254.937,2.406432870893761
mp-2542,BeO,208.037,208.037,208.037,2.318140582399277
mp-2548,PuAs,71.138,71.138,71.138,1.852101651105966
mp-2552,TeO3,98.368,80.101,89.234,1.950530361090801
mp-2553,HfBe2,127.608,127.393,127.5,2.1055101847699738
mp-2554,Al3V,122.056,121.981,122.019,2.0864274614344254
mp-2556,TlSn,35.941,35.727,35.834,1.5542952893541386
mp-2557,Zr2Al,104.007,103.768,103.887,2.0165612050981006
mp-2558,SmMg,36.23,36.23,36.23,1.5590683340345368
mp-2560,Ti3Hg,115.477,115.477,115.477,2.0624954927323276
mp-2562,MnS,60.471,60.311,60.391,1.7809722210454124
mp-2563,CeSe,93.807,93.807,93.807,1.9722352472057578
mp-2564,SrMg,19.806,19.806,19.806,1.2967967747139553
mp-2567,V3Si,192.13,192.13,192.13,2.283595182754537
mp-2568,YSi2,86.185,84.618,85.401,1.93146295607471
mp-2572,SrMg2,25.649,25.631,25.64,1.4089180208467798
mp-2573,NpAl3,95.504,95.504,95.504,1.9800215615475991
mp-2574,ZrO2,174.726,159.965,167.345,2.223612740865596
mp-2577,Mn3Rh,238.125,238.125,238.125,2.3768049930196944
mp-2578,NiTe2,66.605,49.041,57.823,1.762100620189131
mp-2580,NbB,264.021,263.746,263.884,2.421413058570312
mp-2582,TiSi2,143.895,140.374,142.135,2.1527010338403127
mp-2583,TiRh,188.005,186.997,187.501,2.273003588294798
mp-2589,MgO2,129.089,129.089,129.089,2.1108892365124663
mp-2592,Si2Mo,206.298,205.194,205.746,2.313331400653133
mp-2596,NpN,151.141,151.141,151.141,2.179382291330514
mp-2597,InTe,39.529,39.529,39.529,1.596915827751136
mp-2598,Ta5Sb4,105.63,105.555,105.592,2.023631015854363
mp-2600,BaTe,31.625,31.625,31.625,1.5000305341838744
mp-2602,NdAs,71.185,71.185,71.185,1.8523884893737297
mp-2604,MgTe2,37.266,37.266,37.266,1.5713127796291944
mp-2605,CaO,105.841,105.841,105.841,2.0246539344714916
mp-2606,BaPd5,100.65,98.008,99.329,1.9970760632109028
mp-2611,BaGe2,39.827,39.289,39.558,1.5972343261273463
mp-2612,GeTe,48.853,48.853,48.853,1.6888912383401693
mp-2614,HfAl3,106.578,106.428,106.503,2.0273618412498324
mp-2615,LaZn,49.02,49.02,49.02,1.6903733069160591
mp-2616,NpO2,192.353,192.353,192.353,2.28409896409376
mp-2618,DyAg2,75.033,74.074,74.554,1.8724709493493743
mp-2619,FeSb,111.658,110.286,110.972,2.045213413205793
mp-2620,DySi,91.139,91.129,91.134,1.9596804324901471
mp-2621,ErAg,69.968,69.968,69.968,1.8448994600007818
mp-2624,AlSb,49.576,49.576,49.576,1.6952714831416225
mp-2627,DyAs,76.57,76.57,76.57,1.8840586470939384
mp-2633,GeO2,229.91,229.91,229.91,2.3615578614405224
mp-2634,NbN,313.598,311.533,312.566,2.4949417349900873
mp-2636,GdMg,216.967,216.967,216.967,2.3363936840432196
mp-2637,YSe,78.292,78.292,78.292,1.8937173874301432
mp-2639,Na3N,21.088,21.088,21.088,1.324035392913916
mp-2640,TbAs,76.698,76.698,76.698,1.8847840393037594
mp-2642,CdAg,73.469,73.469,73.469,1.8661041286229594
mp-2643,Ti3Cu4,132.628,132.587,132.608,2.1225697250570827
mp-2644,CoSb,148.363,148.083,148.223,2.1709155990418028
mp-2645,YbNi5,133.132,128.879,131.006,2.1172911865505673
mp-2646,Mg3Sb2,42.467,42.271,42.369,1.627048213833253
mp-2647,Al2Au,104.282,104.282,104.282,2.0182093518080912
mp-2652,Y2O3,138.413,138.413,138.413,2.141176881761803
mp-2653,BN,373.495,373.476,373.485,2.5722731642557184
mp-2654,Al2S3,32.905,32.246,32.575,1.5128844243846222
mp-2657,TiO2,213.77,203.306,208.538,2.319185204089667
mp-2658,AlFe,170.575,170.575,170.575,2.2319153799519436
mp-2659,LiN3,40.22,31.578,35.899,1.5550823510705005
mp-2661,SrSi,44.39,43.899,44.145,1.6448815211552923
mp-2662,MnP,181.129,165.947,173.538,2.239394587964416
mp-2663,Nb3Pt,203.6,203.6,203.6,2.3087777736647213
mp-2664,TiO,224.438,224.438,224.438,2.351096389986713
mp-2665,PrRu2,151.337,151.337,151.337,2.179945120563494
mp-2666,CrSb2,82.381,82.266,82.324,1.9155264639861973
mp-2667,CsAu,10.059,10.059,10.059,1.0025548081484825
mp-2672,K2O2,32.623,32.202,32.413,1.5107192292163927
mp-2674,YPt2,162.277,162.277,162.277,2.210256970344288
mp-2676,TaBe2,167.518,167.518,167.518,2.224061479317164
mp-2677,ScPd3,143.721,143.721,143.721,2.157520230331742
mp-2678,VPt,241.792,241.55,241.671,2.383224539130845
mp-2680,LaB6,181.75,181.75,181.75,2.2594744195310756
mp-2682,Sb2Rh,105.335,102.829,104.082,2.0173756288707714
mp-2684,TbGa2,77.324,69.712,73.518,1.8663936838952155
mp-2685,HgPd,114.758,114.733,114.745,2.0597337702901735
mp-2686,Ca2N,36.255,31.492,33.874,1.529866483191915
mp-2688,HoGa3,69.38,69.38,69.38,1.841234295506041
mp-2689,ThFe5,118.298,117.406,117.852,2.071336957090242
mp-2691,CdSe,44.641,44.641,44.641,1.6497339146395933
mp-2693,SnSe,48.326,48.326,48.326,1.6841808495601558
mp-2694,LaAl2,64.416,64.416,64.416,1.8089937532085605
mp-2695,Sb2Os,131.353,126.374,128.863,2.1101282377373156
mp-2696,MgAg,63.271,63.271,63.271,1.8012046985503432
mp-2697,SrO2,74.826,67.468,71.147,1.852156592250041
mp-2698,YCu2,87.063,82.599,84.831,1.9285545865575064
mp-2699,CaSi2,63.664,60.769,62.216,1.793902085947068
mp-2700,CaSi2,62.004,61.424,61.714,1.7903836961733997
mp-2701,NbN,314.397,314.394,314.396,2.4974770119571335
mp-2705,VPt3,247.752,247.739,247.745,2.3940048982962767
mp-2706,SnF4,57.156,16.567,36.861,1.5665671129934966
mp-2713,ErIr,140.411,140.411,140.411,2.1474011323818787
mp-2715,CoAs2,123.383,120.208,121.796,2.0856330255180935
mp-2716,TiNi,151.294,150.499,150.897,2.1786806056046353
mp-2720,NdPt2,151.763,151.763,151.763,2.181165902952879
mp-2721,Ce2O3,123.783,118.183,120.983,2.082724349449658
mp-2723,IrO2,276.282,262.587,269.435,2.430454010538982
mp-2724,TbSb,59.906,59.906,59.906,1.7774703221621708
mp-2725,TbIr2,196.495,196.495,196.495,2.2933515038206727
mp-2728,MnIr,265.336,265.335,265.335,2.423794540989853
mp-2729,Sn7Os3,119.38,119.38,119.38,2.0769315745556556
mp-2730,HgTe,34.16,34.16,34.16,1.5335178620169674
mp-2731,TiGa3,97.951,97.561,97.756,1.9901434227116108
mp-2732,PRh2,223.688,223.688,223.688,2.349642686494619
mp-2733,Al8Mo3,142.942,142.559,142.751,2.15457915925036
mp-2738,DyNi,80.253,76.341,78.297,1.8937451221038464
mp-2739,TeO2,31.837,31.099,31.468,1.4978691414970933
mp-2741,CaF2,80.16,80.16,80.16,1.9039577085231705
mp-2743,LiPd,72.655,72.655,72.655,1.8612655071087711
mp-2744,LiPd,81.566,78.058,79.812,1.9020681938817754
mp-2746,MoC,333.899,333.899,333.899,2.5236151183801203
mp-2747,TbPd3,126.101,126.101,126.101,2.1007185306076566
mp-2748,CeAs,62.335,62.335,62.335,1.794731963813519
mp-2749,TiBe2,124.06,124.06,124.06,2.0936317768289476
mp-2750,Cr2Te3,42.865,41.222,42.043,1.62369369776916
mp-2752,Nb3Au,184.705,184.705,184.705,2.2664786520348175
